id_cliente,nombre,apellidos,email,pais,ciudad,edad,genero
1,Carlos,Sánchez Ramos,carlos.sanchez@gmail.com,España,Barcelona,29,M
2,María,Pérez Díaz,maria.perez@outlook.com,Argentina,Rosario,18,M
3,Marta,Álvarez Torres,marta.alvarez@yahoo.com,Reino Unido,Manchester,30,F
4,Javier,Ramos Torres,javier.ramos@live.com,Italia,Nápoles,44,M
5,Javier,Ruiz Sánchez,javier.ruiz@live.com,España,Sevilla,40,M
6,Ana,Ruiz García,ana.ruiz@outlook.com,España,Barcelona,39,M
7,Carlos,Vázquez Martínez,carlos.vazquez@hotmail.com,España,Valencia,32,F
8,Álvaro,Álvarez Ruiz,alvaro.alvarez@hotmail.com,México,Guadalajara,22,M
9,Lucía,Ramos García,lucia.ramos@icloud.com,Italia,Roma,40,F
10,Sofía,Moreno Ramos,sofia.moreno@icloud.com,Portugal,Lisboa,26,M
11,Alberto,Gil Martínez,alberto.gil@live.com,España,Sevilla,56,F
12,Juan,Ruiz Sánchez,juan.ruiz@outlook.com,Argentina,Rosario,40,F
13,María,Muñoz Fernández,maria.munoz@live.com,México,CDMX,29,M
14,Lucía,Fernández Domínguez,lucia.fernandez@yahoo.com,España,Barcelona,28,F
15,Laura,Álvarez García,laura.alvarez@outlook.com,España,Valencia,34,M
16,Javier,Vázquez Muñoz,javier.vazquez@hotmail.com,España,Bilbao,32,M
17,Cristina,Vázquez Gil,cristina.vazquez@yahoo.com,España,Bilbao,46,F
18,Andrés,Torres Domínguez,andres.torres@gmail.com,Alemania,Hamburgo,36,M
19,María,Gómez Ruiz,maria.gomez@outlook.com,Francia,Lyon,27,M
20,Álvaro,Moreno Torres,alvaro.moreno@outlook.com,España,Madrid,53,M
21,Laura,Vázquez Torres,laura.vazquez@icloud.com,Italia,Roma,35,M
22,Álvaro,Vázquez Jiménez,alvaro.vazquez@icloud.com,España,Bilbao,42,F
23,Alberto,Torres Gil,alberto.torres@live.com,España,Madrid,28,M
24,Javier,Ruiz Álvarez,javier.ruiz@hotmail.com,España,Bilbao,38,F
25,Patricia,Hernández Jiménez,patricia.hernandez@outlook.com,Francia,Marsella,38,F
26,Sofía,Ramos Moreno,sofia.ramos@outlook.com,Reino Unido,Manchester,18,M
27,Marta,Moreno Jiménez,marta.moreno@gmail.com,España,Valencia,55,M
28,María,Muñoz Jiménez,maria.munoz1@live.com,Alemania,Múnich,47,F
29,David,Pérez Díaz,david.perez@gmail.com,Italia,Roma,31,M
30,Alberto,Sánchez Moreno,alberto.sanchez@live.com,España,Sevilla,23,M
31,Elena,Díaz Muñoz,elena.diaz@yahoo.com,Italia,Nápoles,38,M
32,Marta,Romero Muñoz,marta.romero@outlook.com,España,Valencia,35,F
33,Ana,Gómez Gil,ana.gomez@icloud.com,España,Sevilla,38,F
34,Laura,Sánchez Martínez,laura.sanchez@yahoo.com,Argentina,Rosario,36,M
35,Elena,Fernández Moreno,elena.fernandez@live.com,Argentina,Córdoba,40,M
36,Carlos,Domínguez Jiménez,carlos.dominguez@hotmail.com,Reino Unido,Londres,49,F
37,Lucía,Muñoz Sánchez,lucia.munoz@yahoo.com,España,Bilbao,40,F
38,Raquel,Jiménez García,raquel.jimenez@hotmail.com,España,Valencia,24,F
39,Carlos,Vázquez Romero,carlos.vazquez@outlook.com,Portugal,Oporto,48,F
40,Pablo,Gil Muñoz,pablo.gil@live.com,Francia,Marsella,51,M
41,Pablo,Martínez Pérez,pablo.martinez@yahoo.com,España,Valencia,66,F
42,Andrés,Gómez García,andres.gomez@outlook.com,Alemania,Múnich,23,M
43,Marta,Muñoz Gil,marta.munoz@outlook.com,España,Barcelona,37,M
44,Juan,García Sánchez,juan.garcia@yahoo.com,México,CDMX,18,F
45,Patricia,López Domínguez,patricia.lopez@outlook.com,España,Barcelona,40,M
46,Álvaro,Pérez Ruiz,alvaro.perez@hotmail.com,Portugal,Oporto,29,Otro/NA
47,Carlos,Torres Díaz,carlos.torres@hotmail.com,España,Bilbao,54,M
48,Raquel,Gil Moreno,raquel.gil@outlook.com,Alemania,Berlín,27,F
49,Lucía,Álvarez Romero,lucia.alvarez@gmail.com,Alemania,Hamburgo,18,F
50,Álvaro,López Gil,alvaro.lopez@gmail.com,España,Bilbao,30,M
51,Sergio,López Torres,sergio.lopez@hotmail.com,Argentina,Rosario,18,F
52,Andrés,Ruiz Domínguez,andres.ruiz@icloud.com,Reino Unido,Londres,42,M
53,Pablo,Díaz Álvarez,pablo.diaz@outlook.com,Argentina,Buenos Aires,18,F
54,Sofía,Moreno Fernández,sofia.moreno1@icloud.com,México,Guadalajara,35,M
55,Laura,López García,laura.lopez@live.com,Italia,Nápoles,18,F
56,Lucía,Gil Jiménez,lucia.gil@live.com,Argentina,Córdoba,31,M
57,Juan,Martínez García,juan.martinez@icloud.com,España,Barcelona,51,M
58,Javier,Muñoz Moreno,javier.munoz@outlook.com,España,Madrid,38,M
59,Sergio,Muñoz Martínez,sergio.munoz@icloud.com,España,Barcelona,26,M
60,Lucía,Gil Jiménez,lucia.gil@icloud.com,España,Bilbao,34,F
61,Javier,Domínguez Romero,javier.dominguez@hotmail.com,España,Valencia,35,F
62,Carlos,Hernández Díaz,carlos.hernandez@yahoo.com,España,Bilbao,39,F
63,Raquel,Gil Gil,raquel.gil@icloud.com,México,CDMX,21,M
64,Marta,Martínez Torres,marta.martinez@live.com,España,Valencia,40,F
65,Patricia,Gómez Muñoz,patricia.gomez@gmail.com,España,Madrid,18,M
66,Pablo,Torres Gil,pablo.torres@hotmail.com,Alemania,Berlín,28,F
67,David,Romero López,david.romero@gmail.com,España,Valencia,30,Otro/NA
68,Pablo,García Moreno,pablo.garcia@gmail.com,Reino Unido,Londres,41,M
69,Pablo,Fernández Álvarez,pablo.fernandez@live.com,España,Sevilla,35,M
70,Laura,Domínguez Torres,laura.dominguez@icloud.com,Argentina,Córdoba,20,M
71,Marta,Hernández Sánchez,marta.hernandez@live.com,Reino Unido,Londres,25,F
72,Lucía,Fernández Muñoz,lucia.fernandez1@yahoo.com,España,Valencia,36,F
73,Andrés,Martínez Hernández,andres.martinez@outlook.com,España,Valencia,34,F
74,David,Gil Gil,david.gil@hotmail.com,Reino Unido,Manchester,29,M
75,Álvaro,Domínguez Fernández,alvaro.dominguez@live.com,Portugal,Lisboa,30,F
76,Javier,Domínguez Pérez,javier.dominguez@outlook.com,Reino Unido,Manchester,41,F
77,David,Díaz Domínguez,david.diaz@icloud.com,Reino Unido,Manchester,29,M
78,Patricia,Gil Ramos,patricia.gil@outlook.com,España,Barcelona,34,F
79,Raquel,Gómez Domínguez,raquel.gomez@yahoo.com,España,Madrid,56,M
80,Marta,Martínez Martínez,marta.martinez@hotmail.com,España,Barcelona,20,M
81,Álvaro,Moreno Pérez,alvaro.moreno@yahoo.com,México,Monterrey,18,F
82,Javier,Díaz Torres,javier.diaz@gmail.com,Italia,Roma,42,M
83,Elena,García López,elena.garcia@live.com,España,Valencia,28,F
84,Juan,Gómez Hernández,juan.gomez@outlook.com,España,Bilbao,31,F
85,Javier,López Vázquez,javier.lopez@icloud.com,España,Barcelona,27,M
86,Juan,Ruiz Romero,juan.ruiz@icloud.com,España,Sevilla,32,F
87,Elena,Muñoz Gómez,elena.munoz@gmail.com,Reino Unido,Manchester,50,F
88,Raquel,Moreno Romero,raquel.moreno@outlook.com,Italia,Nápoles,43,M
89,Marta,Muñoz Sánchez,marta.munoz@hotmail.com,México,Monterrey,43,M
90,Lucía,Muñoz Torres,lucia.munoz1@yahoo.com,Francia,París,20,M
91,Laura,Ramos Vázquez,laura.ramos@gmail.com,España,Barcelona,23,M
92,Sofía,Fernández Díaz,sofia.fernandez@hotmail.com,Portugal,Oporto,18,M
93,Elena,Domínguez Díaz,elena.dominguez@icloud.com,Reino Unido,Manchester,26,M
94,Laura,García Fernández,laura.garcia@hotmail.com,Italia,Milán,44,M
95,Diego,López Gómez,diego.lopez@live.com,Reino Unido,Londres,40,F
96,Raquel,López López,raquel.lopez@outlook.com,Alemania,Berlín,32,M
97,Patricia,Vázquez Sánchez,patricia.vazquez@gmail.com,Alemania,Hamburgo,34,F
98,Ana,Hernández Álvarez,ana.hernandez@yahoo.com,Francia,Lyon,28,F
99,Marta,Vázquez García,marta.vazquez@hotmail.com,España,Barcelona,37,F
100,Ana,Ramos Gómez,ana.ramos@live.com,España,Madrid,42,M
101,Javier,Moreno Jiménez,javier.moreno@hotmail.com,España,Valencia,18,F
102,Álvaro,Moreno Muñoz,alvaro.moreno@hotmail.com,Italia,Roma,37,F
103,Álvaro,Ruiz Ruiz,alvaro.ruiz@hotmail.com,España,Madrid,44,F
104,Marta,Díaz Díaz,marta.diaz@yahoo.com,Alemania,Múnich,30,M
105,Sofía,Gil Ruiz,sofia.gil@live.com,México,CDMX,42,M
106,Alberto,Fernández Torres,alberto.fernandez@hotmail.com,España,Sevilla,63,F
107,Sofía,Romero Sánchez,sofia.romero@hotmail.com,Francia,Lyon,33,M
108,Raquel,Muñoz Pérez,raquel.munoz@gmail.com,Reino Unido,Londres,38,M
109,Pablo,Ramos Vázquez,pablo.ramos@outlook.com,España,Bilbao,27,M
110,Javier,García Torres,javier.garcia@hotmail.com,España,Bilbao,36,F
111,Ana,Ruiz López,ana.ruiz@gmail.com,España,Sevilla,39,Otro/NA
112,Cristina,Gómez Jiménez,cristina.gomez@icloud.com,España,Bilbao,36,M
113,Diego,Álvarez Díaz,diego.alvarez@yahoo.com,Argentina,Buenos Aires,24,F
114,Lucía,Domínguez Ramos,lucia.dominguez@yahoo.com,Reino Unido,Londres,37,F
115,Juan,Sánchez Gil,juan.sanchez@yahoo.com,Italia,Milán,49,F
116,Carlos,Vázquez López,carlos.vazquez@icloud.com,México,CDMX,39,F
117,Ana,López Jiménez,ana.lopez@icloud.com,Reino Unido,Manchester,44,F
118,David,Domínguez Muñoz,david.dominguez@icloud.com,España,Valencia,32,F
119,Alberto,Hernández Muñoz,alberto.hernandez@hotmail.com,México,CDMX,42,M
120,Andrés,Jiménez Vázquez,andres.jimenez@yahoo.com,Alemania,Berlín,37,F
121,Lucía,Sánchez Álvarez,lucia.sanchez@hotmail.com,Reino Unido,Manchester,25,M
122,Raquel,Domínguez Díaz,raquel.dominguez@icloud.com,México,Guadalajara,38,M
123,Raquel,Ruiz Díaz,raquel.ruiz@icloud.com,España,Barcelona,25,F
124,Andrés,Vázquez Ruiz,andres.vazquez@yahoo.com,España,Barcelona,28,F
125,Patricia,Ramos Sánchez,patricia.ramos@live.com,España,Valencia,36,F
126,Cristina,Ruiz Hernández,cristina.ruiz@icloud.com,Francia,Marsella,37,M
127,Marta,Romero López,marta.romero@yahoo.com,Reino Unido,Manchester,23,M
128,Álvaro,Muñoz Sánchez,alvaro.munoz@live.com,México,Guadalajara,45,F
129,María,Ramos López,maria.ramos@outlook.com,España,Madrid,40,M
130,Carlos,Torres Jiménez,carlos.torres@live.com,Alemania,Múnich,27,F
131,Álvaro,Díaz Ramos,alvaro.diaz@outlook.com,Francia,Marsella,19,M
132,Marta,Jiménez Fernández,marta.jimenez@outlook.com,España,Bilbao,33,M
133,Elena,Romero Sánchez,elena.romero@yahoo.com,España,Sevilla,30,Otro/NA
134,Carlos,Romero Ramos,carlos.romero@outlook.com,España,Sevilla,36,M
135,Sergio,Ramos Moreno,sergio.ramos@outlook.com,Argentina,Rosario,31,M
136,Alberto,García Pérez,alberto.garcia@hotmail.com,España,Sevilla,18,M
137,David,Torres Jiménez,david.torres@outlook.com,Alemania,Múnich,31,F
138,Patricia,Sánchez Muñoz,patricia.sanchez@icloud.com,Portugal,Oporto,31,F
139,María,Ruiz Ramos,maria.ruiz@outlook.com,España,Barcelona,41,M
140,Marta,López García,marta.lopez@gmail.com,Argentina,Buenos Aires,28,M
141,Cristina,Muñoz Hernández,cristina.munoz@live.com,Argentina,Córdoba,51,F
142,David,Díaz Martínez,david.diaz@hotmail.com,España,Valencia,18,M
143,Cristina,Díaz Ramos,cristina.diaz@outlook.com,Alemania,Hamburgo,48,F
144,Carlos,Jiménez Vázquez,carlos.jimenez@live.com,España,Valencia,32,M
145,Sergio,Álvarez Fernández,sergio.alvarez@hotmail.com,España,Valencia,43,M
146,Cristina,Moreno Muñoz,cristina.moreno@icloud.com,España,Bilbao,35,F
147,Andrés,Domínguez Álvarez,andres.dominguez@icloud.com,Italia,Nápoles,46,M
148,Laura,Vázquez Jiménez,laura.vazquez@hotmail.com,Alemania,Múnich,31,F
149,Ana,García Moreno,ana.garcia@gmail.com,España,Bilbao,24,M
150,Pablo,Ruiz Pérez,pablo.ruiz@icloud.com,España,Sevilla,49,M
151,David,Díaz Domínguez,david.diaz@live.com,México,Guadalajara,33,Otro/NA
152,Álvaro,Hernández Gil,alvaro.hernandez@yahoo.com,España,Valencia,37,M
153,Cristina,López Ramos,cristina.lopez@icloud.com,España,Bilbao,47,F
154,María,Muñoz Díaz,maria.munoz@outlook.com,Alemania,Múnich,24,M
155,Andrés,Jiménez Sánchez,andres.jimenez@gmail.com,Argentina,Buenos Aires,40,F
156,Elena,López Muñoz,elena.lopez@icloud.com,España,Bilbao,29,F
157,Diego,Vázquez García,diego.vazquez@hotmail.com,Portugal,Lisboa,33,M
158,María,Gómez Vázquez,maria.gomez@live.com,Reino Unido,Manchester,35,F
159,Carlos,Torres Romero,carlos.torres@outlook.com,España,Bilbao,19,F
160,Pablo,Jiménez Jiménez,pablo.jimenez@live.com,Reino Unido,Londres,27,M
161,Sergio,Moreno Pérez,sergio.moreno@live.com,España,Madrid,48,F
162,Javier,Fernández Hernández,javier.fernandez@live.com,Italia,Nápoles,43,F
163,Juan,Ramos Díaz,juan.ramos@icloud.com,Italia,Milán,34,M
164,Javier,Ruiz Torres,javier.ruiz1@hotmail.com,Alemania,Múnich,37,M
165,Sofía,Gómez Romero,sofia.gomez@yahoo.com,España,Madrid,32,M
166,Lucía,Fernández Pérez,lucia.fernandez@outlook.com,México,CDMX,48,M
167,Lucía,Torres Gil,lucia.torres@icloud.com,España,Madrid,32,F
168,Diego,Fernández Hernández,diego.fernandez@gmail.com,España,Madrid,37,F
169,Lucía,Díaz Pérez,lucia.diaz@yahoo.com,España,Madrid,46,F
170,Álvaro,Díaz Martínez,alvaro.diaz@icloud.com,Italia,Roma,27,M
171,Ana,Ruiz Gil,ana.ruiz@yahoo.com,Portugal,Oporto,50,M
172,Ana,Fernández Jiménez,ana.fernandez@yahoo.com,España,Valencia,19,F
173,Diego,Díaz Hernández,diego.diaz@icloud.com,Alemania,Hamburgo,51,F
174,Álvaro,Fernández Domínguez,alvaro.fernandez@yahoo.com,España,Barcelona,31,F
175,David,Díaz Sánchez,david.diaz@gmail.com,Portugal,Lisboa,32,M
176,Marta,Gil Ruiz,marta.gil@hotmail.com,España,Madrid,18,M
177,Cristina,Moreno Ramos,cristina.moreno@gmail.com,Portugal,Lisboa,30,M
178,Andrés,Pérez Torres,andres.perez@icloud.com,España,Barcelona,24,Otro/NA
179,Alberto,Sánchez Fernández,alberto.sanchez@yahoo.com,Argentina,Rosario,28,M
180,Laura,Sánchez Torres,laura.sanchez@icloud.com,España,Madrid,33,F
181,Álvaro,López Hernández,alvaro.lopez@live.com,España,Valencia,44,F
182,Laura,Torres Muñoz,laura.torres@gmail.com,España,Valencia,37,M
183,Sergio,Gil Martínez,sergio.gil@outlook.com,Argentina,Buenos Aires,38,F
184,Raquel,García Jiménez,raquel.garcia@yahoo.com,México,CDMX,24,F
185,Pablo,Vázquez Pérez,pablo.vazquez@live.com,España,Madrid,26,F
186,Patricia,Martínez Fernández,patricia.martinez@hotmail.com,Portugal,Oporto,52,M
187,Cristina,Torres Díaz,cristina.torres@gmail.com,Reino Unido,Manchester,27,M
188,Patricia,Moreno Martínez,patricia.moreno@live.com,Alemania,Múnich,51,M
189,Carlos,Gil Gómez,carlos.gil@outlook.com,Alemania,Berlín,32,M
190,Javier,Jiménez Torres,javier.jimenez@gmail.com,España,Bilbao,35,F
191,Javier,Torres Muñoz,javier.torres@live.com,España,Barcelona,45,F
192,Lucía,Ramos Hernández,lucia.ramos@outlook.com,México,Monterrey,47,M
193,Elena,Ruiz Gómez,elena.ruiz@icloud.com,México,Monterrey,33,F
194,María,Torres García,maria.torres@outlook.com,Italia,Milán,31,F
195,Sofía,Gómez Vázquez,sofia.gomez@live.com,España,Bilbao,34,M
196,Álvaro,Domínguez Muñoz,alvaro.dominguez@gmail.com,España,Barcelona,38,M
197,Javier,Ruiz Jiménez,javier.ruiz1@live.com,Reino Unido,Londres,43,F
198,Sofía,Muñoz Álvarez,sofia.munoz@icloud.com,México,Guadalajara,35,F
199,Javier,Díaz Torres,javier.diaz@yahoo.com,México,Guadalajara,41,F
200,María,Ramos Moreno,maria.ramos@yahoo.com,Reino Unido,Manchester,51,M
201,Lucía,Pérez Muñoz,lucia.perez@live.com,Portugal,Oporto,38,M
202,Juan,Martínez Muñoz,juan.martinez@hotmail.com,España,Sevilla,38,M
203,Javier,Domínguez López,javier.dominguez@yahoo.com,España,Bilbao,19,F
204,Lucía,Álvarez Domínguez,lucia.alvarez@hotmail.com,México,Monterrey,18,F
205,Juan,Torres Hernández,juan.torres@live.com,Italia,Nápoles,38,M
206,Elena,Vázquez Hernández,elena.vazquez@yahoo.com,España,Sevilla,34,F
207,Lucía,Martínez Fernández,lucia.martinez@outlook.com,España,Barcelona,29,F
208,Cristina,Domínguez Vázquez,cristina.dominguez@icloud.com,Portugal,Oporto,37,F
209,Javier,Moreno Muñoz,javier.moreno@live.com,España,Barcelona,34,Otro/NA
210,Marta,Muñoz Sánchez,marta.munoz@live.com,España,Sevilla,46,M
211,Diego,Gómez Pérez,diego.gomez@outlook.com,Alemania,Múnich,35,F
212,Laura,Romero Jiménez,laura.romero@outlook.com,Portugal,Oporto,27,M
213,Álvaro,Sánchez Ramos,alvaro.sanchez@hotmail.com,Portugal,Oporto,44,M
214,Ana,Domínguez Martínez,ana.dominguez@icloud.com,España,Sevilla,32,F
215,Sofía,Romero Hernández,sofia.romero@icloud.com,Portugal,Lisboa,40,F
216,Sofía,Jiménez Romero,sofia.jimenez@yahoo.com,España,Madrid,30,F
217,Diego,García Gómez,diego.garcia@hotmail.com,España,Barcelona,28,F
218,Javier,García Ramos,javier.garcia@icloud.com,Reino Unido,Manchester,35,F
219,Diego,Fernández Pérez,diego.fernandez@live.com,Portugal,Lisboa,35,F
220,Alberto,Muñoz Romero,alberto.munoz@icloud.com,México,Guadalajara,39,M
221,Laura,Ramos Torres,laura.ramos@outlook.com,Portugal,Oporto,32,F
222,Carlos,Sánchez Hernández,carlos.sanchez1@gmail.com,Italia,Roma,18,F
223,Carlos,Jiménez Pérez,carlos.jimenez@icloud.com,España,Madrid,30,M
224,Alberto,Moreno Fernández,alberto.moreno@gmail.com,España,Bilbao,42,M
225,Pablo,Gil Fernández,pablo.gil1@live.com,España,Barcelona,32,F
226,Alberto,Ruiz Fernández,alberto.ruiz@outlook.com,España,Barcelona,32,F
227,Alberto,Gómez García,alberto.gomez@icloud.com,Argentina,Rosario,44,F
228,Patricia,Vázquez Moreno,patricia.vazquez1@gmail.com,España,Bilbao,27,F
229,Juan,Ruiz Ramos,juan.ruiz@gmail.com,México,CDMX,19,M
230,Carlos,Díaz Sánchez,carlos.diaz@icloud.com,Italia,Nápoles,33,F
231,Juan,Ruiz Pérez,juan.ruiz1@gmail.com,Reino Unido,Londres,30,F
232,Raquel,Torres Muñoz,raquel.torres@icloud.com,Alemania,Berlín,25,F
233,Elena,Gil Álvarez,elena.gil@yahoo.com,Italia,Roma,33,F
234,Carlos,Jiménez Gómez,carlos.jimenez1@live.com,Alemania,Berlín,39,F
235,Javier,Moreno Martínez,javier.moreno1@hotmail.com,España,Barcelona,34,F
236,Laura,Gómez Sánchez,laura.gomez@live.com,Reino Unido,Londres,38,F
237,Laura,Torres Moreno,laura.torres@hotmail.com,España,Madrid,53,M
238,Álvaro,Álvarez Torres,alvaro.alvarez1@hotmail.com,España,Valencia,31,F
239,Patricia,Fernández Gómez,patricia.fernandez@icloud.com,Portugal,Lisboa,37,M
240,Ana,Álvarez Martínez,ana.alvarez@hotmail.com,España,Madrid,29,M
241,Alberto,Moreno Sánchez,alberto.moreno@hotmail.com,Argentina,Córdoba,26,F
242,David,Moreno Domínguez,david.moreno@gmail.com,Argentina,Rosario,29,M
243,Marta,Muñoz Jiménez,marta.munoz1@live.com,Argentina,Buenos Aires,30,F
244,Patricia,Ruiz Ramos,patricia.ruiz@yahoo.com,España,Madrid,38,M
245,Javier,Romero Álvarez,javier.romero@live.com,España,Bilbao,58,M
246,Lucía,Gómez Pérez,lucia.gomez@gmail.com,Argentina,Buenos Aires,27,F
247,Patricia,Ramos Muñoz,patricia.ramos@outlook.com,Francia,Lyon,30,M
248,Álvaro,Pérez Díaz,alvaro.perez@gmail.com,Argentina,Córdoba,34,F
249,Carlos,Ramos Martínez,carlos.ramos@gmail.com,Argentina,Córdoba,38,M
250,Juan,Díaz Sánchez,juan.diaz@yahoo.com,México,CDMX,37,M
251,Álvaro,Sánchez Díaz,alvaro.sanchez@icloud.com,España,Barcelona,47,M
252,María,Ruiz Muñoz,maria.ruiz@live.com,España,Bilbao,18,M
253,Lucía,Díaz Torres,lucia.diaz@live.com,México,Guadalajara,18,F
254,Javier,Vázquez Hernández,javier.vazquez@yahoo.com,España,Valencia,30,M
255,David,Álvarez Gil,david.alvarez@yahoo.com,España,Madrid,45,F
256,Alberto,Muñoz Gómez,alberto.munoz@yahoo.com,Alemania,Hamburgo,19,F
257,Diego,Fernández Muñoz,diego.fernandez1@live.com,Argentina,Buenos Aires,18,F
258,Diego,Pérez López,diego.perez@yahoo.com,Portugal,Oporto,40,F
259,Laura,Pérez Romero,laura.perez@hotmail.com,Italia,Milán,37,M
260,Raquel,Torres Muñoz,raquel.torres@outlook.com,España,Bilbao,24,M
261,Juan,García Ruiz,juan.garcia@hotmail.com,Italia,Nápoles,25,F
262,David,Gómez Romero,david.gomez@gmail.com,Argentina,Buenos Aires,25,F
263,Raquel,Álvarez Moreno,raquel.alvarez@outlook.com,España,Sevilla,36,F
264,María,Torres García,maria.torres1@outlook.com,Alemania,Berlín,28,F
265,Raquel,Pérez Sánchez,raquel.perez@hotmail.com,México,CDMX,39,M
266,Marta,Domínguez Sánchez,marta.dominguez@live.com,Reino Unido,Manchester,18,M
267,Patricia,Vázquez López,patricia.vazquez@yahoo.com,Portugal,Oporto,26,F
268,Sergio,Jiménez Sánchez,sergio.jimenez@outlook.com,Portugal,Oporto,23,F
269,Alberto,Torres Torres,alberto.torres@yahoo.com,España,Valencia,32,M
270,Álvaro,Hernández Domínguez,alvaro.hernandez@gmail.com,España,Valencia,29,F
271,Diego,Ruiz Díaz,diego.ruiz@hotmail.com,Reino Unido,Manchester,42,M
272,Ana,Vázquez García,ana.vazquez@outlook.com,Reino Unido,Manchester,18,M
273,Laura,Ramos Ramos,laura.ramos@yahoo.com,México,Guadalajara,35,F
274,Sergio,Martínez Ramos,sergio.martinez@hotmail.com,Argentina,Buenos Aires,40,F
275,Laura,Muñoz Ramos,laura.munoz@hotmail.com,Alemania,Múnich,53,F
276,Juan,Sánchez Torres,juan.sanchez@outlook.com,Alemania,Berlín,30,M
277,Sofía,Gómez Ruiz,sofia.gomez1@live.com,Reino Unido,Londres,38,M
278,Álvaro,Martínez Sánchez,alvaro.martinez@live.com,Portugal,Oporto,18,F
279,Juan,Fernández Ramos,juan.fernandez@gmail.com,Portugal,Lisboa,18,M
280,Elena,Ruiz Gómez,elena.ruiz@outlook.com,Reino Unido,Londres,43,F
281,Juan,Torres Muñoz,juan.torres@yahoo.com,México,Monterrey,34,F
282,Juan,Sánchez Torres,juan.sanchez@gmail.com,España,Sevilla,46,F
283,Sofía,Romero Álvarez,sofia.romero1@icloud.com,España,Sevilla,21,M
284,Diego,Jiménez Hernández,diego.jimenez@outlook.com,España,Bilbao,40,F
285,Cristina,Ruiz Ramos,cristina.ruiz@gmail.com,Italia,Roma,53,M
286,Cristina,Moreno Pérez,cristina.moreno1@icloud.com,España,Madrid,39,M
287,David,Moreno Sánchez,david.moreno1@gmail.com,Francia,Lyon,37,M
288,Juan,Vázquez Jiménez,juan.vazquez@icloud.com,Alemania,Berlín,35,M
289,Cristina,Vázquez López,cristina.vazquez@gmail.com,España,Bilbao,19,F
290,Lucía,Ruiz Vázquez,lucia.ruiz@live.com,Italia,Roma,48,M
291,David,Moreno Gómez,david.moreno@outlook.com,España,Sevilla,28,M
292,Lucía,García Muñoz,lucia.garcia@gmail.com,España,Madrid,40,Otro/NA
293,Andrés,Álvarez García,andres.alvarez@hotmail.com,México,Monterrey,19,M
294,Lucía,Sánchez Muñoz,lucia.sanchez@gmail.com,España,Sevilla,23,F
295,Javier,Moreno Vázquez,javier.moreno@icloud.com,España,Barcelona,49,M
296,Raquel,Gil Vázquez,raquel.gil@gmail.com,Alemania,Berlín,31,M
297,Carlos,Fernández Domínguez,carlos.fernandez@gmail.com,Reino Unido,Manchester,49,F
298,Sofía,Ramos Torres,sofia.ramos1@outlook.com,España,Barcelona,34,M
299,Javier,Ramos López,javier.ramos@yahoo.com,Italia,Roma,18,F
300,Sofía,Vázquez Domínguez,sofia.vazquez@outlook.com,España,Sevilla,43,M
301,Andrés,Gómez Ramos,andres.gomez@gmail.com,España,Barcelona,29,M
302,Juan,Hernández Vázquez,juan.hernandez@icloud.com,Alemania,Hamburgo,41,M
303,Andrés,Moreno Sánchez,andres.moreno@icloud.com,Alemania,Hamburgo,35,M
304,Lucía,Jiménez Fernández,lucia.jimenez@outlook.com,Italia,Nápoles,19,M
305,Alberto,Domínguez Sánchez,alberto.dominguez@gmail.com,Reino Unido,Londres,36,F
306,Sofía,Torres Gómez,sofia.torres@hotmail.com,Argentina,Buenos Aires,56,F
307,Sofía,Romero Gil,sofia.romero1@hotmail.com,Alemania,Múnich,39,M
308,Cristina,López Gómez,cristina.lopez@live.com,España,Barcelona,34,M
309,Elena,Muñoz García,elena.munoz@icloud.com,Reino Unido,Londres,45,F
310,Marta,Gil Vázquez,marta.gil@yahoo.com,España,Barcelona,37,F
311,Laura,Hernández Romero,laura.hernandez@hotmail.com,Francia,Marsella,37,F
312,Elena,Romero Jiménez,elena.romero@icloud.com,España,Bilbao,24,F
313,Javier,Pérez Sánchez,javier.perez@hotmail.com,España,Bilbao,37,M
314,Marta,Gómez Martínez,marta.gomez@outlook.com,Argentina,Buenos Aires,45,M
315,Raquel,Jiménez Pérez,raquel.jimenez@gmail.com,México,Monterrey,26,F
316,Ana,Álvarez Ramos,ana.alvarez@live.com,Portugal,Oporto,49,F
317,Sergio,Gil Fernández,sergio.gil@hotmail.com,Francia,París,34,F
318,Patricia,Ramos Gómez,patricia.ramos@icloud.com,España,Madrid,26,M
319,Elena,Muñoz López,elena.munoz@outlook.com,España,Sevilla,44,Otro/NA
320,Lucía,López Vázquez,lucia.lopez@icloud.com,España,Valencia,32,F
321,María,López Ruiz,maria.lopez@hotmail.com,Alemania,Hamburgo,42,M
322,Patricia,Gómez Martínez,patricia.gomez@yahoo.com,Portugal,Lisboa,32,F
323,Andrés,Jiménez López,andres.jimenez@live.com,Portugal,Oporto,34,M
324,Sofía,Díaz Sánchez,sofia.diaz@hotmail.com,España,Barcelona,39,M
325,Carlos,Jiménez Domínguez,carlos.jimenez1@icloud.com,Argentina,Rosario,37,M
326,Lucía,Jiménez Hernández,lucia.jimenez@hotmail.com,Reino Unido,Londres,18,M
327,Álvaro,Hernández Moreno,alvaro.hernandez1@yahoo.com,Alemania,Berlín,23,M
328,Laura,Ruiz Vázquez,laura.ruiz@gmail.com,Italia,Roma,44,F
329,Cristina,Gil Gómez,cristina.gil@icloud.com,Francia,Lyon,33,M
330,Marta,Muñoz Álvarez,marta.munoz@gmail.com,España,Valencia,29,F
331,Ana,Ruiz García,ana.ruiz@icloud.com,España,Barcelona,21,M
332,Pablo,Romero Díaz,pablo.romero@gmail.com,Reino Unido,Londres,24,M
333,Lucía,Moreno Hernández,lucia.moreno@outlook.com,España,Valencia,18,F
334,Javier,Ramos Martínez,javier.ramos@outlook.com,España,Bilbao,33,F
335,Pablo,Domínguez Domínguez,pablo.dominguez@gmail.com,España,Valencia,29,F
336,Sergio,Romero Hernández,sergio.romero@outlook.com,España,Valencia,25,Otro/NA
337,David,Álvarez Vázquez,david.alvarez@live.com,México,Guadalajara,34,M
338,Patricia,Gómez Romero,patricia.gomez@hotmail.com,Portugal,Lisboa,38,M
339,Álvaro,Gómez Pérez,alvaro.gomez@icloud.com,Francia,Lyon,55,F
340,Sergio,García Ramos,sergio.garcia@icloud.com,España,Sevilla,19,Otro/NA
341,Andrés,Pérez Torres,andres.perez@hotmail.com,Alemania,Hamburgo,46,F
342,Cristina,Díaz Jiménez,cristina.diaz@gmail.com,Francia,Marsella,44,F
343,María,Ruiz Domínguez,maria.ruiz@yahoo.com,España,Sevilla,27,F
344,Álvaro,López Moreno,alvaro.lopez@hotmail.com,Francia,París,37,M
345,Sergio,Fernández Gil,sergio.fernandez@icloud.com,España,Barcelona,30,F
346,Carlos,Gómez Vázquez,carlos.gomez@hotmail.com,Italia,Milán,36,F
347,Ana,Muñoz Domínguez,ana.munoz@icloud.com,Italia,Milán,50,F
348,Marta,Sánchez Fernández,marta.sanchez@outlook.com,España,Barcelona,41,M
349,Carlos,Sánchez Sánchez,carlos.sanchez@yahoo.com,España,Madrid,40,M
350,Carlos,López Martínez,carlos.lopez@live.com,Italia,Nápoles,30,M
351,Álvaro,Torres Díaz,alvaro.torres@icloud.com,Alemania,Múnich,20,M
352,Ana,Vázquez Martínez,ana.vazquez@yahoo.com,México,Guadalajara,32,F
353,Marta,Martínez Fernández,marta.martinez@yahoo.com,Portugal,Oporto,47,M
354,Sergio,García Pérez,sergio.garcia@gmail.com,España,Bilbao,19,M
355,Andrés,Muñoz Hernández,andres.munoz@live.com,España,Sevilla,24,M
356,Laura,Domínguez Fernández,laura.dominguez1@icloud.com,Portugal,Lisboa,36,F
357,Elena,López Pérez,elena.lopez@gmail.com,España,Barcelona,25,F
358,Laura,Sánchez Gil,laura.sanchez@outlook.com,Italia,Milán,27,M
359,Marta,Ruiz Vázquez,marta.ruiz@hotmail.com,Argentina,Rosario,30,M
360,Cristina,Gil Fernández,cristina.gil@outlook.com,Italia,Nápoles,21,M
361,Diego,Pérez Ramos,diego.perez@hotmail.com,España,Sevilla,25,F
362,Marta,López Moreno,marta.lopez@hotmail.com,Portugal,Lisboa,42,M
363,Juan,Muñoz Ruiz,juan.munoz@yahoo.com,Francia,París,21,F
364,Lucía,Hernández Pérez,lucia.hernandez@hotmail.com,Alemania,Hamburgo,19,M
365,Alberto,Díaz Gil,alberto.diaz@yahoo.com,Argentina,Buenos Aires,28,M
366,Marta,Díaz Álvarez,marta.diaz@gmail.com,España,Sevilla,42,F
367,Juan,Hernández López,juan.hernandez@outlook.com,Argentina,Buenos Aires,33,M
368,María,Romero Vázquez,maria.romero@gmail.com,México,CDMX,30,F
369,Elena,Pérez Ruiz,elena.perez@yahoo.com,España,Madrid,35,M
370,Ana,Pérez Ruiz,ana.perez@live.com,España,Valencia,18,F
371,Marta,Domínguez Muñoz,marta.dominguez1@live.com,España,Barcelona,39,F
372,David,Gómez Gómez,david.gomez@icloud.com,España,Bilbao,38,F
373,Patricia,García Muñoz,patricia.garcia@gmail.com,España,Sevilla,30,M
374,Álvaro,Martínez Romero,alvaro.martinez@icloud.com,Portugal,Oporto,45,M
375,Alberto,Moreno López,alberto.moreno1@gmail.com,España,Madrid,23,M
376,Álvaro,Jiménez Ruiz,alvaro.jimenez@live.com,España,Barcelona,46,F
377,María,Torres Álvarez,maria.torres@live.com,México,Guadalajara,36,F
378,Carlos,Romero Pérez,carlos.romero1@outlook.com,España,Valencia,31,M
379,Lucía,Vázquez Vázquez,lucia.vazquez@icloud.com,Reino Unido,Londres,34,M
380,Ana,Ruiz Fernández,ana.ruiz1@icloud.com,España,Bilbao,33,F
381,Álvaro,Vázquez López,alvaro.vazquez1@icloud.com,España,Bilbao,47,M
382,Juan,Romero Ruiz,juan.romero@live.com,Portugal,Lisboa,24,M
383,Pablo,Pérez Fernández,pablo.perez@icloud.com,Italia,Roma,27,M
384,Sofía,Vázquez Moreno,sofia.vazquez@icloud.com,México,CDMX,45,F
385,Álvaro,Gómez Ramos,alvaro.gomez@yahoo.com,Reino Unido,Londres,29,F
386,Ana,Ramos Domínguez,ana.ramos@icloud.com,Reino Unido,Londres,44,Otro/NA
387,Alberto,Gil Gil,alberto.gil1@live.com,España,Barcelona,51,M
388,Ana,Romero Gómez,ana.romero@hotmail.com,España,Valencia,30,F
389,Juan,Ramos Álvarez,juan.ramos@outlook.com,Reino Unido,Manchester,41,F
390,Sergio,Álvarez Pérez,sergio.alvarez@outlook.com,Reino Unido,Londres,23,M
391,Pablo,Domínguez Jiménez,pablo.dominguez@hotmail.com,Argentina,Rosario,42,F
392,Juan,Vázquez Álvarez,juan.vazquez@yahoo.com,Francia,París,36,M
393,Pablo,Hernández Muñoz,pablo.hernandez@hotmail.com,España,Barcelona,39,M
394,Laura,Moreno García,laura.moreno@outlook.com,Reino Unido,Londres,28,M
395,Javier,Torres Gil,javier.torres1@live.com,España,Madrid,18,M
396,Carlos,Vázquez Díaz,carlos.vazquez@yahoo.com,Argentina,Córdoba,40,F
397,Pablo,Díaz López,pablo.diaz@yahoo.com,México,Monterrey,18,M
398,Álvaro,López Ruiz,alvaro.lopez@yahoo.com,Francia,Lyon,31,M
399,Alberto,Romero Sánchez,alberto.romero@yahoo.com,Reino Unido,Manchester,44,M
400,Andrés,Hernández Vázquez,andres.hernandez@gmail.com,Reino Unido,Manchester,36,F
401,Ana,Moreno Sánchez,ana.moreno@yahoo.com,España,Valencia,54,F
402,Javier,Álvarez Vázquez,javier.alvarez@gmail.com,México,Monterrey,45,F
403,David,Ruiz Álvarez,david.ruiz@yahoo.com,Alemania,Berlín,28,F
404,David,Pérez López,david.perez1@gmail.com,México,Monterrey,35,M
405,Alberto,Hernández Jiménez,alberto.hernandez@outlook.com,España,Valencia,34,M
406,María,García López,maria.garcia@icloud.com,México,Monterrey,19,F
407,David,García Moreno,david.garcia@yahoo.com,España,Bilbao,25,M
408,Elena,Domínguez Jiménez,elena.dominguez1@icloud.com,España,Valencia,29,M
409,Alberto,Pérez Ruiz,alberto.perez@yahoo.com,México,CDMX,18,F
410,Javier,Moreno Pérez,javier.moreno@outlook.com,España,Barcelona,35,M
411,Marta,Hernández Díaz,marta.hernandez@yahoo.com,España,Bilbao,32,M
412,David,Torres Ruiz,david.torres1@outlook.com,Argentina,Córdoba,18,M
413,Carlos,Vázquez García,carlos.vazquez@live.com,Argentina,Buenos Aires,39,M
414,Raquel,García Sánchez,raquel.garcia@live.com,Italia,Roma,42,F
415,Juan,Torres Muñoz,juan.torres@gmail.com,Italia,Roma,37,F
416,Diego,Torres Díaz,diego.torres@icloud.com,Francia,París,31,F
417,Javier,Hernández Muñoz,javier.hernandez@gmail.com,España,Valencia,40,F
418,Laura,García Sánchez,laura.garcia1@hotmail.com,España,Valencia,41,M
419,Patricia,Álvarez Sánchez,patricia.alvarez@gmail.com,Portugal,Lisboa,38,M
420,Pablo,Hernández Gómez,pablo.hernandez@outlook.com,Reino Unido,Manchester,26,M
421,Sergio,Gil Domínguez,sergio.gil@icloud.com,Reino Unido,Londres,37,M
422,Javier,Díaz Hernández,javier.diaz@live.com,Reino Unido,Manchester,46,Otro/NA
423,Javier,García Ramos,javier.garcia1@icloud.com,España,Madrid,29,F
424,María,Vázquez Torres,maria.vazquez@icloud.com,Alemania,Múnich,55,M
425,Laura,Moreno Sánchez,laura.moreno@hotmail.com,España,Madrid,29,M
426,Raquel,Fernández Domínguez,raquel.fernandez@live.com,Alemania,Múnich,35,M
427,Elena,Álvarez Moreno,elena.alvarez@outlook.com,Francia,París,28,M
428,Marta,Vázquez Ramos,marta.vazquez@live.com,México,CDMX,37,M
429,Lucía,Álvarez Hernández,lucia.alvarez1@gmail.com,España,Bilbao,18,F
430,Marta,Muñoz Vázquez,marta.munoz@icloud.com,España,Madrid,29,F
431,Pablo,Díaz Ruiz,pablo.diaz@gmail.com,España,Madrid,24,F
432,Cristina,Gómez Gil,cristina.gomez@gmail.com,Reino Unido,Londres,36,M
433,Raquel,Muñoz Sánchez,raquel.munoz@outlook.com,Italia,Nápoles,44,M
434,Álvaro,Muñoz Martínez,alvaro.munoz@yahoo.com,España,Bilbao,41,F
435,Elena,Díaz Gómez,elena.diaz@hotmail.com,España,Barcelona,18,F
436,María,Ruiz Jiménez,maria.ruiz1@outlook.com,Portugal,Oporto,55,F
437,Carlos,López Muñoz,carlos.lopez@icloud.com,España,Madrid,37,F
438,Marta,Álvarez Gómez,marta.alvarez@gmail.com,México,CDMX,27,F
439,David,Díaz Moreno,david.diaz1@live.com,Portugal,Oporto,36,F
440,Sofía,Domínguez Vázquez,sofia.dominguez@yahoo.com,España,Barcelona,36,M
441,Marta,Gil Vázquez,marta.gil@live.com,España,Sevilla,28,F
442,Juan,Ruiz Gil,juan.ruiz1@icloud.com,Argentina,Córdoba,36,M
443,Carlos,Hernández Muñoz,carlos.hernandez@icloud.com,España,Bilbao,28,M
444,Andrés,Vázquez Torres,andres.vazquez@hotmail.com,España,Barcelona,30,F
445,Alberto,Ruiz Ramos,alberto.ruiz@icloud.com,Reino Unido,Londres,28,M
446,Pablo,Álvarez Pérez,pablo.alvarez@outlook.com,Argentina,Rosario,20,M
447,Elena,Fernández Ruiz,elena.fernandez1@live.com,Argentina,Buenos Aires,36,M
448,Alberto,López García,alberto.lopez@live.com,Reino Unido,Londres,40,M
449,Andrés,Gómez Domínguez,andres.gomez1@gmail.com,España,Bilbao,40,M
450,Cristina,Pérez Pérez,cristina.perez@hotmail.com,España,Sevilla,43,M
451,Carlos,Hernández Pérez,carlos.hernandez@gmail.com,Reino Unido,Manchester,38,M
452,Raquel,Sánchez Pérez,raquel.sanchez@yahoo.com,Alemania,Berlín,29,M
453,Sofía,Romero Muñoz,sofia.romero2@hotmail.com,Francia,París,43,Otro/NA
454,Laura,Gil Ramos,laura.gil@hotmail.com,México,Monterrey,21,M
455,Marta,Romero Ruiz,marta.romero@live.com,España,Bilbao,25,M
456,Juan,Ruiz Martínez,juan.ruiz1@outlook.com,Alemania,Múnich,25,F
457,Alberto,Gil Moreno,alberto.gil@gmail.com,España,Madrid,45,F
458,María,Torres Díaz,maria.torres1@live.com,Francia,Marsella,44,F
459,Cristina,Fernández Gil,cristina.fernandez@hotmail.com,España,Madrid,39,M
460,Álvaro,Jiménez Álvarez,alvaro.jimenez@yahoo.com,España,Barcelona,45,F
461,Laura,García Romero,laura.garcia2@hotmail.com,España,Sevilla,26,F
462,Pablo,Pérez Gómez,pablo.perez1@icloud.com,Portugal,Lisboa,38,F
463,Alberto,Martínez Romero,alberto.martinez@live.com,Reino Unido,Londres,33,F
464,Lucía,Vázquez Moreno,lucia.vazquez1@icloud.com,Italia,Nápoles,43,F
465,Elena,García Romero,elena.garcia@gmail.com,Argentina,Buenos Aires,33,F
466,Andrés,Gómez Domínguez,andres.gomez2@gmail.com,España,Madrid,31,F
467,Elena,Sánchez Hernández,elena.sanchez@yahoo.com,España,Barcelona,40,M
468,Carlos,Hernández Ruiz,carlos.hernandez@hotmail.com,México,CDMX,43,F
469,Sergio,Ruiz Álvarez,sergio.ruiz@live.com,España,Madrid,28,F
470,Cristina,Pérez Domínguez,cristina.perez@gmail.com,Argentina,Rosario,34,M
471,Sergio,Romero Díaz,sergio.romero1@outlook.com,España,Sevilla,24,Otro/NA
472,Alberto,García Hernández,alberto.garcia@gmail.com,Argentina,Córdoba,18,M
473,Elena,Díaz López,elena.diaz1@hotmail.com,España,Sevilla,37,M
474,Raquel,López Hernández,raquel.lopez@live.com,México,Monterrey,41,F
475,Sergio,Pérez Álvarez,sergio.perez@outlook.com,Alemania,Berlín,37,M
476,Álvaro,García Jiménez,alvaro.garcia@hotmail.com,Argentina,Buenos Aires,18,M
477,Ana,Torres López,ana.torres@yahoo.com,España,Madrid,31,M
478,Laura,Fernández López,laura.fernandez@hotmail.com,Alemania,Hamburgo,18,M
479,Alberto,Jiménez López,alberto.jimenez@outlook.com,Argentina,Rosario,48,M
480,Raquel,Álvarez Díaz,raquel.alvarez@yahoo.com,Alemania,Hamburgo,24,M
481,David,Hernández López,david.hernandez@gmail.com,Italia,Roma,47,M
482,Andrés,Torres Gómez,andres.torres@hotmail.com,Portugal,Lisboa,44,Otro/NA
483,Sofía,Moreno Ramos,sofia.moreno@hotmail.com,Francia,París,25,Otro/NA
484,Sergio,Romero Martínez,sergio.romero@icloud.com,Italia,Milán,23,M
485,Raquel,Martínez López,raquel.martinez@hotmail.com,Italia,Milán,38,F
486,Álvaro,Jiménez Hernández,alvaro.jimenez@icloud.com,México,CDMX,26,M
487,María,López Vázquez,maria.lopez@live.com,España,Barcelona,36,M
488,Sergio,Pérez Torres,sergio.perez1@outlook.com,España,Barcelona,30,M
489,Sergio,Martínez García,sergio.martinez@yahoo.com,Argentina,Buenos Aires,18,Otro/NA
490,Laura,Ruiz Álvarez,laura.ruiz@live.com,México,CDMX,18,F
491,Alberto,Muñoz Domínguez,alberto.munoz1@icloud.com,Francia,Marsella,37,M
492,Sofía,López Pérez,sofia.lopez@live.com,Italia,Nápoles,29,M
493,Andrés,Vázquez Torres,andres.vazquez@live.com,España,Madrid,29,M
494,Elena,Torres Torres,elena.torres@outlook.com,España,Sevilla,41,F
495,Patricia,Gómez Domínguez,patricia.gomez1@hotmail.com,Francia,París,46,F
496,Patricia,Fernández Vázquez,patricia.fernandez@live.com,España,Valencia,32,M
497,Patricia,Ruiz Sánchez,patricia.ruiz@live.com,Italia,Nápoles,31,F
498,Laura,Muñoz Muñoz,laura.munoz@outlook.com,España,Bilbao,40,M
499,Cristina,García García,cristina.garcia@yahoo.com,Argentina,Córdoba,21,F
500,Diego,Sánchez Gil,diego.sanchez@live.com,Argentina,Buenos Aires,37,F
501,David,Díaz Fernández,david.diaz1@gmail.com,Portugal,Lisboa,40,M
502,Lucía,Muñoz García,lucia.munoz2@yahoo.com,Alemania,Hamburgo,41,F
503,Sergio,Romero Álvarez,sergio.romero@yahoo.com,España,Barcelona,18,F
504,Cristina,Díaz Vázquez,cristina.diaz@yahoo.com,Reino Unido,Londres,27,M
505,Andrés,Martínez Moreno,andres.martinez1@outlook.com,Portugal,Oporto,26,M
506,Elena,Fernández Díaz,elena.fernandez@hotmail.com,España,Bilbao,35,F
507,Lucía,Romero Domínguez,lucia.romero@yahoo.com,Argentina,Buenos Aires,39,M
508,Javier,Sánchez Gil,javier.sanchez@outlook.com,México,Guadalajara,49,M
509,Sergio,Domínguez Martínez,sergio.dominguez@icloud.com,Argentina,Córdoba,30,M
510,Javier,Fernández Gil,javier.fernandez@gmail.com,Reino Unido,Manchester,30,F
511,Laura,Torres Romero,laura.torres@live.com,Italia,Roma,46,F
512,Ana,Muñoz Gómez,ana.munoz@live.com,Francia,Marsella,37,F
513,María,Hernández Domínguez,maria.hernandez@yahoo.com,Argentina,Buenos Aires,47,F
514,Juan,Jiménez Díaz,juan.jimenez@gmail.com,México,Monterrey,37,M
515,Javier,Gómez Gómez,javier.gomez@live.com,España,Barcelona,23,F
516,Diego,Martínez López,diego.martinez@yahoo.com,España,Sevilla,21,F
517,Andrés,Vázquez Moreno,andres.vazquez1@hotmail.com,España,Valencia,19,M
518,Lucía,Domínguez Pérez,lucia.dominguez@live.com,Reino Unido,Londres,41,M
519,Patricia,Sánchez Domínguez,patricia.sanchez@live.com,Argentina,Buenos Aires,46,M
520,Alberto,Ruiz Moreno,alberto.ruiz@hotmail.com,España,Valencia,53,F
521,Sofía,Torres Martínez,sofia.torres@gmail.com,Italia,Roma,43,F
522,Laura,Hernández Álvarez,laura.hernandez@live.com,España,Madrid,46,F
523,Raquel,Fernández Torres,raquel.fernandez@gmail.com,Argentina,Buenos Aires,29,Otro/NA
524,Diego,Moreno Muñoz,diego.moreno@gmail.com,México,Guadalajara,23,M
525,Raquel,Martínez Gómez,raquel.martinez1@hotmail.com,México,CDMX,43,F
526,Javier,Fernández Moreno,javier.fernandez@yahoo.com,Francia,Marsella,39,F
527,Ana,Sánchez Sánchez,ana.sanchez@gmail.com,Francia,Marsella,36,M
528,María,Díaz Jiménez,maria.diaz@hotmail.com,España,Sevilla,38,Otro/NA
529,Carlos,Álvarez Díaz,carlos.alvarez@icloud.com,España,Bilbao,38,M
530,Alberto,Jiménez Vázquez,alberto.jimenez1@outlook.com,México,CDMX,47,F
531,Javier,García Sánchez,javier.garcia1@hotmail.com,Reino Unido,Manchester,47,F
532,David,Gómez Hernández,david.gomez@live.com,Argentina,Buenos Aires,40,F
533,Cristina,Ruiz Hernández,cristina.ruiz@outlook.com,Argentina,Rosario,43,F
534,Patricia,Ramos Torres,patricia.ramos1@live.com,Alemania,Hamburgo,40,M
535,Juan,Sánchez Hernández,juan.sanchez@live.com,Reino Unido,Manchester,30,F
536,Álvaro,Muñoz Ruiz,alvaro.munoz1@live.com,Argentina,Buenos Aires,42,M
537,Javier,Díaz Fernández,javier.diaz1@yahoo.com,México,CDMX,21,F
538,Carlos,García García,carlos.garcia@outlook.com,España,Bilbao,45,F
539,Patricia,Martínez Ramos,patricia.martinez@icloud.com,Francia,Lyon,23,F
540,Ana,Ramos Muñoz,ana.ramos@outlook.com,España,Sevilla,37,M
541,Patricia,Torres Fernández,patricia.torres@outlook.com,Argentina,Buenos Aires,26,F
542,Cristina,Gil Hernández,cristina.gil1@icloud.com,Italia,Roma,40,F
543,Álvaro,Pérez Domínguez,alvaro.perez@outlook.com,España,Bilbao,34,F
544,Andrés,Moreno Martínez,andres.moreno@gmail.com,Portugal,Lisboa,19,M
545,Elena,López Romero,elena.lopez1@gmail.com,Italia,Nápoles,39,M
546,Patricia,Díaz Gil,patricia.diaz@yahoo.com,España,Valencia,29,M
547,Andrés,Gómez Torres,andres.gomez@hotmail.com,España,Valencia,43,F
548,Cristina,Torres Martínez,cristina.torres1@gmail.com,Portugal,Oporto,35,F
549,Alberto,López Moreno,alberto.lopez@icloud.com,Alemania,Berlín,38,Otro/NA
550,Álvaro,Gil García,alvaro.gil@yahoo.com,Reino Unido,Londres,25,M
551,Patricia,Jiménez Gil,patricia.jimenez@hotmail.com,Alemania,Berlín,29,M
552,David,Martínez Romero,david.martinez@hotmail.com,México,Monterrey,30,F
553,Diego,Martínez Jiménez,diego.martinez@icloud.com,Alemania,Hamburgo,43,F
554,Patricia,Moreno Hernández,patricia.moreno@gmail.com,Italia,Nápoles,51,F
555,Marta,Pérez Moreno,marta.perez@yahoo.com,México,Monterrey,26,F
556,Javier,Vázquez Sánchez,javier.vazquez1@yahoo.com,Francia,Lyon,45,M
557,Marta,Sánchez García,marta.sanchez@gmail.com,España,Barcelona,18,F
558,Cristina,Pérez Moreno,cristina.perez1@gmail.com,España,Bilbao,23,F
559,Diego,Torres Gómez,diego.torres@hotmail.com,Reino Unido,Manchester,25,F
560,Javier,Díaz Muñoz,javier.diaz1@gmail.com,Italia,Roma,21,M
561,Marta,Jiménez Moreno,marta.jimenez@yahoo.com,Portugal,Lisboa,19,M
562,Patricia,Vázquez García,patricia.vazquez@hotmail.com,España,Barcelona,39,M
563,Lucía,Moreno Sánchez,lucia.moreno@gmail.com,España,Sevilla,32,F
564,Sergio,Romero Álvarez,sergio.romero@live.com,España,Madrid,38,M
565,Javier,Fernández Torres,javier.fernandez1@gmail.com,España,Barcelona,41,M
566,Marta,García Fernández,marta.garcia@hotmail.com,Italia,Milán,37,M
567,Elena,Muñoz López,elena.munoz@yahoo.com,España,Barcelona,41,F
568,Elena,Moreno Domínguez,elena.moreno@icloud.com,Francia,Lyon,34,M
569,Álvaro,Pérez Domínguez,alvaro.perez1@outlook.com,México,Guadalajara,23,F
570,Lucía,Ruiz Pérez,lucia.ruiz@yahoo.com,España,Bilbao,45,M
571,Ana,Martínez Álvarez,ana.martinez@live.com,Alemania,Múnich,29,M
572,Ana,Torres Sánchez,ana.torres@hotmail.com,Reino Unido,Manchester,25,F
573,Javier,Romero Torres,javier.romero@yahoo.com,España,Sevilla,33,M
574,Raquel,Vázquez García,raquel.vazquez@icloud.com,Italia,Milán,25,M
575,Ana,Hernández Pérez,ana.hernandez@gmail.com,México,CDMX,30,M
576,Laura,Vázquez Ruiz,laura.vazquez@live.com,Argentina,Buenos Aires,38,F
577,Lucía,Torres Díaz,lucia.torres1@icloud.com,España,Madrid,38,F
578,Alberto,Fernández Torres,alberto.fernandez1@hotmail.com,Argentina,Córdoba,26,M
579,Alberto,Ramos Muñoz,alberto.ramos@hotmail.com,Alemania,Berlín,30,M
580,Elena,Gómez Moreno,elena.gomez@live.com,España,Barcelona,45,Otro/NA
581,Álvaro,Vázquez Hernández,alvaro.vazquez@outlook.com,Francia,París,39,F
582,Patricia,Moreno Moreno,patricia.moreno1@gmail.com,Argentina,Buenos Aires,55,M
583,Alberto,Jiménez Álvarez,alberto.jimenez@icloud.com,Alemania,Múnich,46,F
584,Juan,Romero Gómez,juan.romero@gmail.com,España,Madrid,46,F
585,Laura,Ruiz Vázquez,laura.ruiz@hotmail.com,Italia,Milán,21,F
586,Alberto,Gil Ruiz,alberto.gil@outlook.com,España,Madrid,42,M
587,Raquel,Vázquez Sánchez,raquel.vazquez@outlook.com,España,Valencia,34,M
588,Sofía,Gómez Romero,sofia.gomez@hotmail.com,España,Bilbao,29,M
589,María,López Romero,maria.lopez@outlook.com,España,Barcelona,36,F
590,Sofía,Domínguez Gómez,sofia.dominguez1@yahoo.com,España,Sevilla,44,F
591,Raquel,Pérez Pérez,raquel.perez1@hotmail.com,España,Barcelona,40,M
592,Diego,Romero Moreno,diego.romero@live.com,Portugal,Oporto,26,F
593,María,Hernández Álvarez,maria.hernandez@gmail.com,España,Valencia,42,F
594,Pablo,Ruiz García,pablo.ruiz@yahoo.com,España,Madrid,28,Otro/NA
595,Sergio,Vázquez Moreno,sergio.vazquez@yahoo.com,México,CDMX,37,F
596,Raquel,Moreno Fernández,raquel.moreno@hotmail.com,Francia,Marsella,31,Otro/NA
597,Alberto,Romero Sánchez,alberto.romero@outlook.com,Portugal,Lisboa,32,M
598,Álvaro,García Fernández,alvaro.garcia@icloud.com,España,Sevilla,42,F
599,Álvaro,Domínguez Hernández,alvaro.dominguez1@gmail.com,España,Madrid,24,F
600,Andrés,Muñoz Martínez,andres.munoz@hotmail.com,España,Sevilla,54,M
601,Javier,Gómez Pérez,javier.gomez@hotmail.com,España,Sevilla,18,M
602,Diego,García Muñoz,diego.garcia@live.com,España,Bilbao,29,Otro/NA
603,Javier,Gil Álvarez,javier.gil@hotmail.com,España,Madrid,38,M
604,Marta,Moreno Jiménez,marta.moreno@outlook.com,España,Sevilla,40,F
605,Alberto,Gil Martínez,alberto.gil2@live.com,España,Barcelona,33,M
606,Diego,Díaz Gómez,diego.diaz@live.com,Francia,París,34,M
607,María,Jiménez Fernández,maria.jimenez@yahoo.com,España,Barcelona,39,M
608,Raquel,López Torres,raquel.lopez@gmail.com,España,Valencia,32,M
609,Elena,Vázquez Ruiz,elena.vazquez1@yahoo.com,Alemania,Hamburgo,48,F
610,Raquel,Muñoz Sánchez,raquel.munoz1@gmail.com,Portugal,Lisboa,43,F
611,David,Fernández Álvarez,david.fernandez@hotmail.com,España,Valencia,43,M
612,Patricia,Domínguez Torres,patricia.dominguez@icloud.com,Reino Unido,Manchester,25,M
613,Ana,Torres Vázquez,ana.torres@icloud.com,Italia,Milán,34,M
614,Andrés,Vázquez Torres,andres.vazquez@outlook.com,España,Barcelona,31,M
615,Álvaro,Pérez Pérez,alvaro.perez@icloud.com,México,Monterrey,24,F
616,María,Gil Jiménez,maria.gil@hotmail.com,Argentina,Rosario,38,M
617,Raquel,Hernández Muñoz,raquel.hernandez@hotmail.com,España,Madrid,29,M
618,Sofía,Jiménez Domínguez,sofia.jimenez@icloud.com,España,Barcelona,41,F
619,Sofía,Álvarez Muñoz,sofia.alvarez@outlook.com,Reino Unido,Manchester,24,M
620,María,Jiménez Pérez,maria.jimenez@gmail.com,Reino Unido,Londres,52,M
621,Lucía,Sánchez Sánchez,lucia.sanchez1@gmail.com,España,Barcelona,26,M
622,Alberto,Sánchez Sánchez,alberto.sanchez1@live.com,España,Madrid,37,F
623,Ana,Domínguez García,ana.dominguez@gmail.com,España,Madrid,42,F
624,Patricia,López Pérez,patricia.lopez@yahoo.com,Alemania,Berlín,29,F
625,David,Martínez Pérez,david.martinez@icloud.com,Italia,Nápoles,43,M
626,Juan,Pérez Moreno,juan.perez@icloud.com,España,Valencia,22,M
627,Marta,Gómez Domínguez,marta.gomez@gmail.com,Francia,Lyon,49,F
628,Raquel,Martínez García,raquel.martinez@icloud.com,Reino Unido,Manchester,35,F
629,Elena,Fernández Díaz,elena.fernandez2@live.com,España,Bilbao,29,Otro/NA
630,Laura,Sánchez Martínez,laura.sanchez@hotmail.com,España,Sevilla,32,M
631,Patricia,Torres Jiménez,patricia.torres@live.com,Portugal,Oporto,43,M
632,Elena,Fernández Álvarez,elena.fernandez@outlook.com,México,Guadalajara,29,F
633,Elena,Sánchez Gil,elena.sanchez@outlook.com,Alemania,Múnich,27,F
634,Raquel,Martínez García,raquel.martinez@gmail.com,Alemania,Hamburgo,32,F
635,Marta,Ramos Álvarez,marta.ramos@hotmail.com,España,Madrid,23,F
636,Alberto,Muñoz Torres,alberto.munoz@gmail.com,Francia,Lyon,53,F
637,Marta,Torres Hernández,marta.torres@live.com,Alemania,Múnich,29,F
638,Lucía,Domínguez Hernández,lucia.dominguez@hotmail.com,España,Bilbao,43,F
639,Diego,Gil Torres,diego.gil@gmail.com,España,Valencia,37,Otro/NA
640,María,Ramos López,maria.ramos1@yahoo.com,España,Valencia,25,F
641,Álvaro,Ruiz Álvarez,alvaro.ruiz@gmail.com,España,Valencia,34,M
642,Juan,Martínez Díaz,juan.martinez1@icloud.com,España,Sevilla,42,M
643,Pablo,Moreno Gil,pablo.moreno@gmail.com,España,Barcelona,33,F
644,Javier,Díaz Pérez,javier.diaz2@yahoo.com,España,Barcelona,46,M
645,Lucía,Gil Domínguez,lucia.gil1@icloud.com,España,Valencia,45,F
646,Juan,López Gómez,juan.lopez@gmail.com,México,Guadalajara,44,M
647,María,García Díaz,maria.garcia@hotmail.com,Italia,Roma,30,M
648,Javier,Fernández Ruiz,javier.fernandez1@live.com,Portugal,Lisboa,24,F
649,Laura,Torres Sánchez,laura.torres1@gmail.com,Reino Unido,Manchester,28,M
650,María,López Ruiz,maria.lopez@icloud.com,Alemania,Múnich,36,M
651,Andrés,Romero Díaz,andres.romero@icloud.com,España,Sevilla,40,M
652,Ana,Martínez Álvarez,ana.martinez@gmail.com,Alemania,Berlín,18,F
653,Javier,Moreno Fernández,javier.moreno@gmail.com,Italia,Roma,34,M
654,Ana,Vázquez Torres,ana.vazquez@live.com,Reino Unido,Londres,36,F
655,Diego,Álvarez Sánchez,diego.alvarez1@yahoo.com,Francia,Marsella,32,M
656,Carlos,Moreno Domínguez,carlos.moreno@icloud.com,España,Madrid,47,F
657,Sofía,Martínez Gil,sofia.martinez@live.com,España,Madrid,39,M
658,Laura,Gil Gómez,laura.gil@yahoo.com,España,Bilbao,48,M
659,Patricia,Ruiz Fernández,patricia.ruiz@outlook.com,Portugal,Lisboa,32,M
660,Marta,Domínguez Ramos,marta.dominguez2@live.com,Italia,Roma,44,M
661,Pablo,Martínez Pérez,pablo.martinez@icloud.com,España,Barcelona,51,F
662,David,López Díaz,david.lopez@yahoo.com,Argentina,Buenos Aires,48,M
663,Andrés,Hernández Sánchez,andres.hernandez@yahoo.com,Italia,Nápoles,24,M
664,Andrés,López Pérez,andres.lopez@live.com,España,Sevilla,32,F
665,Carlos,Fernández Muñoz,carlos.fernandez@hotmail.com,España,Bilbao,31,M
666,David,Domínguez Martínez,david.dominguez@live.com,España,Barcelona,39,M
667,Sergio,Sánchez Ruiz,sergio.sanchez@yahoo.com,España,Madrid,41,F
668,Carlos,Sánchez Fernández,carlos.sanchez@icloud.com,España,Sevilla,26,F
669,Sofía,Díaz Pérez,sofia.diaz@outlook.com,España,Sevilla,35,M
670,María,Vázquez Álvarez,maria.vazquez@outlook.com,España,Valencia,18,M
671,Sergio,Muñoz García,sergio.munoz@live.com,España,Madrid,49,Otro/NA
672,Sofía,Fernández Gil,sofia.fernandez@yahoo.com,México,Guadalajara,29,M
673,Raquel,Fernández Fernández,raquel.fernandez@yahoo.com,España,Barcelona,35,Otro/NA
674,Raquel,Domínguez López,raquel.dominguez@hotmail.com,Alemania,Múnich,31,M
675,Laura,Díaz Martínez,laura.diaz@yahoo.com,Francia,Marsella,46,F
676,Lucía,Ramos Muñoz,lucia.ramos1@icloud.com,Argentina,Buenos Aires,18,M
677,Sofía,Gómez Álvarez,sofia.gomez@outlook.com,España,Bilbao,34,F
678,Javier,Vázquez Domínguez,javier.vazquez1@hotmail.com,España,Madrid,33,M
679,Carlos,Vázquez Hernández,carlos.vazquez1@hotmail.com,Argentina,Rosario,30,F
680,Sergio,Álvarez Díaz,sergio.alvarez1@outlook.com,México,CDMX,52,M
681,Andrés,Sánchez Díaz,andres.sanchez@live.com,Reino Unido,Manchester,26,M
682,Carlos,Ramos Jiménez,carlos.ramos@live.com,España,Sevilla,42,F
683,Sofía,Moreno Álvarez,sofia.moreno1@hotmail.com,España,Madrid,38,F
684,Juan,Romero Torres,juan.romero@yahoo.com,Portugal,Lisboa,47,F
685,Pablo,Álvarez Martínez,pablo.alvarez1@outlook.com,Argentina,Rosario,28,M
686,Álvaro,Sánchez Domínguez,alvaro.sanchez1@hotmail.com,Alemania,Berlín,27,F
687,Alberto,Gómez Álvarez,alberto.gomez@outlook.com,Italia,Nápoles,45,M
688,Pablo,Gómez Martínez,pablo.gomez@live.com,España,Madrid,39,Otro/NA
689,Lucía,Vázquez Hernández,lucia.vazquez@gmail.com,Reino Unido,Manchester,19,F
690,Cristina,Muñoz Sánchez,cristina.munoz@yahoo.com,España,Madrid,29,M
691,Elena,Domínguez Ruiz,elena.dominguez@outlook.com,España,Sevilla,38,F
692,María,Jiménez Moreno,maria.jimenez@hotmail.com,Francia,París,43,F
693,Alberto,Gómez Ruiz,alberto.gomez@gmail.com,Alemania,Berlín,28,M
694,Diego,Vázquez Moreno,diego.vazquez@yahoo.com,España,Bilbao,18,F
695,Carlos,Gil Álvarez,carlos.gil@yahoo.com,España,Madrid,40,M
696,Alberto,Romero Díaz,alberto.romero@live.com,Italia,Milán,22,F
697,Pablo,Moreno Jiménez,pablo.moreno@icloud.com,España,Sevilla,18,M
698,Patricia,Jiménez Martínez,patricia.jimenez1@hotmail.com,Italia,Roma,18,M
699,Ana,Vázquez Gómez,ana.vazquez1@yahoo.com,España,Barcelona,43,M
700,Alberto,Jiménez Martínez,alberto.jimenez@hotmail.com,Alemania,Berlín,36,F
701,David,Moreno García,david.moreno@live.com,Alemania,Múnich,32,F
702,Cristina,Álvarez Martínez,cristina.alvarez@outlook.com,España,Barcelona,48,Otro/NA
703,Marta,Álvarez Jiménez,marta.alvarez@hotmail.com,España,Valencia,41,M
704,Andrés,Jiménez Fernández,andres.jimenez1@yahoo.com,España,Madrid,51,M
705,Álvaro,Gil Hernández,alvaro.gil1@yahoo.com,España,Madrid,21,F
706,Diego,Díaz Torres,diego.diaz@yahoo.com,Argentina,Córdoba,34,F
707,Patricia,Ramos Ruiz,patricia.ramos@yahoo.com,España,Valencia,18,M
708,Alberto,Vázquez Gil,alberto.vazquez@live.com,Reino Unido,Manchester,32,M
709,Sofía,Fernández Sánchez,sofia.fernandez1@yahoo.com,España,Sevilla,32,F
710,Marta,Muñoz Álvarez,marta.munoz@yahoo.com,Portugal,Oporto,41,M
711,Elena,Vázquez Gómez,elena.vazquez2@yahoo.com,Reino Unido,Londres,35,F
712,Javier,Ruiz Ruiz,javier.ruiz@yahoo.com,Italia,Milán,41,F
713,Lucía,Moreno Torres,lucia.moreno1@outlook.com,Francia,París,42,F
714,Marta,Romero Moreno,marta.romero1@outlook.com,Francia,París,56,F
715,Patricia,Romero Jiménez,patricia.romero@outlook.com,España,Barcelona,31,M
716,Javier,Muñoz Hernández,javier.munoz@live.com,Argentina,Buenos Aires,25,F
717,Patricia,García Sánchez,patricia.garcia@yahoo.com,México,CDMX,37,F
718,Sofía,Martínez Sánchez,sofia.martinez@hotmail.com,Argentina,Rosario,26,M
719,Andrés,Hernández García,andres.hernandez@live.com,España,Sevilla,49,F
720,Raquel,Gil Vázquez,raquel.gil1@icloud.com,Reino Unido,Londres,32,M
721,Elena,García Pérez,elena.garcia@hotmail.com,Argentina,Córdoba,29,F
722,María,Domínguez Jiménez,maria.dominguez@hotmail.com,España,Bilbao,30,M
723,Diego,Pérez Moreno,diego.perez1@hotmail.com,España,Bilbao,42,F
724,Elena,Hernández Moreno,elena.hernandez@live.com,Reino Unido,Manchester,33,M
725,David,García Ramos,david.garcia@hotmail.com,Italia,Milán,28,M
726,Diego,Hernández Domínguez,diego.hernandez@icloud.com,México,Guadalajara,51,Otro/NA
727,Laura,Díaz Gil,laura.diaz@hotmail.com,España,Sevilla,26,F
728,Pablo,Fernández Moreno,pablo.fernandez1@live.com,Reino Unido,Manchester,35,M
729,Marta,Jiménez Díaz,marta.jimenez@live.com,España,Sevilla,41,M
730,Elena,García Ruiz,elena.garcia@icloud.com,España,Madrid,18,M
731,Marta,Ruiz Fernández,marta.ruiz@outlook.com,España,Barcelona,39,F
732,Andrés,Vázquez Ramos,andres.vazquez1@yahoo.com,Reino Unido,Londres,24,F
733,Marta,Domínguez Muñoz,marta.dominguez@icloud.com,Portugal,Lisboa,43,F
734,Álvaro,Vázquez López,alvaro.vazquez@yahoo.com,Alemania,Múnich,25,F
735,María,Ramos Sánchez,maria.ramos1@outlook.com,España,Barcelona,41,F
736,Cristina,Ramos Pérez,cristina.ramos@live.com,México,Monterrey,46,M
737,Laura,Pérez Gil,laura.perez@outlook.com,España,Barcelona,43,M
738,Lucía,Sánchez Sánchez,lucia.sanchez1@hotmail.com,Reino Unido,Manchester,37,F
739,Javier,Martínez Martínez,javier.martinez@yahoo.com,Francia,París,32,F
740,Alberto,Romero Ramos,alberto.romero@hotmail.com,España,Sevilla,29,F
741,Diego,Moreno Fernández,diego.moreno@yahoo.com,Francia,Lyon,49,F
742,Álvaro,Pérez Fernández,alvaro.perez1@gmail.com,España,Sevilla,28,F
743,Javier,Pérez Romero,javier.perez@icloud.com,Reino Unido,Manchester,24,F
744,Diego,Ruiz Sánchez,diego.ruiz@live.com,Alemania,Múnich,41,M
745,Diego,Moreno López,diego.moreno1@yahoo.com,España,Barcelona,27,M
746,Patricia,Ramos Vázquez,patricia.ramos1@outlook.com,México,CDMX,25,Otro/NA
747,María,Díaz Gil,maria.diaz@icloud.com,España,Valencia,20,F
748,Lucía,Díaz Jiménez,lucia.diaz1@yahoo.com,Alemania,Hamburgo,30,M
749,Sergio,Ruiz Hernández,sergio.ruiz@gmail.com,México,CDMX,34,M
750,Javier,Hernández Torres,javier.hernandez@hotmail.com,Italia,Nápoles,37,M
751,Raquel,López Fernández,raquel.lopez@hotmail.com,España,Barcelona,44,M
752,Javier,Ramos Vázquez,javier.ramos1@outlook.com,Argentina,Buenos Aires,40,F
753,Sergio,Muñoz Pérez,sergio.munoz1@icloud.com,Italia,Nápoles,33,M
754,Sofía,Ramos Martínez,sofia.ramos@hotmail.com,España,Sevilla,33,F
755,Pablo,Fernández Pérez,pablo.fernandez2@live.com,España,Madrid,40,M
756,Diego,López Fernández,diego.lopez@yahoo.com,Reino Unido,Londres,47,F
757,Álvaro,Jiménez Álvarez,alvaro.jimenez1@icloud.com,Italia,Roma,36,M
758,Cristina,Torres Vázquez,cristina.torres@yahoo.com,Alemania,Múnich,30,F
759,Pablo,Gómez Ruiz,pablo.gomez@hotmail.com,México,Guadalajara,25,F
760,Alberto,Torres Vázquez,alberto.torres1@yahoo.com,Reino Unido,Manchester,20,F
761,Álvaro,Ramos Moreno,alvaro.ramos@gmail.com,España,Sevilla,41,M
762,Elena,Sánchez Moreno,elena.sanchez@live.com,España,Madrid,40,M
763,Pablo,Gil Romero,pablo.gil@hotmail.com,España,Valencia,40,M
764,Patricia,Hernández Sánchez,patricia.hernandez@yahoo.com,Reino Unido,Manchester,33,M
765,Marta,Martínez Álvarez,marta.martinez@icloud.com,España,Bilbao,49,F
766,Sergio,Ramos López,sergio.ramos@live.com,Italia,Roma,30,F
767,Marta,Muñoz Torres,marta.munoz1@hotmail.com,Reino Unido,Londres,44,F
768,Javier,López Álvarez,javier.lopez@outlook.com,México,CDMX,34,F
769,Carlos,Martínez Domínguez,carlos.martinez@live.com,España,Madrid,28,M
770,Laura,Jiménez Domínguez,laura.jimenez@live.com,México,Guadalajara,40,M
771,Elena,Moreno García,elena.moreno1@icloud.com,España,Bilbao,39,M
772,Carlos,Álvarez Gómez,carlos.alvarez@hotmail.com,México,Guadalajara,38,F
773,Álvaro,Álvarez Gil,alvaro.alvarez@live.com,España,Sevilla,35,F
774,David,Sánchez Ruiz,david.sanchez@yahoo.com,España,Madrid,34,M
775,Laura,Díaz Pérez,laura.diaz@icloud.com,Reino Unido,Manchester,58,M
776,Laura,Gil Hernández,laura.gil1@hotmail.com,España,Madrid,46,F
777,Diego,García Martínez,diego.garcia1@hotmail.com,España,Madrid,42,F
778,Marta,Muñoz Ramos,marta.munoz1@yahoo.com,Reino Unido,Manchester,36,F
779,Sofía,Martínez Martínez,sofia.martinez@outlook.com,Reino Unido,Londres,45,M
780,Cristina,Hernández Fernández,cristina.hernandez@yahoo.com,Portugal,Lisboa,40,M
781,Andrés,Domínguez Muñoz,andres.dominguez@hotmail.com,Portugal,Oporto,35,Otro/NA
782,Sergio,Martínez Torres,sergio.martinez@live.com,Alemania,Hamburgo,31,F
783,Carlos,Jiménez Vázquez,carlos.jimenez@hotmail.com,España,Madrid,34,M
784,Laura,Vázquez Domínguez,laura.vazquez@yahoo.com,España,Valencia,18,F
785,Sergio,Ramos López,sergio.ramos1@outlook.com,España,Barcelona,37,F
786,Javier,Pérez Gómez,javier.perez1@icloud.com,México,Monterrey,30,M
787,Pablo,Jiménez Romero,pablo.jimenez@icloud.com,Italia,Nápoles,50,M
788,David,Domínguez Domínguez,david.dominguez1@icloud.com,Francia,París,35,M
789,Sergio,Díaz Muñoz,sergio.diaz@live.com,Francia,Lyon,23,M
790,María,Pérez Vázquez,maria.perez@live.com,Argentina,Buenos Aires,34,F
791,Álvaro,Martínez Muñoz,alvaro.martinez@gmail.com,España,Madrid,24,M
792,Ana,Muñoz Muñoz,ana.munoz1@live.com,Italia,Milán,39,F
793,Marta,Romero Gil,marta.romero@gmail.com,Alemania,Hamburgo,37,Otro/NA
794,Juan,Gil Ruiz,juan.gil@gmail.com,Italia,Nápoles,44,M
795,Juan,Ramos Fernández,juan.ramos@gmail.com,España,Bilbao,27,M
796,Álvaro,Domínguez Gómez,alvaro.dominguez2@gmail.com,México,CDMX,35,F
797,Sergio,López García,sergio.lopez@gmail.com,Argentina,Rosario,21,F
798,Ana,Díaz Gómez,ana.diaz@gmail.com,Italia,Milán,42,F
799,Diego,Álvarez Ramos,diego.alvarez@outlook.com,Portugal,Oporto,40,M
800,Carlos,Hernández Fernández,carlos.hernandez1@gmail.com,Argentina,Córdoba,39,M
801,María,Muñoz Ramos,maria.munoz1@outlook.com,Portugal,Oporto,35,F
802,Sofía,Pérez García,sofia.perez@outlook.com,España,Barcelona,39,Otro/NA
803,Sergio,Pérez Domínguez,sergio.perez@hotmail.com,Italia,Nápoles,51,M
804,Diego,Jiménez Romero,diego.jimenez@live.com,Italia,Roma,32,F
805,Diego,López Domínguez,diego.lopez@hotmail.com,Francia,París,36,M
806,Patricia,Torres Domínguez,patricia.torres@hotmail.com,Reino Unido,Manchester,24,Otro/NA
807,Elena,Ramos Ruiz,elena.ramos@outlook.com,Argentina,Rosario,26,F
808,David,Martínez Hernández,david.martinez@gmail.com,Argentina,Córdoba,35,M
809,Juan,Vázquez Díaz,juan.vazquez@outlook.com,Francia,Marsella,46,F
810,Marta,Muñoz Hernández,marta.munoz1@icloud.com,España,Madrid,32,M
811,Diego,Ruiz Ruiz,diego.ruiz@outlook.com,Argentina,Córdoba,32,M
812,Carlos,López Vázquez,carlos.lopez1@icloud.com,México,Guadalajara,30,M
813,Lucía,Muñoz Sánchez,lucia.munoz3@yahoo.com,España,Bilbao,29,M
814,Raquel,Domínguez Gómez,raquel.dominguez@yahoo.com,Argentina,Rosario,37,M
815,Diego,Álvarez Díaz,diego.alvarez1@outlook.com,México,Monterrey,20,F
816,Lucía,Pérez Martínez,lucia.perez1@live.com,Alemania,Múnich,47,F
817,Sofía,Pérez Vázquez,sofia.perez@hotmail.com,Italia,Roma,28,M
818,Juan,Torres Díaz,juan.torres@outlook.com,España,Sevilla,42,F
819,Ana,Vázquez Hernández,ana.vazquez1@outlook.com,España,Sevilla,22,F
820,Ana,Fernández Martínez,ana.fernandez@gmail.com,España,Madrid,41,Otro/NA
821,Sofía,Torres Pérez,sofia.torres@icloud.com,Reino Unido,Londres,41,F
822,Sergio,Muñoz Ruiz,sergio.munoz@hotmail.com,España,Barcelona,38,M
823,Lucía,Ramos Pérez,lucia.ramos@hotmail.com,España,Sevilla,25,M
824,Javier,Fernández Ruiz,javier.fernandez@hotmail.com,España,Valencia,37,F
825,Carlos,Vázquez Martínez,carlos.vazquez1@yahoo.com,Alemania,Berlín,23,M
826,Álvaro,Gil Díaz,alvaro.gil@gmail.com,Argentina,Córdoba,32,M
827,Alberto,Domínguez Fernández,alberto.dominguez@icloud.com,España,Sevilla,45,M
828,Andrés,Díaz Vázquez,andres.diaz@icloud.com,España,Bilbao,42,M
829,Andrés,Díaz Sánchez,andres.diaz@yahoo.com,Reino Unido,Manchester,35,M
830,Andrés,López García,andres.lopez@hotmail.com,Francia,París,25,F
831,Javier,Ruiz Moreno,javier.ruiz@icloud.com,España,Barcelona,41,M
832,Cristina,Álvarez Gil,cristina.alvarez@icloud.com,Francia,París,35,F
833,Raquel,Jiménez Moreno,raquel.jimenez@live.com,España,Valencia,18,F
834,Patricia,Ramos Jiménez,patricia.ramos1@yahoo.com,España,Sevilla,42,M
835,Patricia,López López,patricia.lopez@live.com,Alemania,Berlín,34,M
836,Sergio,Sánchez Vázquez,sergio.sanchez@outlook.com,Francia,París,47,M
837,Sofía,Álvarez Ruiz,sofia.alvarez@live.com,Argentina,Rosario,24,M
838,Alberto,Álvarez Pérez,alberto.alvarez@hotmail.com,España,Bilbao,18,M
839,Sergio,Moreno Álvarez,sergio.moreno@gmail.com,Italia,Nápoles,37,M
840,Sofía,Moreno Gil,sofia.moreno@live.com,Italia,Nápoles,37,F
841,Andrés,Fernández Hernández,andres.fernandez@hotmail.com,España,Bilbao,18,F
842,Juan,Jiménez Jiménez,juan.jimenez@yahoo.com,Portugal,Oporto,25,M
843,Andrés,Moreno Martínez,andres.moreno1@gmail.com,España,Bilbao,62,M
844,Carlos,Gil García,carlos.gil@gmail.com,Argentina,Rosario,31,F
845,Laura,García Moreno,laura.garcia3@hotmail.com,España,Madrid,42,F
846,Laura,Hernández Díaz,laura.hernandez@yahoo.com,Francia,Marsella,28,F
847,Marta,Gómez Ruiz,marta.gomez@yahoo.com,España,Sevilla,18,F
848,Lucía,Moreno Gómez,lucia.moreno@yahoo.com,Argentina,Buenos Aires,33,M
849,David,Gil Ruiz,david.gil@yahoo.com,Alemania,Berlín,32,M
850,Javier,Romero García,javier.romero@hotmail.com,Italia,Nápoles,31,F
851,David,Gil Vázquez,david.gil@gmail.com,España,Valencia,33,M
852,Álvaro,Pérez Ramos,alvaro.perez1@icloud.com,Reino Unido,Londres,37,Otro/NA
853,Lucía,Romero Sánchez,lucia.romero@live.com,España,Sevilla,33,F
854,David,Martínez Muñoz,david.martinez@outlook.com,México,Monterrey,22,F
855,María,Díaz Ruiz,maria.diaz@yahoo.com,España,Barcelona,39,M
856,Alberto,Fernández Gil,alberto.fernandez@icloud.com,España,Madrid,18,F
857,Patricia,Moreno Vázquez,patricia.moreno@icloud.com,España,Barcelona,18,F
858,Andrés,Pérez Fernández,andres.perez1@hotmail.com,Francia,Lyon,42,M
859,Diego,López Romero,diego.lopez1@yahoo.com,Italia,Roma,40,M
860,Sergio,Sánchez Díaz,sergio.sanchez@gmail.com,España,Bilbao,34,F
861,Juan,Martínez Jiménez,juan.martinez@yahoo.com,Reino Unido,Manchester,21,F
862,Javier,Díaz Ruiz,javier.diaz1@live.com,Francia,Marsella,27,M
863,Sergio,Gil Fernández,sergio.gil1@icloud.com,Alemania,Berlín,32,M
864,Sergio,Pérez Ramos,sergio.perez2@outlook.com,Francia,París,19,F
865,Patricia,Hernández Muñoz,patricia.hernandez1@outlook.com,Francia,París,27,F
866,Lucía,García Pérez,lucia.garcia1@gmail.com,Alemania,Múnich,41,F
867,Javier,Jiménez Romero,javier.jimenez@outlook.com,España,Madrid,49,F
868,Marta,Sánchez Díaz,marta.sanchez1@gmail.com,España,Barcelona,30,M
869,Sofía,Hernández Álvarez,sofia.hernandez@hotmail.com,México,Monterrey,42,F
870,Laura,Romero Moreno,laura.romero@hotmail.com,Argentina,Rosario,18,M
871,Alberto,Torres Pérez,alberto.torres@icloud.com,España,Madrid,41,F
872,Carlos,García Torres,carlos.garcia1@outlook.com,España,Valencia,26,F
873,Álvaro,Jiménez López,alvaro.jimenez1@live.com,Portugal,Lisboa,38,M
874,Javier,Fernández Torres,javier.fernandez1@yahoo.com,Francia,Marsella,32,M
875,Ana,Vázquez Gómez,ana.vazquez@hotmail.com,España,Madrid,48,F
876,Marta,Fernández Romero,marta.fernandez@gmail.com,España,Barcelona,26,M
877,Ana,Fernández Gómez,ana.fernandez@live.com,Portugal,Oporto,41,M
878,Lucía,Vázquez Gómez,lucia.vazquez@hotmail.com,Portugal,Oporto,32,F
879,Juan,Domínguez Fernández,juan.dominguez@live.com,España,Barcelona,33,M
880,David,Ruiz Ramos,david.ruiz@outlook.com,España,Madrid,33,F
881,Sergio,Vázquez Torres,sergio.vazquez@outlook.com,España,Madrid,26,M
882,Andrés,Torres Gómez,andres.torres@live.com,Portugal,Oporto,34,F
883,Sofía,Gil Hernández,sofia.gil@gmail.com,España,Madrid,34,M
884,Sergio,Pérez García,sergio.perez3@outlook.com,España,Bilbao,37,M
885,Patricia,García Hernández,patricia.garcia@icloud.com,Reino Unido,Manchester,35,F
886,Carlos,Muñoz Gómez,carlos.munoz@yahoo.com,España,Bilbao,42,F
887,Patricia,Ramos Gómez,patricia.ramos@gmail.com,Portugal,Lisboa,44,M
888,Sergio,Domínguez Muñoz,sergio.dominguez1@icloud.com,España,Madrid,24,M
889,Raquel,Martínez Gil,raquel.martinez1@icloud.com,España,Bilbao,43,F
890,Marta,Ruiz Fernández,marta.ruiz@yahoo.com,España,Sevilla,23,F
891,Cristina,Gómez López,cristina.gomez@hotmail.com,Reino Unido,Manchester,40,Otro/NA
892,Álvaro,Martínez Pérez,alvaro.martinez@outlook.com,México,Guadalajara,41,Otro/NA
893,Diego,Hernández López,diego.hernandez@outlook.com,México,Monterrey,18,F
894,Patricia,Fernández Álvarez,patricia.fernandez@hotmail.com,España,Barcelona,35,M
895,Lucía,Gil Díaz,lucia.gil2@icloud.com,Portugal,Lisboa,30,F
896,Andrés,Ruiz Romero,andres.ruiz@outlook.com,España,Madrid,27,F
897,Juan,Martínez Muñoz,juan.martinez2@icloud.com,España,Sevilla,48,M
898,Alberto,Romero Sánchez,alberto.romero@gmail.com,México,Guadalajara,28,M
899,Elena,García Domínguez,elena.garcia@yahoo.com,España,Bilbao,26,M
900,Andrés,López Pérez,andres.lopez@outlook.com,España,Bilbao,35,M
901,Marta,Muñoz García,marta.munoz2@hotmail.com,España,Barcelona,41,M
902,María,Ruiz Gil,maria.ruiz@gmail.com,España,Bilbao,33,F
903,Lucía,Moreno Sánchez,lucia.moreno@live.com,España,Sevilla,46,F
904,Javier,Sánchez Muñoz,javier.sanchez@hotmail.com,Italia,Nápoles,40,F
905,Sofía,García Muñoz,sofia.garcia@live.com,Francia,Lyon,18,M
906,Sofía,Hernández García,sofia.hernandez@outlook.com,México,Guadalajara,29,M
907,María,Muñoz Sánchez,maria.munoz2@outlook.com,Reino Unido,Londres,29,F
908,Marta,Díaz García,marta.diaz1@yahoo.com,España,Bilbao,39,M
909,Sofía,Muñoz Martínez,sofia.munoz@yahoo.com,España,Barcelona,18,F
910,Juan,Domínguez Pérez,juan.dominguez@outlook.com,España,Madrid,60,Otro/NA
911,David,Sánchez Díaz,david.sanchez@gmail.com,Italia,Roma,40,M
912,Diego,Jiménez López,diego.jimenez1@outlook.com,España,Valencia,36,M
913,Cristina,Torres Ruiz,cristina.torres@live.com,Italia,Nápoles,46,M
914,Patricia,Gil Pérez,patricia.gil@live.com,Francia,París,58,Otro/NA
915,Marta,Vázquez Gil,marta.vazquez@yahoo.com,Alemania,Múnich,43,F
916,David,López García,david.lopez@live.com,Francia,Lyon,44,F
917,Sofía,Gómez García,sofia.gomez@gmail.com,España,Valencia,36,M
918,Alberto,Fernández Sánchez,alberto.fernandez@outlook.com,Argentina,Córdoba,33,Otro/NA
919,Diego,Domínguez Vázquez,diego.dominguez@icloud.com,Reino Unido,Londres,30,M
920,Lucía,Romero Jiménez,lucia.romero@gmail.com,España,Barcelona,26,M
921,Diego,Vázquez López,diego.vazquez1@hotmail.com,México,CDMX,28,F
922,Pablo,García Fernández,pablo.garcia@icloud.com,Alemania,Múnich,21,F
923,Alberto,Martínez Pérez,alberto.martinez@gmail.com,México,Monterrey,34,M
924,Elena,Díaz Torres,elena.diaz@live.com,Reino Unido,Londres,18,M
925,Elena,Domínguez Ramos,elena.dominguez2@icloud.com,Francia,Lyon,36,M
926,Carlos,Hernández Romero,carlos.hernandez2@gmail.com,España,Bilbao,34,M
927,David,Jiménez Gómez,david.jimenez@outlook.com,España,Sevilla,36,M
928,Elena,Torres Hernández,elena.torres@yahoo.com,Alemania,Berlín,29,Otro/NA
929,Alberto,Muñoz Jiménez,alberto.munoz@hotmail.com,Italia,Nápoles,65,F
930,Diego,Gómez Torres,diego.gomez@yahoo.com,España,Madrid,48,F
931,Sergio,García Pérez,sergio.garcia@yahoo.com,España,Barcelona,22,F
932,Raquel,Moreno Díaz,raquel.moreno@yahoo.com,México,Monterrey,37,F
933,Álvaro,Moreno Martínez,alvaro.moreno@gmail.com,Argentina,Córdoba,28,F
934,Juan,Moreno Vázquez,juan.moreno@live.com,Alemania,Hamburgo,24,F
935,Patricia,Hernández Ruiz,patricia.hernandez@live.com,España,Bilbao,21,M
936,Lucía,Díaz Vázquez,lucia.diaz@outlook.com,España,Valencia,39,F
937,Elena,Domínguez Sánchez,elena.dominguez@live.com,España,Barcelona,28,F
938,Marta,Ruiz García,marta.ruiz1@yahoo.com,Argentina,Rosario,44,F
939,Elena,Martínez Martínez,elena.martinez@outlook.com,España,Sevilla,44,Otro/NA
940,Carlos,Ruiz Sánchez,carlos.ruiz@outlook.com,Italia,Nápoles,48,M
941,Raquel,Muñoz Vázquez,raquel.munoz@icloud.com,España,Bilbao,26,F
942,Cristina,García Hernández,cristina.garcia1@yahoo.com,Alemania,Berlín,39,M
943,María,Vázquez Sánchez,maria.vazquez@yahoo.com,Portugal,Oporto,41,F
944,Álvaro,Ruiz Domínguez,alvaro.ruiz@live.com,México,Monterrey,30,M
945,Patricia,Díaz Álvarez,patricia.diaz@outlook.com,España,Sevilla,27,M
946,Alberto,Pérez Pérez,alberto.perez@hotmail.com,España,Bilbao,51,M
947,Juan,Jiménez García,juan.jimenez@outlook.com,España,Sevilla,37,F
948,Laura,Muñoz Díaz,laura.munoz@live.com,México,Monterrey,41,M
949,Cristina,Pérez García,cristina.perez@outlook.com,México,Monterrey,26,F
950,Pablo,López Díaz,pablo.lopez@icloud.com,Italia,Roma,22,M
951,Andrés,Muñoz Álvarez,andres.munoz1@hotmail.com,Italia,Milán,29,F
952,Diego,Domínguez Muñoz,diego.dominguez@yahoo.com,Portugal,Lisboa,33,F
953,Patricia,Gil Pérez,patricia.gil1@outlook.com,España,Bilbao,24,M
954,Juan,Díaz Moreno,juan.diaz@outlook.com,Argentina,Córdoba,34,M
955,Laura,Álvarez Hernández,laura.alvarez@gmail.com,Francia,París,18,F
956,Marta,Díaz Díaz,marta.diaz2@yahoo.com,España,Madrid,23,F
957,Álvaro,Ramos Muñoz,alvaro.ramos@live.com,Alemania,Múnich,41,F
958,Ana,Pérez Sánchez,ana.perez@gmail.com,España,Madrid,41,M
959,Sergio,Álvarez Torres,sergio.alvarez@live.com,España,Bilbao,31,F
960,Patricia,Hernández Gómez,patricia.hernandez2@outlook.com,Reino Unido,Manchester,24,Otro/NA
961,Diego,Gil Sánchez,diego.gil@icloud.com,España,Madrid,24,M
962,Carlos,Jiménez Díaz,carlos.jimenez@gmail.com,Italia,Milán,31,M
963,María,Romero Sánchez,maria.romero1@gmail.com,España,Sevilla,41,M
964,Andrés,Vázquez Hernández,andres.vazquez2@hotmail.com,España,Madrid,44,F
965,Javier,Pérez Moreno,javier.perez@gmail.com,España,Sevilla,30,F
966,David,Fernández López,david.fernandez1@hotmail.com,España,Bilbao,23,M
967,Sergio,Pérez Gil,sergio.perez@gmail.com,Portugal,Lisboa,37,M
968,Álvaro,Ramos Jiménez,alvaro.ramos@hotmail.com,España,Barcelona,26,M
969,María,Vázquez Sánchez,maria.vazquez1@outlook.com,Italia,Milán,29,M
970,Álvaro,Fernández Moreno,alvaro.fernandez@gmail.com,Francia,Lyon,48,M
971,Alberto,Pérez López,alberto.perez1@hotmail.com,Portugal,Lisboa,43,Otro/NA
972,Lucía,Hernández Martínez,lucia.hernandez@icloud.com,Argentina,Córdoba,36,M
973,Javier,Domínguez Gil,javier.dominguez1@hotmail.com,Reino Unido,Manchester,22,M
974,Carlos,Pérez Pérez,carlos.perez@gmail.com,España,Valencia,37,F
975,Patricia,Álvarez Gómez,patricia.alvarez1@gmail.com,España,Madrid,45,F
976,Carlos,Pérez Álvarez,carlos.perez1@gmail.com,España,Sevilla,31,F
977,Ana,Ramos Domínguez,ana.ramos1@live.com,Italia,Nápoles,48,M
978,Diego,Gómez Jiménez,diego.gomez@gmail.com,España,Sevilla,47,M
979,Sergio,Jiménez Gil,sergio.jimenez@live.com,Alemania,Berlín,51,F
980,Cristina,López Gómez,cristina.lopez@outlook.com,Italia,Milán,38,F
981,Marta,Vázquez Álvarez,marta.vazquez@icloud.com,España,Madrid,40,M
982,Alberto,Vázquez Pérez,alberto.vazquez@gmail.com,Reino Unido,Manchester,49,F
983,Diego,Sánchez Hernández,diego.sanchez@hotmail.com,España,Valencia,39,F
984,Diego,Gómez Gil,diego.gomez@icloud.com,España,Bilbao,29,M
985,Javier,Jiménez Hernández,javier.jimenez@live.com,Reino Unido,Manchester,30,F
986,Patricia,Pérez Moreno,patricia.perez@yahoo.com,Alemania,Múnich,37,F
987,Álvaro,García Sánchez,alvaro.garcia@live.com,Portugal,Lisboa,22,M
988,Ana,Jiménez Ruiz,ana.jimenez@outlook.com,Francia,Marsella,33,F
989,Raquel,Álvarez Torres,raquel.alvarez@live.com,España,Valencia,45,F
990,Laura,Álvarez Moreno,laura.alvarez1@gmail.com,Reino Unido,Manchester,18,F
991,Andrés,Hernández Ruiz,andres.hernandez@icloud.com,Reino Unido,Londres,50,M
992,Cristina,Romero López,cristina.romero@gmail.com,Portugal,Oporto,46,M
993,Ana,Ruiz García,ana.ruiz1@gmail.com,España,Sevilla,30,F
994,Lucía,Pérez Pérez,lucia.perez2@live.com,Italia,Nápoles,40,M
995,Marta,Fernández Pérez,marta.fernandez@hotmail.com,España,Valencia,35,M
996,Alberto,Sánchez Jiménez,alberto.sanchez@hotmail.com,España,Barcelona,47,M
997,Elena,Pérez Pérez,elena.perez@live.com,Argentina,Buenos Aires,44,M
998,Cristina,Gómez Muñoz,cristina.gomez1@gmail.com,España,Sevilla,20,Otro/NA
999,Marta,García Romero,marta.garcia1@hotmail.com,Argentina,Buenos Aires,40,M
1000,María,Gil Torres,maria.gil@gmail.com,Francia,París,32,Otro/NA
1001,Sergio,Gil López,sergio.gil@live.com,España,Bilbao,35,M
1002,Sergio,Ruiz Sánchez,sergio.ruiz1@gmail.com,Alemania,Múnich,27,F
1003,Sofía,Gil Ramos,sofia.gil1@gmail.com,México,CDMX,52,M
1004,Sofía,Ramos Álvarez,sofia.ramos@yahoo.com,Reino Unido,Manchester,45,F
1005,Diego,Gil Ruiz,diego.gil@live.com,Reino Unido,Londres,27,F
1006,Ana,Díaz Pérez,ana.diaz@hotmail.com,Portugal,Lisboa,21,M
1007,Patricia,Gil López,patricia.gil@hotmail.com,Portugal,Oporto,31,F
1008,Álvaro,Díaz Jiménez,alvaro.diaz@gmail.com,México,Monterrey,39,M
1009,Diego,Díaz Pérez,diego.diaz1@live.com,España,Barcelona,37,F
1010,Pablo,García Gómez,pablo.garcia1@gmail.com,Alemania,Hamburgo,47,Otro/NA
1011,Elena,Moreno Muñoz,elena.moreno@yahoo.com,España,Sevilla,42,F
1012,Álvaro,López Moreno,alvaro.lopez@outlook.com,Argentina,Córdoba,44,F
1013,Álvaro,Torres Jiménez,alvaro.torres@live.com,Argentina,Rosario,38,M
1014,Raquel,Pérez Torres,raquel.perez@icloud.com,España,Bilbao,21,M
1015,Patricia,Domínguez Álvarez,patricia.dominguez@hotmail.com,Portugal,Lisboa,33,M
1016,Elena,Gil Torres,elena.gil1@yahoo.com,Argentina,Buenos Aires,45,F
1017,Laura,Torres Álvarez,laura.torres1@hotmail.com,España,Bilbao,34,F
1018,Javier,Moreno Gil,javier.moreno1@live.com,Italia,Nápoles,40,M
1019,Sofía,Gómez Jiménez,sofia.gomez1@yahoo.com,Argentina,Buenos Aires,31,F
1020,Raquel,Muñoz Pérez,raquel.munoz1@icloud.com,España,Valencia,24,M
1021,Javier,Torres Díaz,javier.torres2@live.com,Portugal,Oporto,33,M
1022,Alberto,Torres Muñoz,alberto.torres@hotmail.com,España,Bilbao,38,F
1023,Juan,Pérez Álvarez,juan.perez@yahoo.com,Argentina,Rosario,28,M
1024,Elena,Gómez Vázquez,elena.gomez@outlook.com,Argentina,Rosario,32,F
1025,Diego,Fernández Torres,diego.fernandez2@live.com,Argentina,Buenos Aires,25,M
1026,Raquel,Díaz Vázquez,raquel.diaz@live.com,Francia,Marsella,46,F
1027,Raquel,Martínez Vázquez,raquel.martinez2@icloud.com,México,CDMX,32,M
1028,Ana,Álvarez Torres,ana.alvarez@gmail.com,México,Guadalajara,49,M
1029,Diego,García Vázquez,diego.garcia@yahoo.com,España,Barcelona,50,F
1030,Juan,Ruiz Vázquez,juan.ruiz@hotmail.com,México,Guadalajara,34,F
1031,Ana,Álvarez Díaz,ana.alvarez@icloud.com,España,Sevilla,24,M
1032,Cristina,Díaz Muñoz,cristina.diaz1@gmail.com,Italia,Milán,18,M
1033,Sofía,Fernández López,sofia.fernandez@gmail.com,España,Barcelona,20,F
1034,Elena,Fernández Ramos,elena.fernandez1@hotmail.com,España,Bilbao,21,M
1035,Carlos,López Álvarez,carlos.lopez@hotmail.com,España,Sevilla,48,F
1036,Patricia,Gómez Domínguez,patricia.gomez@outlook.com,Portugal,Lisboa,36,F
1037,Carlos,Romero Ramos,carlos.romero@hotmail.com,España,Sevilla,38,M
1038,Cristina,Gil Díaz,cristina.gil2@icloud.com,Reino Unido,Londres,18,M
1039,Patricia,Torres López,patricia.torres@icloud.com,España,Bilbao,23,F
1040,María,Jiménez Díaz,maria.jimenez1@hotmail.com,España,Madrid,43,M
1041,Ana,Romero Moreno,ana.romero@live.com,Alemania,Berlín,37,F
1042,Alberto,Díaz García,alberto.diaz@gmail.com,Reino Unido,Manchester,33,M
1043,Ana,Álvarez Fernández,ana.alvarez1@live.com,España,Madrid,40,F
1044,Lucía,Muñoz García,lucia.munoz@gmail.com,Italia,Roma,51,M
1045,Diego,Martínez Moreno,diego.martinez@hotmail.com,México,CDMX,32,F
1046,Marta,Gil Vázquez,marta.gil1@hotmail.com,Italia,Nápoles,35,M
1047,Elena,Muñoz Torres,elena.munoz1@outlook.com,España,Barcelona,36,M
1048,Andrés,Jiménez Pérez,andres.jimenez@hotmail.com,España,Valencia,58,F
1049,Raquel,Muñoz Sánchez,raquel.munoz@hotmail.com,México,Monterrey,18,M
1050,Lucía,Gil Martínez,lucia.gil@yahoo.com,España,Bilbao,41,M
1051,Elena,Ramos Moreno,elena.ramos@live.com,México,Monterrey,33,M
1052,Álvaro,Gil Moreno,alvaro.gil@icloud.com,Alemania,Berlín,40,M
1053,Raquel,Vázquez Pérez,raquel.vazquez1@outlook.com,Argentina,Buenos Aires,28,F
1054,Elena,Domínguez Hernández,elena.dominguez3@icloud.com,Reino Unido,Manchester,34,F
1055,Diego,Martínez Romero,diego.martinez1@yahoo.com,Argentina,Buenos Aires,42,M
1056,Álvaro,Domínguez Pérez,alvaro.dominguez@icloud.com,España,Barcelona,66,F
1057,Juan,Sánchez Vázquez,juan.sanchez1@live.com,Reino Unido,Londres,43,F
1058,Andrés,Romero Álvarez,andres.romero@outlook.com,Francia,Lyon,26,F
1059,Lucía,Romero Díaz,lucia.romero@hotmail.com,Francia,Marsella,30,M
1060,Javier,Martínez Fernández,javier.martinez1@yahoo.com,Italia,Milán,30,F
1061,Sergio,Díaz Díaz,sergio.diaz@outlook.com,México,CDMX,18,F
1062,Javier,Domínguez Martínez,javier.dominguez1@outlook.com,Argentina,Córdoba,31,F
1063,Lucía,Vázquez Pérez,lucia.vazquez@live.com,Reino Unido,Londres,42,M
1064,Alberto,Muñoz Sánchez,alberto.munoz1@hotmail.com,Francia,París,22,M
1065,Carlos,Martínez Pérez,carlos.martinez@icloud.com,Francia,París,45,F
1066,Carlos,Vázquez Muñoz,carlos.vazquez@gmail.com,Reino Unido,Manchester,39,M
1067,Patricia,Muñoz García,patricia.munoz@live.com,España,Valencia,27,F
1068,David,Domínguez Álvarez,david.dominguez1@live.com,España,Bilbao,33,M
1069,Sergio,Martínez Moreno,sergio.martinez@outlook.com,España,Bilbao,50,F
1070,María,Fernández Martínez,maria.fernandez@outlook.com,España,Madrid,42,F
1071,Juan,Hernández Sánchez,juan.hernandez@hotmail.com,España,Sevilla,35,F
1072,Elena,Romero Ramos,elena.romero@gmail.com,España,Valencia,32,F
1073,Juan,Muñoz López,juan.munoz@gmail.com,España,Madrid,35,F
1074,Sergio,Hernández Torres,sergio.hernandez@gmail.com,España,Barcelona,29,M
1075,Pablo,Hernández Gil,pablo.hernandez@yahoo.com,Argentina,Córdoba,18,F
1076,Pablo,Romero Gómez,pablo.romero@outlook.com,Francia,Lyon,55,M
1077,Alberto,Gómez García,alberto.gomez@live.com,España,Valencia,36,F
1078,Ana,Álvarez Pérez,ana.alvarez1@gmail.com,Portugal,Oporto,38,M
1079,Javier,Hernández Moreno,javier.hernandez@icloud.com,España,Barcelona,34,F
1080,Cristina,Gil Pérez,cristina.gil@yahoo.com,Argentina,Córdoba,27,F
1081,Alberto,Martínez López,alberto.martinez1@gmail.com,Reino Unido,Londres,33,M
1082,Sofía,Domínguez Díaz,sofia.dominguez@live.com,España,Bilbao,19,M
1083,David,Pérez López,david.perez@live.com,Francia,París,57,Otro/NA
1084,David,Romero García,david.romero@yahoo.com,México,Guadalajara,22,M
1085,David,Romero Ramos,david.romero1@gmail.com,Argentina,Córdoba,24,M
1086,Lucía,López Álvarez,lucia.lopez@live.com,Francia,Marsella,30,M
1087,Andrés,Domínguez Pérez,andres.dominguez@live.com,Italia,Roma,47,Otro/NA
1088,Raquel,Sánchez Gómez,raquel.sanchez@gmail.com,España,Barcelona,35,Otro/NA
1089,Andrés,Gómez Torres,andres.gomez1@outlook.com,Argentina,Rosario,22,F
1090,Javier,Ramos Pérez,javier.ramos@icloud.com,España,Valencia,47,F
1091,Diego,Vázquez Domínguez,diego.vazquez@outlook.com,Argentina,Córdoba,42,M
1092,Sofía,Pérez Hernández,sofia.perez@live.com,Portugal,Lisboa,40,Otro/NA
1093,Ana,Muñoz Torres,ana.munoz2@live.com,Italia,Nápoles,42,M
1094,Javier,Álvarez Álvarez,javier.alvarez@icloud.com,Alemania,Múnich,58,M
1095,Patricia,Jiménez Jiménez,patricia.jimenez@live.com,España,Sevilla,56,M
1096,Marta,Romero Romero,marta.romero1@gmail.com,España,Madrid,28,F
1097,Patricia,García García,patricia.garcia1@icloud.com,España,Sevilla,51,F
1098,Marta,Gómez Hernández,marta.gomez1@outlook.com,España,Sevilla,38,M
1099,María,Romero Sánchez,maria.romero@live.com,Reino Unido,Londres,39,Otro/NA
1100,Patricia,Ramos Pérez,patricia.ramos2@outlook.com,España,Bilbao,18,M
1101,Sergio,Fernández Martínez,sergio.fernandez@yahoo.com,España,Barcelona,33,M
1102,Álvaro,Romero Martínez,alvaro.romero@outlook.com,Argentina,Rosario,26,M
1103,David,López Gil,david.lopez1@live.com,México,Guadalajara,43,F
1104,Lucía,Ruiz Gómez,lucia.ruiz1@yahoo.com,Argentina,Rosario,45,F
1105,Patricia,Jiménez Domínguez,patricia.jimenez@outlook.com,Argentina,Rosario,18,M
1106,Pablo,Gómez Gómez,pablo.gomez@yahoo.com,España,Bilbao,34,F
1107,Sofía,Sánchez García,sofia.sanchez@outlook.com,España,Bilbao,46,M
1108,Sergio,López Muñoz,sergio.lopez@yahoo.com,Reino Unido,Londres,33,F
1109,Alberto,Sánchez Álvarez,alberto.sanchez@outlook.com,Portugal,Lisboa,42,Otro/NA
1110,Marta,Romero Romero,marta.romero@icloud.com,España,Sevilla,38,M
1111,Patricia,Moreno Vázquez,patricia.moreno1@live.com,Reino Unido,Manchester,38,F
1112,Sergio,López Ruiz,sergio.lopez1@hotmail.com,España,Bilbao,32,F
1113,Laura,Domínguez Ramos,laura.dominguez@hotmail.com,España,Barcelona,22,M
1114,Raquel,Muñoz Domínguez,raquel.munoz2@icloud.com,Alemania,Berlín,23,F
1115,Diego,Domínguez Hernández,diego.dominguez@hotmail.com,Italia,Milán,42,F
1116,Carlos,Gil Díaz,carlos.gil1@gmail.com,Italia,Roma,35,M
1117,Javier,Gómez Álvarez,javier.gomez1@live.com,España,Sevilla,33,M
1118,Raquel,Muñoz Gómez,raquel.munoz1@outlook.com,México,Guadalajara,30,M
1119,Sofía,Vázquez Ruiz,sofia.vazquez@yahoo.com,España,Sevilla,31,F
1120,Pablo,Muñoz López,pablo.munoz@yahoo.com,España,Bilbao,45,F
1121,Sofía,Martínez Domínguez,sofia.martinez@yahoo.com,México,CDMX,31,F
1122,Sergio,Gómez Muñoz,sergio.gomez@outlook.com,Argentina,Buenos Aires,21,M
1123,Sergio,Jiménez Pérez,sergio.jimenez@yahoo.com,México,Guadalajara,42,M
1124,María,Ramos Fernández,maria.ramos2@yahoo.com,Reino Unido,Londres,32,M
1125,Raquel,Pérez Muñoz,raquel.perez@yahoo.com,Portugal,Oporto,35,F
1126,Marta,Gómez Gil,marta.gomez1@yahoo.com,Alemania,Hamburgo,51,Otro/NA
1127,María,Pérez Martínez,maria.perez@hotmail.com,España,Sevilla,34,F
1128,Sofía,Gómez Díaz,sofia.gomez1@hotmail.com,Francia,Lyon,37,M
1129,Juan,Martínez Muñoz,juan.martinez@live.com,España,Bilbao,23,F
1130,Andrés,Álvarez Gómez,andres.alvarez@yahoo.com,España,Sevilla,32,F
1131,Diego,Hernández Vázquez,diego.hernandez@yahoo.com,Reino Unido,Londres,41,M
1132,Sergio,Hernández Gil,sergio.hernandez1@gmail.com,Alemania,Hamburgo,19,F
1133,Javier,Romero López,javier.romero1@hotmail.com,España,Bilbao,37,M
1134,Andrés,Hernández Romero,andres.hernandez@outlook.com,España,Sevilla,36,M
1135,Pablo,Gómez Torres,pablo.gomez1@yahoo.com,Portugal,Oporto,35,M
1136,Javier,Sánchez Jiménez,javier.sanchez@live.com,España,Valencia,45,M
1137,Laura,Pérez Muñoz,laura.perez1@hotmail.com,México,Monterrey,38,M
1138,Andrés,Fernández Muñoz,andres.fernandez@yahoo.com,Alemania,Múnich,49,M
1139,Marta,García Gómez,marta.garcia@outlook.com,Alemania,Hamburgo,25,M
1140,Ana,Gil Martínez,ana.gil@gmail.com,Italia,Milán,36,F
1141,Carlos,Ruiz Moreno,carlos.ruiz@yahoo.com,México,Monterrey,35,Otro/NA
1142,Juan,García Álvarez,juan.garcia@live.com,España,Madrid,24,F
1143,Sergio,Romero Fernández,sergio.romero@hotmail.com,Portugal,Oporto,44,M
1144,Patricia,Torres Ruiz,patricia.torres1@hotmail.com,Italia,Milán,58,M
1145,Juan,Torres Sánchez,juan.torres@icloud.com,España,Bilbao,34,M
1146,Sofía,Vázquez Sánchez,sofia.vazquez@hotmail.com,México,Guadalajara,40,M
1147,Pablo,García López,pablo.garcia@hotmail.com,Reino Unido,Manchester,35,F
1148,Ana,Gil Moreno,ana.gil1@gmail.com,Portugal,Lisboa,27,F
1149,Lucía,Torres Gil,lucia.torres@gmail.com,México,CDMX,18,F
1150,Sergio,Díaz Jiménez,sergio.diaz@yahoo.com,México,CDMX,27,F
1151,Elena,Fernández García,elena.fernandez@yahoo.com,Portugal,Lisboa,21,M
1152,Alberto,Ramos Díaz,alberto.ramos1@hotmail.com,México,Monterrey,52,M
1153,David,Torres Hernández,david.torres2@outlook.com,Portugal,Lisboa,33,F
1154,Laura,Romero Gómez,laura.romero1@outlook.com,Portugal,Lisboa,31,M
1155,Ana,Álvarez Vázquez,ana.alvarez1@hotmail.com,Italia,Nápoles,43,M
1156,Álvaro,Romero Sánchez,alvaro.romero@gmail.com,Reino Unido,Manchester,23,M
1157,Pablo,López López,pablo.lopez@yahoo.com,España,Valencia,27,M
1158,Cristina,Gil Fernández,cristina.gil1@yahoo.com,México,CDMX,35,M
1159,Cristina,Gil Gil,cristina.gil@hotmail.com,México,Monterrey,45,F
1160,Marta,García García,marta.garcia1@outlook.com,España,Sevilla,40,F
1161,David,Díaz Hernández,david.diaz1@icloud.com,México,Monterrey,37,M
1162,Marta,Vázquez Fernández,marta.vazquez@outlook.com,España,Madrid,35,M
1163,Diego,Ruiz Vázquez,diego.ruiz1@hotmail.com,España,Valencia,39,F
1164,Sergio,Gil Fernández,sergio.gil1@hotmail.com,Reino Unido,Londres,37,M
1165,Elena,Vázquez Martínez,elena.vazquez3@yahoo.com,España,Madrid,24,M
1166,Carlos,Fernández Díaz,carlos.fernandez@icloud.com,Reino Unido,Manchester,35,M
1167,Patricia,Martínez Ruiz,patricia.martinez@live.com,México,CDMX,24,M
1168,Lucía,Gómez López,lucia.gomez@yahoo.com,Alemania,Múnich,35,F
1169,Ana,Pérez Ramos,ana.perez@yahoo.com,España,Madrid,30,F
1170,Javier,Martínez Ramos,javier.martinez2@yahoo.com,España,Barcelona,60,M
1171,Raquel,Moreno Martínez,raquel.moreno1@hotmail.com,Italia,Nápoles,34,M
1172,Álvaro,Martínez Ramos,alvaro.martinez@yahoo.com,Argentina,Rosario,20,M
1173,Pablo,Pérez Torres,pablo.perez@live.com,Italia,Nápoles,33,M
1174,Lucía,Martínez Martínez,lucia.martinez@gmail.com,España,Sevilla,40,Otro/NA
1175,Raquel,Ramos Martínez,raquel.ramos@outlook.com,Italia,Roma,51,F
1176,María,Gil Jiménez,maria.gil1@gmail.com,Alemania,Múnich,29,F
1177,Marta,Hernández López,marta.hernandez@gmail.com,Reino Unido,Manchester,19,F
1178,Álvaro,Jiménez Hernández,alvaro.jimenez@outlook.com,España,Barcelona,43,F
1179,Carlos,López García,carlos.lopez1@live.com,Reino Unido,Manchester,21,F
1180,Patricia,Martínez Moreno,patricia.martinez@yahoo.com,Alemania,Hamburgo,30,M
1181,Pablo,Sánchez Hernández,pablo.sanchez@icloud.com,Argentina,Rosario,32,M
1182,Marta,Álvarez Muñoz,marta.alvarez@outlook.com,España,Barcelona,34,F
1183,Sofía,Gómez Domínguez,sofia.gomez2@hotmail.com,Italia,Roma,41,M
1184,Raquel,Gómez Fernández,raquel.gomez@hotmail.com,Argentina,Rosario,28,Otro/NA
1185,Pablo,Hernández Jiménez,pablo.hernandez@icloud.com,España,Bilbao,32,F
1186,Carlos,Gil Muñoz,carlos.gil1@yahoo.com,Argentina,Córdoba,34,F
1187,Javier,Gil Moreno,javier.gil1@hotmail.com,Portugal,Oporto,36,M
1188,Diego,Ramos Pérez,diego.ramos@yahoo.com,España,Valencia,35,F
1189,María,Vázquez Sánchez,maria.vazquez1@yahoo.com,España,Bilbao,39,M
1190,Andrés,Gómez Jiménez,andres.gomez3@gmail.com,Portugal,Lisboa,43,Otro/NA
1191,Álvaro,Romero Álvarez,alvaro.romero1@outlook.com,España,Sevilla,38,M
1192,Elena,Ramos Domínguez,elena.ramos1@live.com,Italia,Milán,39,F
1193,Andrés,Moreno Sánchez,andres.moreno@hotmail.com,España,Madrid,19,F
1194,Javier,Martínez Domínguez,javier.martinez@outlook.com,Italia,Roma,35,M
1195,Lucía,López Pérez,lucia.lopez1@live.com,España,Madrid,39,M
1196,Patricia,Hernández García,patricia.hernandez3@outlook.com,México,Monterrey,42,Otro/NA
1197,Sergio,Jiménez Ramos,sergio.jimenez1@live.com,Argentina,Rosario,28,M
1198,Alberto,Moreno Muñoz,alberto.moreno@icloud.com,Argentina,Rosario,28,F
1199,Carlos,Muñoz Torres,carlos.munoz1@yahoo.com,Reino Unido,Manchester,29,M
1200,Ana,López Ramos,ana.lopez1@icloud.com,España,Barcelona,40,F
1201,Juan,Álvarez Martínez,juan.alvarez@gmail.com,Reino Unido,Manchester,45,F
1202,Juan,Vázquez Hernández,juan.vazquez1@icloud.com,España,Bilbao,30,M
1203,Sergio,López Gómez,sergio.lopez2@hotmail.com,España,Bilbao,44,M
1204,Diego,Hernández Pérez,diego.hernandez1@icloud.com,España,Valencia,36,F
1205,Carlos,Torres Romero,carlos.torres1@outlook.com,Alemania,Berlín,33,M
1206,Carlos,Pérez López,carlos.perez@outlook.com,Reino Unido,Londres,32,M
1207,Javier,Sánchez López,javier.sanchez1@live.com,Portugal,Oporto,42,F
1208,Álvaro,Ruiz Díaz,alvaro.ruiz@outlook.com,Francia,Lyon,38,M
1209,Ana,Jiménez Fernández,ana.jimenez@live.com,España,Sevilla,57,M
1210,Raquel,Domínguez Pérez,raquel.dominguez1@hotmail.com,Argentina,Rosario,26,F
1211,Patricia,Álvarez Gómez,patricia.alvarez@outlook.com,Francia,Lyon,40,M
1212,Pablo,Domínguez Domínguez,pablo.dominguez@icloud.com,Francia,Marsella,29,M
1213,Álvaro,Fernández Domínguez,alvaro.fernandez1@yahoo.com,España,Bilbao,26,M
1214,Alberto,Fernández Gil,alberto.fernandez@gmail.com,Reino Unido,Manchester,34,F
1215,Sofía,Gil Domínguez,sofia.gil2@gmail.com,Portugal,Oporto,36,F
1216,Ana,Martínez Jiménez,ana.martinez@yahoo.com,España,Sevilla,64,F
1217,Alberto,Sánchez Romero,alberto.sanchez1@outlook.com,España,Sevilla,33,M
1218,Carlos,Ramos Pérez,carlos.ramos@yahoo.com,Portugal,Lisboa,23,M
1219,Diego,Domínguez Jiménez,diego.dominguez1@hotmail.com,Portugal,Oporto,37,M
1220,Andrés,López Hernández,andres.lopez1@hotmail.com,España,Sevilla,18,M
1221,Alberto,Torres Moreno,alberto.torres@outlook.com,Argentina,Córdoba,34,F
1222,Marta,Gil Gil,marta.gil1@live.com,España,Barcelona,35,M
1223,Juan,Hernández Álvarez,juan.hernandez1@hotmail.com,Francia,París,42,M
1224,Pablo,Álvarez Martínez,pablo.alvarez2@outlook.com,Argentina,Córdoba,44,M
1225,Laura,Gil Muñoz,laura.gil@live.com,Francia,Lyon,29,F
1226,Patricia,Jiménez Díaz,patricia.jimenez@yahoo.com,Italia,Milán,33,F
1227,Patricia,Ruiz Fernández,patricia.ruiz1@outlook.com,España,Valencia,27,F
1228,Javier,Domínguez Gil,javier.dominguez@icloud.com,España,Sevilla,23,F
1229,Pablo,Ramos Gil,pablo.ramos1@outlook.com,Argentina,Córdoba,38,F
1230,Carlos,Gil López,carlos.gil@icloud.com,Francia,Lyon,22,M
1231,Pablo,Moreno Pérez,pablo.moreno@outlook.com,México,Monterrey,30,M
1232,Álvaro,Pérez Ramos,alvaro.perez@live.com,España,Madrid,25,F
1233,Pablo,Gil Torres,pablo.gil1@hotmail.com,España,Bilbao,40,F
1234,Juan,Ramos Sánchez,juan.ramos@hotmail.com,España,Sevilla,53,F
1235,Raquel,Torres García,raquel.torres1@outlook.com,Portugal,Oporto,21,F
1236,Marta,Domínguez Pérez,marta.dominguez3@live.com,España,Valencia,18,F
1237,Laura,Torres Hernández,laura.torres@icloud.com,México,CDMX,33,F
1238,Carlos,Torres Vázquez,carlos.torres1@hotmail.com,Francia,París,35,F
1239,Patricia,Gómez López,patricia.gomez@live.com,Argentina,Rosario,37,F
1240,Lucía,Gil Torres,lucia.gil3@icloud.com,España,Bilbao,30,M
1241,Laura,Díaz Sánchez,laura.diaz1@icloud.com,México,CDMX,32,F
1242,Andrés,Hernández Romero,andres.hernandez@hotmail.com,Reino Unido,Manchester,38,F
1243,María,Fernández Jiménez,maria.fernandez@hotmail.com,Reino Unido,Londres,45,M
1244,Juan,García Gómez,juan.garcia1@yahoo.com,México,CDMX,18,F
1245,Elena,Sánchez Hernández,elena.sanchez@icloud.com,Reino Unido,Manchester,31,F
1246,Javier,García Gómez,javier.garcia@yahoo.com,Italia,Milán,37,M
1247,Ana,Romero López,ana.romero@gmail.com,España,Sevilla,25,F
1248,Sofía,Sánchez Ruiz,sofia.sanchez1@outlook.com,España,Sevilla,52,M
1249,Laura,Fernández Ramos,laura.fernandez@icloud.com,Argentina,Buenos Aires,28,Otro/NA
1250,Lucía,Gil Moreno,lucia.gil@gmail.com,Italia,Nápoles,34,F
1251,Álvaro,Álvarez Moreno,alvaro.alvarez@yahoo.com,Reino Unido,Londres,40,M
1252,Laura,Álvarez López,laura.alvarez@hotmail.com,Alemania,Múnich,29,M
1253,Sofía,Martínez López,sofia.martinez@icloud.com,España,Valencia,18,F
1254,Laura,Jiménez Gómez,laura.jimenez@outlook.com,España,Valencia,30,M
1255,Javier,Moreno Romero,javier.moreno1@gmail.com,Portugal,Lisboa,45,M
1256,Elena,Vázquez Ruiz,elena.vazquez@icloud.com,Francia,París,31,F
1257,Ana,Fernández Torres,ana.fernandez1@yahoo.com,España,Sevilla,26,M
1258,Andrés,García Ruiz,andres.garcia@yahoo.com,Alemania,Hamburgo,44,M
1259,María,Fernández Romero,maria.fernandez@icloud.com,España,Valencia,31,F
1260,Marta,Hernández Pérez,marta.hernandez1@live.com,Italia,Nápoles,29,F
1261,Ana,Ruiz Sánchez,ana.ruiz1@outlook.com,España,Bilbao,36,F
1262,Ana,López Ramos,ana.lopez@gmail.com,Reino Unido,Manchester,42,F
1263,Álvaro,Hernández Torres,alvaro.hernandez2@yahoo.com,España,Barcelona,58,M
1264,Marta,Hernández Martínez,marta.hernandez1@yahoo.com,Francia,París,43,M
1265,David,Domínguez Moreno,david.dominguez@hotmail.com,España,Madrid,46,M
1266,Carlos,Vázquez Hernández,carlos.vazquez1@outlook.com,España,Sevilla,29,F
1267,María,Jiménez Muñoz,maria.jimenez@live.com,España,Barcelona,24,F
1268,Ana,García Álvarez,ana.garcia@hotmail.com,Francia,París,35,F
1269,María,Sánchez Gil,maria.sanchez@outlook.com,Italia,Roma,36,F
1270,Pablo,Jiménez Pérez,pablo.jimenez@gmail.com,España,Barcelona,24,F
1271,Javier,Jiménez Romero,javier.jimenez@yahoo.com,Portugal,Lisboa,33,M
1272,Sofía,Muñoz Moreno,sofia.munoz@hotmail.com,México,Guadalajara,38,M
1273,Elena,Ramos Domínguez,elena.ramos@hotmail.com,Reino Unido,Londres,38,M
1274,María,Gil Gil,maria.gil@live.com,España,Sevilla,40,M
1275,David,García Jiménez,david.garcia@gmail.com,Alemania,Múnich,37,F
1276,Marta,Gómez Moreno,marta.gomez2@outlook.com,España,Sevilla,29,M
1277,Juan,Fernández López,juan.fernandez@outlook.com,España,Sevilla,29,F
1278,Ana,Jiménez Álvarez,ana.jimenez@icloud.com,Argentina,Córdoba,23,F
1279,Alberto,Jiménez Domínguez,alberto.jimenez@yahoo.com,España,Sevilla,52,M
1280,Cristina,Torres Romero,cristina.torres@icloud.com,Alemania,Berlín,35,M
1281,Carlos,Torres Ruiz,carlos.torres2@hotmail.com,Italia,Milán,32,M
1282,Lucía,Martínez Martínez,lucia.martinez1@outlook.com,Portugal,Lisboa,25,M
1283,Diego,Pérez Gil,diego.perez@outlook.com,Alemania,Múnich,64,F
1284,Patricia,Torres Martínez,patricia.torres@yahoo.com,España,Madrid,24,M
1285,Pablo,Pérez Díaz,pablo.perez@outlook.com,España,Madrid,30,F
1286,Cristina,Romero Vázquez,cristina.romero@icloud.com,Alemania,Berlín,39,F
1287,Sofía,Vázquez García,sofia.vazquez1@icloud.com,España,Barcelona,41,F
1288,Carlos,Jiménez Pérez,carlos.jimenez1@hotmail.com,España,Valencia,44,F
1289,Patricia,Romero Sánchez,patricia.romero@live.com,España,Madrid,53,M
1290,Cristina,Álvarez Hernández,cristina.alvarez@hotmail.com,España,Madrid,40,M
1291,Javier,Martínez Muñoz,javier.martinez@icloud.com,España,Valencia,24,M
1292,Andrés,Domínguez Gómez,andres.dominguez1@icloud.com,España,Bilbao,32,M
1293,Juan,Hernández Ramos,juan.hernandez@gmail.com,Italia,Milán,38,F
1294,Cristina,Ramos Muñoz,cristina.ramos@outlook.com,Portugal,Oporto,55,F
1295,Sergio,Jiménez López,sergio.jimenez2@live.com,Reino Unido,Londres,21,M
1296,Patricia,Vázquez Díaz,patricia.vazquez2@gmail.com,España,Madrid,47,M
1297,María,Vázquez Muñoz,maria.vazquez@live.com,España,Bilbao,36,M
1298,Juan,García Romero,juan.garcia1@hotmail.com,España,Madrid,43,F
1299,Diego,Fernández López,diego.fernandez@icloud.com,Italia,Roma,33,F
1300,Raquel,Ramos Moreno,raquel.ramos@icloud.com,Portugal,Oporto,26,F
1301,Alberto,Jiménez Romero,alberto.jimenez2@outlook.com,España,Bilbao,42,F
1302,Carlos,Moreno Romero,carlos.moreno@hotmail.com,Argentina,Rosario,41,M
1303,Diego,López Vázquez,diego.lopez2@yahoo.com,España,Sevilla,44,M
1304,Patricia,Pérez Romero,patricia.perez1@yahoo.com,Alemania,Múnich,34,M
1305,Lucía,Ruiz Sánchez,lucia.ruiz1@live.com,Portugal,Oporto,29,M
1306,Lucía,García López,lucia.garcia2@gmail.com,México,Monterrey,19,F
1307,Elena,Jiménez Gómez,elena.jimenez@outlook.com,Portugal,Lisboa,43,F
1308,Andrés,Muñoz Sánchez,andres.munoz@outlook.com,Reino Unido,Londres,39,F
1309,Ana,Vázquez Muñoz,ana.vazquez1@hotmail.com,España,Madrid,25,F
1310,Lucía,Gómez Álvarez,lucia.gomez@hotmail.com,Reino Unido,Londres,29,M
1311,Ana,Ramos Fernández,ana.ramos1@outlook.com,España,Bilbao,30,M
1312,Marta,Gil Muñoz,marta.gil@gmail.com,México,Monterrey,20,F
1313,Andrés,Muñoz Jiménez,andres.munoz@gmail.com,Alemania,Múnich,26,F
1314,Sofía,Gómez López,sofia.gomez2@live.com,Reino Unido,Manchester,23,M
1315,Álvaro,Gil Jiménez,alvaro.gil@live.com,Francia,París,30,F
1316,Elena,Sánchez Jiménez,elena.sanchez1@yahoo.com,Portugal,Oporto,27,F
1317,Raquel,Hernández Gil,raquel.hernandez@gmail.com,Alemania,Múnich,18,M
1318,Andrés,Jiménez Torres,andres.jimenez@outlook.com,Reino Unido,Londres,55,F
1319,Cristina,Martínez Fernández,cristina.martinez@yahoo.com,España,Sevilla,47,M
1320,Sergio,Ruiz Torres,sergio.ruiz@hotmail.com,España,Valencia,27,F
1321,Patricia,Álvarez Sánchez,patricia.alvarez@yahoo.com,España,Barcelona,37,F
1322,Cristina,López Ruiz,cristina.lopez1@live.com,España,Sevilla,39,Otro/NA
1323,Andrés,Torres Romero,andres.torres@yahoo.com,México,CDMX,46,M
1324,Alberto,Díaz Martínez,alberto.diaz@icloud.com,España,Barcelona,26,M
1325,Carlos,Moreno Vázquez,carlos.moreno1@hotmail.com,Argentina,Rosario,45,M
1326,Carlos,Romero Pérez,carlos.romero@icloud.com,España,Madrid,29,M
1327,Álvaro,Hernández Torres,alvaro.hernandez3@yahoo.com,España,Barcelona,21,F
1328,Laura,Fernández Pérez,laura.fernandez@outlook.com,Reino Unido,Londres,42,F
1329,Alberto,Domínguez Fernández,alberto.dominguez1@gmail.com,Portugal,Lisboa,47,M
1330,Patricia,Hernández Jiménez,patricia.hernandez4@outlook.com,Alemania,Hamburgo,60,M
1331,Javier,Gómez Ramos,javier.gomez@yahoo.com,Alemania,Múnich,23,M
1332,Alberto,Sánchez Martínez,alberto.sanchez2@outlook.com,Portugal,Lisboa,41,M
1333,Elena,Moreno Gil,elena.moreno@hotmail.com,España,Sevilla,30,M
1334,Patricia,Martínez Muñoz,patricia.martinez1@live.com,Argentina,Córdoba,42,M
1335,Raquel,Fernández Martínez,raquel.fernandez@icloud.com,Argentina,Buenos Aires,20,F
1336,Alberto,López Moreno,alberto.lopez@yahoo.com,Portugal,Oporto,22,M
1337,Carlos,Romero Álvarez,carlos.romero2@outlook.com,España,Valencia,27,F
1338,Elena,Domínguez Torres,elena.dominguez@hotmail.com,Portugal,Oporto,35,F
1339,Alberto,García Fernández,alberto.garcia@icloud.com,España,Bilbao,28,M
1340,Elena,Torres Martínez,elena.torres@hotmail.com,España,Madrid,41,F
1341,Marta,Domínguez Fernández,marta.dominguez@outlook.com,España,Sevilla,45,F
1342,Pablo,Pérez García,pablo.perez@gmail.com,Francia,Marsella,40,F
1343,Ana,Fernández Álvarez,ana.fernandez1@gmail.com,México,Guadalajara,51,M
1344,Diego,Jiménez Ruiz,diego.jimenez@gmail.com,Reino Unido,Londres,39,M
1345,Lucía,Torres Ruiz,lucia.torres@outlook.com,Reino Unido,Manchester,22,F
1346,Lucía,Domínguez Gómez,lucia.dominguez@icloud.com,Francia,Lyon,48,F
1347,Lucía,Hernández López,lucia.hernandez@yahoo.com,España,Bilbao,28,M
1348,Lucía,Jiménez Pérez,lucia.jimenez1@outlook.com,España,Barcelona,44,M
1349,Alberto,Pérez López,alberto.perez2@hotmail.com,Argentina,Córdoba,50,M
1350,Carlos,Sánchez Ruiz,carlos.sanchez@outlook.com,España,Barcelona,39,M
1351,Pablo,Domínguez Muñoz,pablo.dominguez@live.com,México,CDMX,20,F
1352,Ana,Pérez López,ana.perez1@yahoo.com,Italia,Nápoles,25,M
1353,Álvaro,Fernández Hernández,alvaro.fernandez@icloud.com,Francia,Marsella,48,M
1354,Juan,Martínez Romero,juan.martinez@gmail.com,Reino Unido,Londres,33,F
1355,Sofía,Romero Álvarez,sofia.romero@live.com,Alemania,Hamburgo,35,M
1356,Álvaro,Muñoz Domínguez,alvaro.munoz1@yahoo.com,México,Guadalajara,42,F
1357,Álvaro,Domínguez Fernández,alvaro.dominguez1@live.com,México,Guadalajara,41,F
1358,Elena,Sánchez Ruiz,elena.sanchez1@outlook.com,Francia,Lyon,37,M
1359,Carlos,García Gómez,carlos.garcia@yahoo.com,España,Valencia,32,F
1360,Alberto,Hernández Martínez,alberto.hernandez1@hotmail.com,Italia,Roma,31,F
1361,Pablo,Martínez López,pablo.martinez@outlook.com,Argentina,Buenos Aires,43,M
1362,Alberto,Gil Álvarez,alberto.gil@icloud.com,España,Sevilla,40,M
1363,Juan,López Jiménez,juan.lopez1@gmail.com,Italia,Milán,32,F
1364,Sergio,Jiménez Hernández,sergio.jimenez3@live.com,Italia,Milán,45,F
1365,Andrés,Romero Gómez,andres.romero1@outlook.com,Reino Unido,Manchester,33,F
1366,Sergio,Martínez Fernández,sergio.martinez1@outlook.com,España,Valencia,26,M
1367,Pablo,Sánchez Moreno,pablo.sanchez1@icloud.com,Portugal,Oporto,27,F
1368,Carlos,Domínguez Álvarez,carlos.dominguez@icloud.com,México,Guadalajara,25,M
1369,Sofía,Hernández Torres,sofia.hernandez@gmail.com,España,Barcelona,32,F
1370,Cristina,García Torres,cristina.garcia@icloud.com,España,Barcelona,47,F
1371,Laura,Ramos Vázquez,laura.ramos1@gmail.com,Argentina,Buenos Aires,26,F
1372,Ana,Hernández Gómez,ana.hernandez@live.com,España,Madrid,36,F
1373,Diego,Fernández Álvarez,diego.fernandez3@live.com,México,CDMX,28,F
1374,Javier,Jiménez Moreno,javier.jimenez1@live.com,Alemania,Berlín,32,F
1375,Carlos,Fernández Ramos,carlos.fernandez1@hotmail.com,España,Barcelona,19,M
1376,Pablo,Fernández Muñoz,pablo.fernandez@yahoo.com,México,Monterrey,32,F
1377,Álvaro,Hernández García,alvaro.hernandez1@gmail.com,Francia,Lyon,33,F
1378,Pablo,Ruiz Vázquez,pablo.ruiz@gmail.com,Alemania,Múnich,40,M
1379,Carlos,Vázquez Gil,carlos.vazquez2@hotmail.com,España,Bilbao,37,F
1380,Marta,Jiménez Fernández,marta.jimenez@hotmail.com,Italia,Nápoles,23,M
1381,Sofía,Romero López,sofia.romero@gmail.com,España,Sevilla,45,F
1382,Javier,Sánchez Ramos,javier.sanchez@icloud.com,España,Bilbao,37,F
1383,Alberto,Ruiz Gil,alberto.ruiz1@hotmail.com,Argentina,Rosario,36,M
1384,Álvaro,Pérez Pérez,alvaro.perez1@live.com,España,Madrid,34,F
1385,Andrés,Gómez Jiménez,andres.gomez1@hotmail.com,Portugal,Oporto,29,M
1386,Andrés,Ruiz Jiménez,andres.ruiz@gmail.com,España,Sevilla,37,F
1387,Álvaro,Sánchez García,alvaro.sanchez@outlook.com,Reino Unido,Manchester,39,M
1388,María,García Pérez,maria.garcia@outlook.com,España,Barcelona,18,M
1389,Andrés,Gil Romero,andres.gil@outlook.com,Argentina,Buenos Aires,29,M
1390,Marta,Vázquez Pérez,marta.vazquez@gmail.com,Francia,Marsella,32,M
1391,María,Domínguez Torres,maria.dominguez@yahoo.com,España,Valencia,37,F
1392,David,Sánchez Jiménez,david.sanchez@outlook.com,España,Barcelona,46,F
1393,Marta,Fernández Sánchez,marta.fernandez1@gmail.com,España,Sevilla,27,M
1394,Sergio,Vázquez Álvarez,sergio.vazquez1@yahoo.com,Alemania,Berlín,30,M
1395,Elena,Moreno Ruiz,elena.moreno1@yahoo.com,España,Madrid,29,M
1396,Pablo,Vázquez Domínguez,pablo.vazquez@icloud.com,México,CDMX,26,F
1397,María,Jiménez García,maria.jimenez1@gmail.com,Francia,Marsella,31,F
1398,David,Ruiz Romero,david.ruiz@icloud.com,España,Bilbao,42,M
1399,Ana,Pérez Pérez,ana.perez2@yahoo.com,Italia,Milán,24,F
1400,Sofía,Hernández Romero,sofia.hernandez@live.com,Portugal,Lisboa,39,M
1401,Raquel,Ramos Ramos,raquel.ramos@yahoo.com,España,Madrid,18,F
1402,Lucía,Díaz Sánchez,lucia.diaz1@live.com,España,Sevilla,29,F
1403,Ana,Gómez Martínez,ana.gomez@hotmail.com,España,Valencia,31,F
1404,María,López Fernández,maria.lopez1@icloud.com,Reino Unido,Londres,51,F
1405,Lucía,Hernández Fernández,lucia.hernandez@gmail.com,Portugal,Lisboa,32,F
1406,Cristina,Gil Álvarez,cristina.gil1@hotmail.com,Francia,París,18,F
1407,Laura,Jiménez Vázquez,laura.jimenez@yahoo.com,México,Monterrey,18,F
1408,Raquel,Vázquez Gómez,raquel.vazquez@hotmail.com,Reino Unido,Manchester,35,M
1409,Alberto,Romero Gil,alberto.romero1@gmail.com,Italia,Roma,41,M
1410,Patricia,Martínez Muñoz,patricia.martinez@outlook.com,México,CDMX,38,M
1411,Elena,Pérez Fernández,elena.perez@hotmail.com,España,Valencia,36,F
1412,David,García Moreno,david.garcia1@hotmail.com,España,Valencia,46,M
1413,Pablo,Torres Fernández,pablo.torres@gmail.com,España,Barcelona,29,M
1414,Sergio,Martínez Fernández,sergio.martinez1@live.com,España,Madrid,43,M
1415,Elena,Sánchez Ramos,elena.sanchez1@live.com,Alemania,Múnich,18,M
1416,Sofía,Muñoz García,sofia.munoz1@icloud.com,Argentina,Rosario,25,F
1417,Andrés,Martínez Moreno,andres.martinez@gmail.com,España,Barcelona,18,F
1418,Lucía,López Moreno,lucia.lopez@gmail.com,España,Valencia,32,F
1419,Juan,Álvarez García,juan.alvarez@live.com,Francia,Marsella,34,F
1420,Ana,Muñoz Hernández,ana.munoz3@live.com,Argentina,Rosario,36,F
1421,David,Gómez Hernández,david.gomez@hotmail.com,España,Bilbao,35,F
1422,Andrés,Gil Domínguez,andres.gil@yahoo.com,Alemania,Berlín,25,M
1423,Juan,Ramos Sánchez,juan.ramos1@gmail.com,España,Valencia,33,F
1424,Lucía,Romero Torres,lucia.romero1@gmail.com,España,Bilbao,20,M
1425,Marta,Gil Romero,marta.gil2@hotmail.com,Argentina,Buenos Aires,48,M
1426,Patricia,Moreno Álvarez,patricia.moreno@hotmail.com,Argentina,Córdoba,31,F
1427,Alberto,Hernández Álvarez,alberto.hernandez2@hotmail.com,España,Barcelona,30,M
1428,Diego,Jiménez Moreno,diego.jimenez@hotmail.com,Argentina,Córdoba,50,M
1429,Andrés,Fernández Moreno,andres.fernandez@icloud.com,Italia,Roma,22,M
1430,Patricia,Vázquez Vázquez,patricia.vazquez@outlook.com,México,CDMX,23,M
1431,Alberto,López Álvarez,alberto.lopez@outlook.com,Francia,Marsella,24,M
1432,Marta,Romero Domínguez,marta.romero1@yahoo.com,Alemania,Hamburgo,34,M
1433,Laura,Ramos Jiménez,laura.ramos@live.com,Alemania,Hamburgo,39,F
1434,Cristina,Pérez Sánchez,cristina.perez@live.com,Portugal,Lisboa,42,F
1435,Carlos,López Gómez,carlos.lopez@yahoo.com,España,Bilbao,60,M
1436,Pablo,Romero Romero,pablo.romero1@gmail.com,España,Madrid,18,F
1437,Alberto,Sánchez Álvarez,alberto.sanchez@icloud.com,España,Sevilla,41,M
1438,Carlos,Romero Moreno,carlos.romero3@outlook.com,Portugal,Oporto,29,M
1439,Sergio,Hernández Gómez,sergio.hernandez@yahoo.com,España,Sevilla,29,M
1440,Sofía,Romero Vázquez,sofia.romero1@gmail.com,Portugal,Oporto,28,F
1441,Diego,Torres Gil,diego.torres@live.com,Argentina,Rosario,25,M
1442,Cristina,Díaz Gómez,cristina.diaz@live.com,España,Madrid,51,F
1443,Sergio,Díaz Vázquez,sergio.diaz1@live.com,Portugal,Oporto,43,F
1444,Juan,Pérez Álvarez,juan.perez1@yahoo.com,Francia,Lyon,35,F
1445,Javier,Gil Muñoz,javier.gil@icloud.com,México,CDMX,48,F
1446,Raquel,Ruiz Hernández,raquel.ruiz@gmail.com,España,Valencia,19,F
1447,Andrés,Moreno Álvarez,andres.moreno2@gmail.com,Portugal,Oporto,21,M
1448,Juan,Muñoz Hernández,juan.munoz@hotmail.com,México,Guadalajara,18,M
1449,María,Gómez Gil,maria.gomez@icloud.com,Argentina,Rosario,28,F
1450,Laura,Jiménez Sánchez,laura.jimenez@gmail.com,Portugal,Oporto,36,F
1451,Sergio,Jiménez López,sergio.jimenez@hotmail.com,Alemania,Múnich,36,M
1452,Laura,Romero Sánchez,laura.romero1@hotmail.com,Italia,Milán,36,M
1453,Ana,Torres López,ana.torres1@icloud.com,México,Guadalajara,20,M
1454,Marta,García García,marta.garcia@yahoo.com,Italia,Roma,43,M
1455,Sergio,López Gil,sergio.lopez1@gmail.com,España,Bilbao,37,M
1456,Elena,Torres Álvarez,elena.torres1@outlook.com,Argentina,Buenos Aires,42,F
1457,Carlos,Sánchez Sánchez,carlos.sanchez@live.com,Portugal,Oporto,18,F
1458,María,Moreno Torres,maria.moreno@gmail.com,Portugal,Lisboa,38,F
1459,Diego,Torres Gil,diego.torres1@icloud.com,España,Sevilla,23,F
1460,Alberto,Romero Vázquez,alberto.romero1@outlook.com,Portugal,Lisboa,31,F
1461,David,Gómez Sánchez,david.gomez1@icloud.com,España,Sevilla,40,M
1462,Ana,Hernández Romero,ana.hernandez@hotmail.com,Portugal,Lisboa,35,M
1463,Raquel,Moreno Domínguez,raquel.moreno1@yahoo.com,España,Madrid,26,F
1464,Álvaro,Gil Ramos,alvaro.gil@hotmail.com,Portugal,Oporto,35,F
1465,Javier,Ramos Martínez,javier.ramos@hotmail.com,Argentina,Buenos Aires,19,M
1466,Cristina,Pérez Hernández,cristina.perez@icloud.com,España,Bilbao,46,Otro/NA
1467,Álvaro,Domínguez Álvarez,alvaro.dominguez3@gmail.com,Argentina,Buenos Aires,32,M
1468,Pablo,Sánchez Fernández,pablo.sanchez@live.com,Francia,París,46,M
1469,Lucía,Muñoz Díaz,lucia.munoz@live.com,México,Monterrey,29,M
1470,Raquel,Sánchez Romero,raquel.sanchez@icloud.com,Reino Unido,Manchester,29,M
1471,Juan,Jiménez Vázquez,juan.jimenez1@outlook.com,Italia,Nápoles,27,F
1472,Alberto,Vázquez Muñoz,alberto.vazquez@outlook.com,Reino Unido,Manchester,43,F
1473,María,López Sánchez,maria.lopez2@icloud.com,México,Monterrey,27,M
1474,Patricia,Hernández Fernández,patricia.hernandez5@outlook.com,Francia,Marsella,41,F
1475,Lucía,Vázquez Torres,lucia.vazquez2@icloud.com,España,Sevilla,31,F
1476,Elena,Romero Sánchez,elena.romero1@yahoo.com,Portugal,Oporto,18,F
1477,Sofía,Muñoz Moreno,sofia.munoz1@hotmail.com,Reino Unido,Londres,29,F
1478,Alberto,Ramos Romero,alberto.ramos2@hotmail.com,Reino Unido,Londres,23,M
1479,Sofía,Álvarez Álvarez,sofia.alvarez@icloud.com,Reino Unido,Manchester,35,F
1480,Raquel,Díaz Muñoz,raquel.diaz@outlook.com,Francia,Lyon,23,M
1481,Alberto,Gil García,alberto.gil1@outlook.com,Reino Unido,Manchester,44,F
1482,Sergio,Díaz Moreno,sergio.diaz@hotmail.com,España,Bilbao,34,M
1483,Carlos,Vázquez Díaz,carlos.vazquez2@outlook.com,Alemania,Hamburgo,33,F
1484,Raquel,Gómez Domínguez,raquel.gomez@outlook.com,España,Barcelona,41,F
1485,María,Torres Hernández,maria.torres@yahoo.com,España,Sevilla,44,M
1486,Elena,Muñoz Ruiz,elena.munoz1@gmail.com,España,Madrid,34,M
1487,David,López Ruiz,david.lopez2@live.com,España,Valencia,27,F
1488,Andrés,Jiménez Hernández,andres.jimenez1@outlook.com,Portugal,Oporto,18,F
1489,Patricia,Fernández Álvarez,patricia.fernandez@yahoo.com,España,Barcelona,28,M
1490,Pablo,Ramos Díaz,pablo.ramos@gmail.com,Francia,Lyon,28,F
1491,Lucía,Álvarez García,lucia.alvarez@yahoo.com,España,Sevilla,36,M
1492,Alberto,Álvarez Álvarez,alberto.alvarez@icloud.com,España,Barcelona,31,M
1493,Carlos,Ramos Martínez,carlos.ramos1@live.com,España,Madrid,41,M
1494,Javier,Jiménez García,javier.jimenez2@live.com,España,Madrid,28,M
1495,Alberto,Vázquez García,alberto.vazquez@icloud.com,Italia,Nápoles,34,F
1496,Sofía,Díaz Pérez,sofia.diaz@yahoo.com,Portugal,Oporto,46,Otro/NA
1497,Raquel,Gómez Moreno,raquel.gomez1@hotmail.com,Italia,Nápoles,38,M
1498,Cristina,López Domínguez,cristina.lopez@hotmail.com,Francia,Lyon,34,F
1499,Lucía,Ramos Gil,lucia.ramos@gmail.com,España,Barcelona,28,M
1500,Raquel,Torres Jiménez,raquel.torres@gmail.com,México,Guadalajara,28,F
1501,Sergio,Sánchez Jiménez,sergio.sanchez1@yahoo.com,Alemania,Berlín,26,M
1502,Elena,Ramos Gómez,elena.ramos@gmail.com,Francia,París,29,F
1503,Javier,Gil Ramos,javier.gil@live.com,España,Bilbao,42,F
1504,Elena,Romero Álvarez,elena.romero@hotmail.com,España,Barcelona,32,M
1505,David,Jiménez Díaz,david.jimenez@hotmail.com,España,Bilbao,21,F
1506,Lucía,Vázquez Vázquez,lucia.vazquez3@icloud.com,España,Sevilla,52,M
1507,Cristina,Sánchez Muñoz,cristina.sanchez@live.com,Italia,Roma,38,M
1508,Carlos,Romero Fernández,carlos.romero@live.com,Alemania,Hamburgo,20,M
1509,Cristina,Gómez Gil,cristina.gomez@outlook.com,Italia,Roma,30,M
1510,Cristina,Hernández Muñoz,cristina.hernandez@live.com,Reino Unido,Londres,36,M
1511,Laura,Muñoz Martínez,laura.munoz1@live.com,Reino Unido,Londres,52,M
1512,Pablo,López Ramos,pablo.lopez@hotmail.com,Portugal,Lisboa,23,M
1513,Pablo,Gil Álvarez,pablo.gil@icloud.com,Argentina,Buenos Aires,44,M
1514,Ana,Sánchez Pérez,ana.sanchez@outlook.com,España,Bilbao,48,F
1515,Javier,Gil Muñoz,javier.gil@outlook.com,España,Sevilla,28,F
1516,Carlos,Muñoz Gómez,carlos.munoz2@yahoo.com,España,Madrid,32,M
1517,Ana,Jiménez Muñoz,ana.jimenez@gmail.com,Portugal,Oporto,24,M
1518,Marta,Torres Jiménez,marta.torres1@live.com,México,CDMX,32,M
1519,Laura,Martínez Domínguez,laura.martinez@live.com,España,Bilbao,34,F
1520,David,López Gómez,david.lopez@hotmail.com,Argentina,Buenos Aires,41,F
1521,Andrés,Fernández Álvarez,andres.fernandez1@icloud.com,España,Barcelona,45,M
1522,Ana,Pérez Díaz,ana.perez@outlook.com,Argentina,Rosario,27,M
1523,Lucía,Ramos Sánchez,lucia.ramos1@hotmail.com,España,Bilbao,18,M
1524,David,García Pérez,david.garcia@icloud.com,España,Madrid,34,M
1525,Diego,Pérez Domínguez,diego.perez@gmail.com,Alemania,Hamburgo,37,F
1526,Patricia,Pérez Sánchez,patricia.perez@outlook.com,España,Bilbao,37,F
1527,Sofía,Romero Ramos,sofia.romero2@gmail.com,España,Bilbao,31,M
1528,Sofía,Vázquez Muñoz,sofia.vazquez1@hotmail.com,España,Barcelona,36,F
1529,Patricia,Hernández Ruiz,patricia.hernandez@hotmail.com,Reino Unido,Londres,50,M
1530,Sofía,Muñoz Vázquez,sofia.munoz@outlook.com,Alemania,Berlín,38,M
1531,Andrés,Gil Gómez,andres.gil@hotmail.com,España,Madrid,31,F
1532,Elena,Ramos Jiménez,elena.ramos@yahoo.com,Italia,Roma,29,F
1533,Elena,Romero Fernández,elena.romero@live.com,Portugal,Lisboa,33,M
1534,Ana,Fernández López,ana.fernandez2@yahoo.com,España,Madrid,51,M
1535,Patricia,Fernández López,patricia.fernandez1@live.com,Francia,París,33,F
1536,Lucía,Jiménez García,lucia.jimenez2@outlook.com,España,Barcelona,34,F
1537,Diego,Hernández Álvarez,diego.hernandez1@yahoo.com,España,Barcelona,30,M
1538,Patricia,Ramos García,patricia.ramos2@yahoo.com,Portugal,Lisboa,45,M
1539,Sergio,Hernández Ramos,sergio.hernandez@icloud.com,España,Madrid,54,M
1540,Marta,Álvarez Pérez,marta.alvarez1@hotmail.com,Alemania,Berlín,39,F
1541,Sofía,Moreno García,sofia.moreno@yahoo.com,Portugal,Oporto,35,F
1542,Juan,López Gil,juan.lopez@yahoo.com,España,Sevilla,35,M
1543,Pablo,Ramos Vázquez,pablo.ramos@icloud.com,Italia,Milán,18,F
1544,Cristina,García López,cristina.garcia1@icloud.com,España,Sevilla,42,F
1545,Lucía,Gil Ramos,lucia.gil@outlook.com,Argentina,Buenos Aires,36,M
1546,Sergio,Domínguez Muñoz,sergio.dominguez@live.com,Alemania,Berlín,39,M
1547,Patricia,Muñoz García,patricia.munoz@hotmail.com,Reino Unido,Londres,27,F
1548,Patricia,Pérez Pérez,patricia.perez@gmail.com,Alemania,Hamburgo,31,F
1549,Juan,Hernández Romero,juan.hernandez1@icloud.com,España,Bilbao,30,F
1550,Juan,Martínez Moreno,juan.martinez1@gmail.com,Italia,Nápoles,45,F
1551,Pablo,Moreno Gómez,pablo.moreno1@gmail.com,Argentina,Rosario,31,M
1552,Sergio,Vázquez Díaz,sergio.vazquez@gmail.com,Italia,Nápoles,55,M
1553,Lucía,Martínez Díaz,lucia.martinez@icloud.com,Reino Unido,Manchester,39,F
1554,Lucía,García Hernández,lucia.garcia3@gmail.com,México,Monterrey,22,M
1555,Andrés,Vázquez Fernández,andres.vazquez@gmail.com,España,Sevilla,33,F
1556,Andrés,Moreno Vázquez,andres.moreno@outlook.com,España,Madrid,28,F
1557,Cristina,Sánchez Díaz,cristina.sanchez@gmail.com,Italia,Roma,18,F
1558,Raquel,Hernández Muñoz,raquel.hernandez@outlook.com,Francia,Marsella,50,M
1559,Patricia,García Ruiz,patricia.garcia1@yahoo.com,México,CDMX,42,F
1560,Sofía,Díaz Martínez,sofia.diaz1@yahoo.com,México,Guadalajara,40,F
1561,Álvaro,Álvarez Ruiz,alvaro.alvarez1@live.com,España,Barcelona,36,F
1562,Juan,Ramos López,juan.ramos1@icloud.com,España,Valencia,21,F
1563,Patricia,Muñoz Pérez,patricia.munoz1@hotmail.com,Reino Unido,Manchester,30,M
1564,Sofía,Jiménez García,sofia.jimenez@gmail.com,España,Madrid,43,M
1565,Laura,Muñoz Ramos,laura.munoz@gmail.com,México,Guadalajara,24,M
1566,Elena,Muñoz Sánchez,elena.munoz2@outlook.com,Francia,París,18,M
1567,Andrés,Muñoz Sánchez,andres.munoz2@hotmail.com,Portugal,Lisboa,32,F
1568,Diego,Álvarez Romero,diego.alvarez@live.com,España,Bilbao,33,F
1569,Cristina,Vázquez Gil,cristina.vazquez@hotmail.com,Italia,Milán,36,F
1570,Ana,Fernández Sánchez,ana.fernandez3@yahoo.com,Francia,Lyon,42,F
1571,Juan,Gómez Sánchez,juan.gomez@live.com,Italia,Nápoles,41,M
1572,Patricia,Torres Pérez,patricia.torres1@outlook.com,España,Barcelona,37,Otro/NA
1573,Carlos,Pérez Hernández,carlos.perez2@gmail.com,Reino Unido,Londres,46,M
1574,Elena,Fernández Ruiz,elena.fernandez1@outlook.com,México,Monterrey,19,M
1575,Lucía,Vázquez Gómez,lucia.vazquez@yahoo.com,España,Bilbao,40,F
1576,Cristina,Muñoz López,cristina.munoz1@live.com,España,Madrid,41,F
1577,David,Moreno López,david.moreno2@gmail.com,España,Sevilla,22,F
1578,Juan,Álvarez Torres,juan.alvarez@outlook.com,Portugal,Oporto,19,M
1579,Javier,Pérez Moreno,javier.perez1@gmail.com,Italia,Milán,27,F
1580,Patricia,Hernández Fernández,patricia.hernandez@gmail.com,Alemania,Hamburgo,28,M
1581,Patricia,Pérez Muñoz,patricia.perez1@outlook.com,España,Barcelona,42,M
1582,Cristina,Pérez Sánchez,cristina.perez1@hotmail.com,España,Barcelona,28,F
1583,Cristina,García Torres,cristina.garcia@outlook.com,Italia,Milán,26,F
1584,Andrés,López García,andres.lopez@yahoo.com,Alemania,Múnich,28,F
1585,David,García Álvarez,david.garcia2@hotmail.com,Argentina,Córdoba,46,F
1586,Pablo,Pérez López,pablo.perez1@gmail.com,España,Bilbao,35,F
1587,Pablo,Torres Torres,pablo.torres@live.com,Portugal,Oporto,33,F
1588,Sergio,Álvarez López,sergio.alvarez1@live.com,Francia,Marsella,33,F
1589,Raquel,Pérez Fernández,raquel.perez@live.com,Francia,París,47,F
1590,Alberto,López Álvarez,alberto.lopez@gmail.com,Portugal,Lisboa,27,Otro/NA
1591,Elena,Pérez Muñoz,elena.perez1@yahoo.com,Portugal,Lisboa,48,Otro/NA
1592,Andrés,Álvarez Jiménez,andres.alvarez1@hotmail.com,Argentina,Buenos Aires,37,M
1593,Juan,Romero Romero,juan.romero1@gmail.com,España,Madrid,33,F
1594,Elena,Gil Gómez,elena.gil@gmail.com,España,Sevilla,60,F
1595,Lucía,Álvarez Gómez,lucia.alvarez2@gmail.com,Reino Unido,Manchester,24,M
1596,Elena,Gil Hernández,elena.gil@live.com,Italia,Roma,31,F
1597,Carlos,Gómez García,carlos.gomez1@hotmail.com,España,Madrid,22,M
1598,Álvaro,Romero Gómez,alvaro.romero@yahoo.com,España,Valencia,44,F
1599,Raquel,Domínguez Ramos,raquel.dominguez1@icloud.com,España,Valencia,51,F
1600,Sergio,Álvarez Gil,sergio.alvarez2@live.com,México,Guadalajara,51,M
1601,Marta,Vázquez Martínez,marta.vazquez1@icloud.com,España,Bilbao,47,M
1602,Andrés,Romero Sánchez,andres.romero2@outlook.com,España,Sevilla,33,F
1603,Ana,Muñoz Jiménez,ana.munoz@outlook.com,España,Sevilla,31,M
1604,Elena,Moreno Moreno,elena.moreno@gmail.com,España,Madrid,18,M
1605,Lucía,Díaz Torres,lucia.diaz2@live.com,España,Valencia,55,M
1606,Sofía,Gómez Gil,sofia.gomez@icloud.com,Alemania,Berlín,39,F
1607,Ana,Álvarez Gil,ana.alvarez@yahoo.com,España,Madrid,30,F
1608,Pablo,Gil Vázquez,pablo.gil@gmail.com,Reino Unido,Manchester,48,F
1609,Sergio,García García,sergio.garcia@live.com,España,Sevilla,25,M
1610,Raquel,Ramos Gómez,raquel.ramos@live.com,Alemania,Hamburgo,39,F
1611,Ana,Torres Domínguez,ana.torres1@hotmail.com,México,Guadalajara,33,F
1612,Andrés,Díaz Ruiz,andres.diaz@hotmail.com,Portugal,Oporto,41,M
1613,Lucía,Domínguez Sánchez,lucia.dominguez@gmail.com,Alemania,Múnich,34,F
1614,Sergio,Ruiz Fernández,sergio.ruiz@yahoo.com,España,Madrid,20,F
1615,Álvaro,Álvarez Gil,alvaro.alvarez2@live.com,España,Madrid,35,F
1616,Raquel,Vázquez García,raquel.vazquez@yahoo.com,Portugal,Lisboa,45,M
1617,Elena,Ramos Vázquez,elena.ramos1@gmail.com,Argentina,Rosario,34,M
1618,Ana,Moreno García,ana.moreno@gmail.com,Portugal,Oporto,42,M
1619,Cristina,Martínez Domínguez,cristina.martinez1@yahoo.com,Alemania,Múnich,24,M
1620,Lucía,Martínez Domínguez,lucia.martinez@yahoo.com,Reino Unido,Manchester,34,F
1621,Alberto,Ramos Pérez,alberto.ramos@yahoo.com,Francia,París,28,M
1622,Cristina,Torres Fernández,cristina.torres1@yahoo.com,España,Madrid,42,F
1623,Pablo,Moreno Moreno,pablo.moreno@hotmail.com,Italia,Nápoles,35,M
1624,María,Sánchez Sánchez,maria.sanchez@gmail.com,Argentina,Buenos Aires,41,M
1625,Pablo,Ramos Fernández,pablo.ramos1@icloud.com,España,Valencia,45,F
1626,Sergio,Torres García,sergio.torres@gmail.com,Portugal,Lisboa,41,M
1627,David,López Jiménez,david.lopez3@live.com,España,Sevilla,37,F
1628,Laura,Pérez Pérez,laura.perez@gmail.com,Alemania,Hamburgo,25,M
1629,Elena,Domínguez Díaz,elena.dominguez1@outlook.com,España,Valencia,34,M
1630,Diego,Ruiz López,diego.ruiz1@live.com,Francia,París,29,F
1631,Laura,Romero Pérez,laura.romero2@outlook.com,Reino Unido,Manchester,31,F
1632,Javier,Domínguez Ruiz,javier.dominguez@live.com,España,Bilbao,31,M
1633,Ana,López Ruiz,ana.lopez@yahoo.com,Portugal,Oporto,25,M
1634,Ana,Domínguez Torres,ana.dominguez@hotmail.com,Reino Unido,Manchester,18,F
1635,Lucía,Gil Fernández,lucia.gil1@outlook.com,Argentina,Buenos Aires,28,Otro/NA
1636,Sergio,López López,sergio.lopez2@gmail.com,España,Bilbao,36,F
1637,Carlos,Díaz Moreno,carlos.diaz@live.com,España,Bilbao,21,M
1638,Cristina,Torres Vázquez,cristina.torres@outlook.com,España,Madrid,35,Otro/NA
1639,Álvaro,López Hernández,alvaro.lopez1@hotmail.com,Argentina,Córdoba,54,M
1640,Cristina,Vázquez Romero,cristina.vazquez1@hotmail.com,Argentina,Rosario,45,M
1641,Juan,Ramos Torres,juan.ramos@live.com,Alemania,Berlín,51,F
1642,Elena,Hernández Álvarez,elena.hernandez@yahoo.com,México,Guadalajara,38,M
1643,Andrés,Gil Domínguez,andres.gil@gmail.com,Alemania,Múnich,46,M
1644,Ana,Martínez Muñoz,ana.martinez1@live.com,Italia,Nápoles,27,M
1645,Andrés,Jiménez Fernández,andres.jimenez1@gmail.com,España,Barcelona,28,M
1646,Raquel,Vázquez Ruiz,raquel.vazquez1@icloud.com,Reino Unido,Manchester,18,F
1647,Ana,García Gómez,ana.garcia@yahoo.com,España,Bilbao,46,F
1648,David,Torres Fernández,david.torres@icloud.com,México,CDMX,50,M
1649,David,Romero Ruiz,david.romero@live.com,Reino Unido,Manchester,29,F
1650,Andrés,Domínguez Muñoz,andres.dominguez@yahoo.com,Portugal,Oporto,32,F
1651,David,Torres Sánchez,david.torres@hotmail.com,España,Barcelona,27,F
1652,Patricia,Ramos Ramos,patricia.ramos2@live.com,España,Sevilla,38,M
1653,Juan,Jiménez Ramos,juan.jimenez@live.com,España,Bilbao,46,Otro/NA
1654,Alberto,Álvarez Hernández,alberto.alvarez@gmail.com,España,Sevilla,18,F
1655,Pablo,Moreno Gómez,pablo.moreno1@outlook.com,España,Madrid,39,M
1656,Javier,Hernández Fernández,javier.hernandez@outlook.com,Argentina,Rosario,32,M
1657,Patricia,Hernández Torres,patricia.hernandez1@gmail.com,Alemania,Berlín,36,M
1658,Andrés,Gómez Álvarez,andres.gomez@icloud.com,España,Bilbao,39,F
1659,Sergio,Martínez Romero,sergio.martinez2@outlook.com,España,Sevilla,33,M
1660,Patricia,Gil Álvarez,patricia.gil@yahoo.com,Francia,Marsella,33,F
1661,Javier,Hernández Gil,javier.hernandez@yahoo.com,Italia,Nápoles,32,M
1662,Álvaro,Ramos Ruiz,alvaro.ramos@icloud.com,Alemania,Hamburgo,44,F
1663,Javier,Ruiz Jiménez,javier.ruiz2@hotmail.com,Argentina,Rosario,39,M
1664,Sergio,Martínez Gil,sergio.martinez3@outlook.com,Alemania,Hamburgo,37,F
1665,Diego,Torres Sánchez,diego.torres1@live.com,Argentina,Buenos Aires,22,F
1666,Laura,Ramos Gil,laura.ramos1@outlook.com,México,Guadalajara,31,M
1667,Pablo,Gómez Muñoz,pablo.gomez1@live.com,España,Bilbao,43,M
1668,Sofía,Ramos Álvarez,sofia.ramos@icloud.com,Argentina,Rosario,35,M
1669,Patricia,Martínez Fernández,patricia.martinez1@icloud.com,España,Sevilla,41,F
1670,Patricia,Hernández Ramos,patricia.hernandez1@hotmail.com,Reino Unido,Londres,52,F
1671,Sergio,Gil Moreno,sergio.gil1@outlook.com,España,Valencia,45,M
1672,Raquel,García Moreno,raquel.garcia1@live.com,México,CDMX,35,M
1673,Cristina,Hernández López,cristina.hernandez1@live.com,México,Guadalajara,29,M
1674,Cristina,Torres Romero,cristina.torres1@outlook.com,Reino Unido,Manchester,18,F
1675,Alberto,López Gómez,alberto.lopez1@yahoo.com,Reino Unido,Londres,33,F
1676,David,Pérez Martínez,david.perez@hotmail.com,España,Valencia,31,F
1677,Laura,Domínguez Domínguez,laura.dominguez2@icloud.com,España,Sevilla,38,M
1678,Andrés,López Ruiz,andres.lopez1@yahoo.com,Francia,París,33,M
1679,Ana,Ruiz Ramos,ana.ruiz2@outlook.com,España,Bilbao,31,Otro/NA
1680,Marta,Ruiz Álvarez,marta.ruiz2@yahoo.com,Portugal,Oporto,18,M
1681,Juan,Pérez Hernández,juan.perez@outlook.com,España,Sevilla,25,F
1682,Diego,Gil Gil,diego.gil@outlook.com,Argentina,Buenos Aires,39,M
1683,Pablo,Ruiz Domínguez,pablo.ruiz@hotmail.com,Portugal,Lisboa,52,M
1684,Álvaro,Ruiz Moreno,alvaro.ruiz1@live.com,México,CDMX,34,F
1685,Carlos,Ruiz Muñoz,carlos.ruiz1@yahoo.com,España,Madrid,38,Otro/NA
1686,Cristina,García García,cristina.garcia@live.com,México,CDMX,44,Otro/NA
1687,Carlos,Sánchez Sánchez,carlos.sanchez1@icloud.com,Argentina,Buenos Aires,26,M
1688,Sergio,Gil Gómez,sergio.gil@yahoo.com,Alemania,Múnich,38,M
1689,Lucía,Gómez Jiménez,lucia.gomez@outlook.com,Italia,Nápoles,27,F
1690,David,Ramos Álvarez,david.ramos@yahoo.com,Reino Unido,Manchester,43,F
1691,Marta,Pérez Gómez,marta.perez@gmail.com,España,Sevilla,36,F
1692,Patricia,Romero Moreno,patricia.romero@icloud.com,Alemania,Hamburgo,37,M
1693,Cristina,Moreno Díaz,cristina.moreno@outlook.com,España,Bilbao,27,F
1694,Ana,Gómez López,ana.gomez1@hotmail.com,España,Bilbao,42,F
1695,Alberto,Ruiz Fernández,alberto.ruiz1@outlook.com,España,Bilbao,55,F
1696,Lucía,Díaz Moreno,lucia.diaz1@outlook.com,España,Barcelona,24,F
1697,Javier,Torres Moreno,javier.torres3@live.com,España,Sevilla,31,M
1698,Patricia,Gómez Pérez,patricia.gomez1@yahoo.com,España,Madrid,37,Otro/NA
1699,Pablo,Domínguez Jiménez,pablo.dominguez@yahoo.com,Argentina,Córdoba,42,F
1700,María,Martínez Sánchez,maria.martinez@icloud.com,Alemania,Berlín,29,F
1701,Alberto,Jiménez García,alberto.jimenez@live.com,Argentina,Rosario,18,F
1702,Juan,López Jiménez,juan.lopez@hotmail.com,Francia,París,48,F
1703,Raquel,Pérez García,raquel.perez@gmail.com,España,Bilbao,42,F
1704,Cristina,Gil Jiménez,cristina.gil1@outlook.com,Alemania,Múnich,18,M
1705,Pablo,Pérez Fernández,pablo.perez2@icloud.com,Francia,París,28,M
1706,Javier,Torres Romero,javier.torres4@live.com,España,Madrid,50,M
1707,Raquel,Álvarez Ramos,raquel.alvarez@hotmail.com,Portugal,Oporto,49,M
1708,Lucía,Muñoz Jiménez,lucia.munoz@icloud.com,España,Valencia,44,M
1709,Pablo,Díaz Díaz,pablo.diaz1@outlook.com,Italia,Milán,33,M
1710,Javier,Romero Vázquez,javier.romero@icloud.com,Portugal,Oporto,35,M
1711,María,Gómez López,maria.gomez1@live.com,España,Madrid,33,M
1712,Elena,Fernández Muñoz,elena.fernandez3@live.com,España,Sevilla,46,M
1713,Carlos,Ramos Hernández,carlos.ramos@hotmail.com,Reino Unido,Manchester,26,M
1714,Elena,Moreno Gil,elena.moreno2@icloud.com,Francia,Lyon,26,F
1715,Ana,Martínez Fernández,ana.martinez@hotmail.com,España,Valencia,45,F
1716,Ana,Ruiz Domínguez,ana.ruiz@hotmail.com,Argentina,Rosario,34,M
1717,Juan,Sánchez Fernández,juan.sanchez2@live.com,España,Madrid,48,F
1718,Sergio,Martínez Sánchez,sergio.martinez1@yahoo.com,Portugal,Lisboa,28,F
1719,Diego,Gómez Vázquez,diego.gomez1@gmail.com,Argentina,Córdoba,34,M
1720,Ana,Romero Ruiz,ana.romero@yahoo.com,España,Valencia,25,F
1721,Diego,Muñoz Gil,diego.munoz@gmail.com,España,Sevilla,35,F
1722,Patricia,Torres López,patricia.torres1@icloud.com,España,Bilbao,20,F
1723,Andrés,Hernández Ramos,andres.hernandez1@icloud.com,España,Barcelona,30,M
1724,María,Torres Álvarez,maria.torres@gmail.com,España,Madrid,20,F
1725,Lucía,Vázquez Álvarez,lucia.vazquez4@icloud.com,Portugal,Lisboa,41,M
1726,María,Díaz Jiménez,maria.diaz@gmail.com,España,Bilbao,42,F
1727,Marta,Muñoz Jiménez,marta.munoz2@icloud.com,Alemania,Hamburgo,18,Otro/NA
1728,Laura,Muñoz Fernández,laura.munoz1@gmail.com,Argentina,Rosario,48,F
1729,Ana,Torres Fernández,ana.torres@outlook.com,Reino Unido,Londres,59,F
1730,Álvaro,Ruiz Martínez,alvaro.ruiz@icloud.com,Italia,Milán,35,M
1731,Andrés,Pérez Torres,andres.perez@live.com,España,Madrid,28,Otro/NA
1732,Cristina,Domínguez Torres,cristina.dominguez@hotmail.com,Italia,Nápoles,63,F
1733,Alberto,Álvarez Martínez,alberto.alvarez@live.com,Alemania,Hamburgo,21,M
1734,Carlos,García Ruiz,carlos.garcia@hotmail.com,Francia,Marsella,35,F
1735,Sergio,Hernández Álvarez,sergio.hernandez@live.com,España,Sevilla,36,M
1736,Javier,Romero Sánchez,javier.romero1@live.com,México,CDMX,48,M
1737,Sergio,Muñoz Sánchez,sergio.munoz@outlook.com,Francia,Lyon,38,F
1738,Carlos,Jiménez Romero,carlos.jimenez@yahoo.com,España,Valencia,30,M
1739,Juan,Domínguez Gómez,juan.dominguez@gmail.com,España,Barcelona,25,F
1740,Javier,Martínez Gil,javier.martinez1@outlook.com,Francia,París,31,M
1741,Alberto,Sánchez Jiménez,alberto.sanchez2@live.com,México,CDMX,24,M
1742,Andrés,Vázquez Ramos,andres.vazquez1@outlook.com,Reino Unido,Manchester,35,Otro/NA
1743,Patricia,Moreno Muñoz,patricia.moreno1@icloud.com,Reino Unido,Manchester,29,M
1744,Lucía,Álvarez Díaz,lucia.alvarez1@yahoo.com,España,Bilbao,20,F
1745,Carlos,Gil Ramos,carlos.gil1@icloud.com,Francia,Marsella,47,F
1746,Diego,Ruiz García,diego.ruiz2@live.com,Alemania,Berlín,30,F
1747,Andrés,Jiménez Hernández,andres.jimenez2@yahoo.com,España,Sevilla,22,F
1748,Álvaro,Ruiz García,alvaro.ruiz1@hotmail.com,España,Madrid,33,F
1749,María,Ruiz Ramos,maria.ruiz@icloud.com,Reino Unido,Manchester,35,M
1750,Cristina,Sánchez García,cristina.sanchez@outlook.com,España,Valencia,18,F
1751,Sofía,Ruiz Romero,sofia.ruiz@live.com,Alemania,Múnich,38,M
1752,Javier,Ramos Hernández,javier.ramos1@yahoo.com,España,Barcelona,24,F
1753,Ana,Muñoz Pérez,ana.munoz4@live.com,España,Madrid,52,F
1754,Sergio,Romero Muñoz,sergio.romero@gmail.com,España,Bilbao,40,F
1755,Alberto,Díaz Martínez,alberto.diaz@hotmail.com,Argentina,Córdoba,31,F
1756,María,Ramos Vázquez,maria.ramos@live.com,Reino Unido,Manchester,27,F
1757,Andrés,Fernández Domínguez,andres.fernandez@live.com,Argentina,Córdoba,33,F
1758,Pablo,Domínguez Martínez,pablo.dominguez1@yahoo.com,Alemania,Múnich,41,F
1759,Javier,Jiménez Jiménez,javier.jimenez@hotmail.com,España,Madrid,34,M
1760,Sofía,Gómez García,sofia.gomez3@live.com,Alemania,Múnich,32,M
1761,Alberto,Jiménez López,alberto.jimenez1@hotmail.com,Francia,Lyon,35,F
1762,David,Vázquez Torres,david.vazquez@live.com,México,Monterrey,28,F
1763,Lucía,García Sánchez,lucia.garcia4@gmail.com,España,Barcelona,31,M
1764,Cristina,García Álvarez,cristina.garcia2@icloud.com,Alemania,Berlín,18,M
1765,Pablo,López Hernández,pablo.lopez@gmail.com,España,Bilbao,44,M
1766,Lucía,García Ruiz,lucia.garcia@yahoo.com,España,Barcelona,37,Otro/NA
1767,Cristina,Álvarez Jiménez,cristina.alvarez1@hotmail.com,Reino Unido,Londres,27,F
1768,Álvaro,Sánchez Moreno,alvaro.sanchez@gmail.com,Francia,Lyon,53,M
1769,Cristina,Domínguez Muñoz,cristina.dominguez@live.com,España,Sevilla,35,M
1770,Cristina,Sánchez López,cristina.sanchez1@outlook.com,España,Madrid,24,M
1771,Álvaro,Romero Vázquez,alvaro.romero@hotmail.com,Francia,Marsella,43,M
1772,María,Moreno Jiménez,maria.moreno@yahoo.com,Reino Unido,Londres,38,M
1773,Raquel,Díaz Torres,raquel.diaz1@outlook.com,México,Monterrey,38,F
1774,Diego,Hernández Gil,diego.hernandez@hotmail.com,Argentina,Buenos Aires,30,Otro/NA
1775,Juan,Ruiz Martínez,juan.ruiz2@icloud.com,Reino Unido,Londres,39,M
1776,Raquel,Fernández Muñoz,raquel.fernandez1@live.com,España,Sevilla,32,M
1777,Pablo,Martínez Hernández,pablo.martinez@gmail.com,Portugal,Lisboa,40,M
1778,Marta,García Romero,marta.garcia2@hotmail.com,Francia,Marsella,18,M
1779,María,Gil Torres,maria.gil2@gmail.com,España,Valencia,30,M
1780,Pablo,López Sánchez,pablo.lopez1@gmail.com,México,Guadalajara,52,M
1781,Lucía,Martínez Moreno,lucia.martinez1@gmail.com,España,Valencia,27,M
1782,Pablo,Gil Gil,pablo.gil@outlook.com,México,CDMX,28,F
1783,Javier,Fernández Sánchez,javier.fernandez2@gmail.com,Francia,Lyon,30,F
1784,Carlos,Gil García,carlos.gil@hotmail.com,Italia,Roma,22,F
1785,Sofía,Sánchez Díaz,sofia.sanchez@hotmail.com,Portugal,Lisboa,18,M
1786,Elena,Sánchez Martínez,elena.sanchez2@live.com,México,CDMX,32,F
1787,Ana,López García,ana.lopez1@gmail.com,Italia,Milán,36,Otro/NA
1788,Juan,Gil Pérez,juan.gil1@gmail.com,Italia,Milán,34,M
1789,Pablo,Pérez Sánchez,pablo.perez1@outlook.com,España,Barcelona,33,M
1790,Álvaro,Muñoz Jiménez,alvaro.munoz2@yahoo.com,Alemania,Hamburgo,35,F
1791,Elena,Ramos Álvarez,elena.ramos2@gmail.com,España,Barcelona,45,M
1792,David,Gómez Díaz,david.gomez@yahoo.com,Reino Unido,Manchester,33,M
1793,Patricia,Sánchez Gómez,patricia.sanchez@outlook.com,Alemania,Hamburgo,29,F
1794,Diego,Gómez López,diego.gomez@live.com,Portugal,Oporto,32,F
1795,David,Ruiz Fernández,david.ruiz1@yahoo.com,España,Madrid,40,M
1796,Ana,Hernández Moreno,ana.hernandez1@gmail.com,España,Madrid,49,F
1797,Lucía,Romero Vázquez,lucia.romero1@live.com,Portugal,Lisboa,28,F
1798,Patricia,López García,patricia.lopez@icloud.com,España,Sevilla,35,M
1799,Juan,Romero Martínez,juan.romero@outlook.com,España,Bilbao,38,F
1800,Sergio,Ruiz Ruiz,sergio.ruiz@outlook.com,España,Bilbao,25,M
1801,Laura,Álvarez Martínez,laura.alvarez@yahoo.com,Argentina,Buenos Aires,35,M
1802,Juan,Jiménez Sánchez,juan.jimenez2@outlook.com,Reino Unido,Londres,20,F
1803,Laura,Ruiz Martínez,laura.ruiz1@hotmail.com,España,Valencia,18,M
1804,Juan,Gómez Hernández,juan.gomez1@outlook.com,España,Sevilla,38,M
1805,Elena,López López,elena.lopez@yahoo.com,España,Barcelona,31,M
1806,Sergio,Ruiz Ruiz,sergio.ruiz@icloud.com,Reino Unido,Londres,37,F
1807,Cristina,Martínez Jiménez,cristina.martinez@icloud.com,Portugal,Lisboa,34,F
1808,Raquel,Muñoz Gil,raquel.munoz@yahoo.com,España,Sevilla,25,M
1809,Álvaro,Muñoz Muñoz,alvaro.munoz2@live.com,España,Madrid,34,F
1810,Diego,Jiménez Ruiz,diego.jimenez@icloud.com,España,Sevilla,22,M
1811,Marta,Martínez Gómez,marta.martinez1@icloud.com,Portugal,Oporto,48,F
1812,Juan,Ruiz Pérez,juan.ruiz2@gmail.com,Reino Unido,Londres,21,M
1813,Laura,Ruiz Ramos,laura.ruiz1@live.com,España,Sevilla,33,F
1814,Sergio,Gómez Romero,sergio.gomez@yahoo.com,España,Madrid,24,Otro/NA
1815,Pablo,Romero Sánchez,pablo.romero2@gmail.com,España,Madrid,40,F
1816,Juan,López Pérez,juan.lopez1@yahoo.com,Argentina,Córdoba,31,M
1817,Elena,Torres Jiménez,elena.torres2@outlook.com,España,Bilbao,29,F
1818,Marta,Fernández Pérez,marta.fernandez@outlook.com,Reino Unido,Londres,43,M
1819,Carlos,Gil Ramos,carlos.gil2@gmail.com,Italia,Roma,35,F
1820,Pablo,Muñoz Álvarez,pablo.munoz@outlook.com,España,Madrid,40,M
1821,Alberto,Gómez Romero,alberto.gomez1@live.com,España,Bilbao,25,M
1822,Raquel,Torres Sánchez,raquel.torres@yahoo.com,España,Valencia,20,M
1823,Patricia,Sánchez Domínguez,patricia.sanchez@yahoo.com,Italia,Roma,36,M
1824,Raquel,Pérez Domínguez,raquel.perez1@icloud.com,Reino Unido,Londres,31,F
1825,Elena,Vázquez Díaz,elena.vazquez@gmail.com,Portugal,Oporto,41,F
1826,David,Álvarez Ramos,david.alvarez1@yahoo.com,Alemania,Berlín,34,F
1827,Diego,Fernández Torres,diego.fernandez4@live.com,España,Madrid,37,F
1828,Diego,Gil Torres,diego.gil1@icloud.com,Argentina,Córdoba,18,F
1829,Pablo,Sánchez Ruiz,pablo.sanchez2@icloud.com,Reino Unido,Londres,53,M
1830,Cristina,Romero Jiménez,cristina.romero@outlook.com,España,Sevilla,33,M
1831,Marta,Ruiz Torres,marta.ruiz@live.com,Argentina,Buenos Aires,41,M
1832,Lucía,Sánchez Díaz,lucia.sanchez@yahoo.com,Italia,Nápoles,26,M
1833,Alberto,Martínez López,alberto.martinez2@gmail.com,Italia,Roma,38,M
1834,Lucía,López Ruiz,lucia.lopez@yahoo.com,Reino Unido,Manchester,21,M
1835,Alberto,López Hernández,alberto.lopez1@gmail.com,Reino Unido,Londres,39,M
1836,Andrés,Ramos López,andres.ramos@yahoo.com,Portugal,Oporto,31,M
1837,David,Ruiz Moreno,david.ruiz@gmail.com,España,Madrid,35,F
1838,Álvaro,Romero Vázquez,alvaro.romero1@yahoo.com,España,Bilbao,41,M
1839,Sergio,García Díaz,sergio.garcia@outlook.com,Argentina,Buenos Aires,22,F
1840,Elena,Torres Fernández,elena.torres@icloud.com,España,Barcelona,28,F
1841,Carlos,Pérez López,carlos.perez3@gmail.com,España,Madrid,39,F
1842,Lucía,García López,lucia.garcia5@gmail.com,Francia,París,55,M
1843,Elena,Martínez Torres,elena.martinez@hotmail.com,Francia,Lyon,33,M
1844,Sergio,Muñoz Martínez,sergio.munoz1@live.com,Italia,Roma,40,M
1845,Sergio,Ruiz Fernández,sergio.ruiz1@live.com,Argentina,Córdoba,33,M
1846,Patricia,Pérez García,patricia.perez@live.com,España,Bilbao,54,M
1847,Andrés,Jiménez Fernández,andres.jimenez2@gmail.com,España,Valencia,18,F
1848,Alberto,Muñoz Romero,alberto.munoz1@yahoo.com,España,Madrid,35,F
1849,David,Ramos Muñoz,david.ramos1@yahoo.com,México,CDMX,18,F
1850,Patricia,García Fernández,patricia.garcia@live.com,Portugal,Oporto,18,M
1851,Pablo,Domínguez Torres,pablo.dominguez@outlook.com,España,Valencia,37,M
1852,Patricia,Torres Sánchez,patricia.torres2@hotmail.com,Reino Unido,Londres,36,F
1853,Juan,Torres Jiménez,juan.torres1@icloud.com,México,Monterrey,32,M
1854,Pablo,Álvarez Fernández,pablo.alvarez@yahoo.com,México,Monterrey,33,F
1855,Andrés,Muñoz Ramos,andres.munoz1@gmail.com,Argentina,Córdoba,65,F
1856,Alberto,López Domínguez,alberto.lopez1@outlook.com,España,Bilbao,32,M
1857,Marta,Vázquez Domínguez,marta.vazquez1@outlook.com,Reino Unido,Manchester,40,M
1858,Juan,Díaz Jiménez,juan.diaz@icloud.com,Francia,Marsella,28,M
1859,Lucía,García Hernández,lucia.garcia@live.com,México,Guadalajara,37,M
1860,Raquel,Muñoz Romero,raquel.munoz1@yahoo.com,Reino Unido,Londres,32,M
1861,Pablo,Torres Pérez,pablo.torres1@hotmail.com,Reino Unido,Londres,30,M
1862,Cristina,Sánchez Domínguez,cristina.sanchez@icloud.com,Portugal,Oporto,53,M
1863,David,Ramos Sánchez,david.ramos2@yahoo.com,España,Sevilla,46,F
1864,María,Vázquez Pérez,maria.vazquez@gmail.com,Alemania,Hamburgo,36,F
1865,Ana,Moreno Díaz,ana.moreno1@gmail.com,Argentina,Rosario,18,M
1866,Andrés,Jiménez Moreno,andres.jimenez1@live.com,Argentina,Rosario,31,F
1867,Patricia,Hernández Muñoz,patricia.hernandez2@hotmail.com,España,Barcelona,62,F
1868,Juan,Muñoz Romero,juan.munoz@icloud.com,España,Sevilla,32,F
1869,Ana,Martínez Gil,ana.martinez2@live.com,España,Valencia,46,F
1870,Lucía,López Domínguez,lucia.lopez1@gmail.com,Reino Unido,Londres,49,M
1871,Javier,Moreno Fernández,javier.moreno1@icloud.com,Reino Unido,Manchester,37,M
1872,Pablo,Vázquez Muñoz,pablo.vazquez@yahoo.com,España,Valencia,26,F
1873,Pablo,Jiménez Fernández,pablo.jimenez1@gmail.com,Alemania,Múnich,18,F
1874,Raquel,López López,raquel.lopez@icloud.com,México,CDMX,41,F
1875,Sofía,Romero Ruiz,sofia.romero3@hotmail.com,Reino Unido,Manchester,26,Otro/NA
1876,Juan,Hernández Álvarez,juan.hernandez@yahoo.com,Alemania,Hamburgo,36,F
1877,Andrés,Fernández Gómez,andres.fernandez@outlook.com,Italia,Roma,22,M
1878,Ana,Gómez Hernández,ana.gomez@live.com,Alemania,Hamburgo,32,M
1879,Patricia,Vázquez Ramos,patricia.vazquez@icloud.com,España,Bilbao,35,M
1880,Pablo,Martínez Sánchez,pablo.martinez1@yahoo.com,Italia,Roma,37,F
1881,Pablo,Muñoz Pérez,pablo.munoz@icloud.com,Portugal,Oporto,23,F
1882,Patricia,Fernández Romero,patricia.fernandez2@live.com,México,CDMX,46,F
1883,Lucía,Hernández Sánchez,lucia.hernandez@live.com,Italia,Milán,29,F
1884,Sofía,Muñoz Sánchez,sofia.munoz@gmail.com,Reino Unido,Londres,18,F
1885,Ana,Sánchez Díaz,ana.sanchez1@outlook.com,España,Barcelona,33,F
1886,Cristina,Moreno García,cristina.moreno2@icloud.com,Francia,Marsella,35,F
1887,Pablo,Torres Romero,pablo.torres1@gmail.com,España,Madrid,36,M
1888,Raquel,López Gómez,raquel.lopez1@live.com,España,Madrid,48,F
1889,Elena,Romero Ruiz,elena.romero1@icloud.com,Reino Unido,Manchester,32,F
1890,Marta,Fernández García,marta.fernandez@yahoo.com,Argentina,Córdoba,33,M
1891,Javier,Pérez Torres,javier.perez1@hotmail.com,España,Madrid,23,M
1892,Carlos,Martínez Domínguez,carlos.martinez@yahoo.com,Francia,París,43,F
1893,María,Fernández Romero,maria.fernandez1@outlook.com,Reino Unido,Manchester,36,M
1894,David,García Moreno,david.garcia3@hotmail.com,España,Bilbao,30,M
1895,Diego,Ramos Ruiz,diego.ramos@gmail.com,Alemania,Hamburgo,18,M
1896,Cristina,Díaz Sánchez,cristina.diaz1@outlook.com,Reino Unido,Manchester,49,F
1897,Raquel,Torres Vázquez,raquel.torres1@icloud.com,Italia,Roma,22,F
1898,Álvaro,Muñoz López,alvaro.munoz@outlook.com,España,Barcelona,29,M
1899,Carlos,López Moreno,carlos.lopez1@yahoo.com,España,Madrid,38,M
1900,Marta,Vázquez Álvarez,marta.vazquez1@gmail.com,Reino Unido,Manchester,23,Otro/NA
1901,Marta,Hernández Fernández,marta.hernandez2@live.com,Alemania,Múnich,20,F
1902,Patricia,Torres Pérez,patricia.torres3@hotmail.com,España,Barcelona,18,F
1903,Laura,Vázquez Muñoz,laura.vazquez@gmail.com,Reino Unido,Manchester,42,M
1904,Andrés,Romero Domínguez,andres.romero@hotmail.com,España,Sevilla,29,M
1905,Sergio,García Álvarez,sergio.garcia1@yahoo.com,Reino Unido,Manchester,64,M
1906,Diego,Martínez Domínguez,diego.martinez2@yahoo.com,España,Bilbao,25,F
1907,Laura,Jiménez Jiménez,laura.jimenez@hotmail.com,Argentina,Buenos Aires,25,M
1908,Carlos,Martínez Martínez,carlos.martinez@gmail.com,España,Valencia,29,M
1909,Ana,Jiménez Romero,ana.jimenez@yahoo.com,España,Barcelona,37,M
1910,Lucía,Martínez Ruiz,lucia.martinez@live.com,España,Sevilla,30,M
1911,Patricia,Muñoz Moreno,patricia.munoz1@live.com,España,Bilbao,41,F
1912,David,Sánchez Sánchez,david.sanchez@hotmail.com,México,CDMX,25,M
1913,Patricia,Fernández Martínez,patricia.fernandez1@yahoo.com,Argentina,Córdoba,21,F
1914,Lucía,Domínguez Muñoz,lucia.dominguez1@gmail.com,España,Valencia,18,F
1915,Elena,Romero Álvarez,elena.romero@outlook.com,Francia,Marsella,18,M
1916,Pablo,Vázquez Fernández,pablo.vazquez@hotmail.com,Reino Unido,Manchester,29,F
1917,Lucía,Pérez Hernández,lucia.perez@hotmail.com,México,CDMX,31,Otro/NA
1918,Álvaro,Ramos Fernández,alvaro.ramos@outlook.com,Italia,Nápoles,28,Otro/NA
1919,Álvaro,Díaz Muñoz,alvaro.diaz@live.com,España,Sevilla,47,M
1920,Sergio,López Gómez,sergio.lopez@icloud.com,Francia,Lyon,47,M
1921,Sergio,Martínez Gil,sergio.martinez2@yahoo.com,Portugal,Lisboa,31,M
1922,David,Pérez Ruiz,david.perez1@hotmail.com,España,Bilbao,18,F
1923,David,Torres Domínguez,david.torres@live.com,Italia,Nápoles,29,F
1924,Pablo,García Gil,pablo.garcia@yahoo.com,España,Barcelona,29,F
1925,Cristina,Torres Torres,cristina.torres1@live.com,Reino Unido,Manchester,28,M
1926,Javier,Gil Domínguez,javier.gil@gmail.com,España,Valencia,28,M
1927,Carlos,Martínez Álvarez,carlos.martinez1@gmail.com,Italia,Nápoles,28,F
1928,Laura,Díaz Sánchez,laura.diaz1@hotmail.com,Alemania,Hamburgo,31,F
1929,Ana,Pérez Martínez,ana.perez@hotmail.com,Portugal,Lisboa,28,F
1930,Javier,García Díaz,javier.garcia2@hotmail.com,España,Bilbao,37,M
1931,Diego,Gómez Sánchez,diego.gomez1@live.com,Italia,Milán,38,M
1932,María,Martínez Díaz,maria.martinez1@icloud.com,Italia,Roma,25,M
1933,Pablo,Hernández Sánchez,pablo.hernandez1@icloud.com,Italia,Milán,47,M
1934,Álvaro,Sánchez Martínez,alvaro.sanchez1@gmail.com,Italia,Roma,25,M
1935,Sofía,Romero Martínez,sofia.romero@yahoo.com,Portugal,Oporto,18,M
1936,Pablo,Gil Ramos,pablo.gil@yahoo.com,Reino Unido,Manchester,38,M
1937,Patricia,Gómez Ruiz,patricia.gomez1@outlook.com,España,Sevilla,26,M
1938,Álvaro,Ramos Díaz,alvaro.ramos1@live.com,México,CDMX,38,M
1939,Ana,López López,ana.lopez1@yahoo.com,Alemania,Hamburgo,18,F
1940,Andrés,Sánchez Vázquez,andres.sanchez@gmail.com,España,Madrid,48,M
1941,Lucía,Sánchez Sánchez,lucia.sanchez@live.com,España,Valencia,41,F
1942,Lucía,Torres Ruiz,lucia.torres2@icloud.com,España,Valencia,19,F
1943,Sergio,Gil Díaz,sergio.gil1@live.com,Reino Unido,Londres,20,F
1944,Raquel,Gil Gil,raquel.gil1@outlook.com,Portugal,Oporto,51,F
1945,Diego,Díaz Muñoz,diego.diaz2@live.com,Reino Unido,Manchester,27,M
1946,Cristina,López Muñoz,cristina.lopez1@icloud.com,Alemania,Múnich,26,F
1947,Alberto,Fernández Muñoz,alberto.fernandez1@gmail.com,Francia,Marsella,18,F
1948,Alberto,Álvarez Sánchez,alberto.alvarez@yahoo.com,España,Madrid,31,F
1949,Sofía,Jiménez Díaz,sofia.jimenez1@yahoo.com,España,Sevilla,32,M
1950,Lucía,Muñoz Ruiz,lucia.munoz1@gmail.com,Francia,Lyon,42,M
1951,Ana,Jiménez Torres,ana.jimenez1@outlook.com,España,Sevilla,21,M
1952,Elena,Sánchez Fernández,elena.sanchez2@yahoo.com,España,Bilbao,19,F
1953,Lucía,Ramos Gómez,lucia.ramos2@icloud.com,Italia,Milán,39,F
1954,Patricia,Vázquez Fernández,patricia.vazquez@live.com,Reino Unido,Manchester,45,M
1955,Patricia,Pérez Moreno,patricia.perez2@yahoo.com,Argentina,Buenos Aires,19,F
1956,Cristina,Jiménez Hernández,cristina.jimenez@gmail.com,Argentina,Córdoba,45,F
1957,Pablo,Fernández Gil,pablo.fernandez@gmail.com,Portugal,Oporto,35,M
1958,Ana,Martínez Hernández,ana.martinez1@gmail.com,Francia,París,45,F
1959,Álvaro,Ramos García,alvaro.ramos1@outlook.com,Italia,Roma,34,F
1960,Sofía,Gómez Sánchez,sofia.gomez4@live.com,Reino Unido,Londres,18,M
1961,David,Jiménez Gómez,david.jimenez1@outlook.com,España,Madrid,33,F
1962,Ana,López Domínguez,ana.lopez2@yahoo.com,Francia,Marsella,45,M
1963,Alberto,Sánchez Gil,alberto.sanchez1@yahoo.com,México,CDMX,26,F
1964,Cristina,Ruiz Torres,cristina.ruiz1@icloud.com,España,Bilbao,31,F
1965,Juan,Pérez Hernández,juan.perez@hotmail.com,Italia,Milán,33,F
1966,Carlos,Álvarez Díaz,carlos.alvarez1@hotmail.com,Italia,Milán,18,M
1967,Cristina,Gómez Gómez,cristina.gomez2@gmail.com,España,Madrid,51,M
1968,Ana,Moreno Jiménez,ana.moreno2@gmail.com,España,Madrid,25,M
1969,Sergio,Vázquez López,sergio.vazquez@hotmail.com,España,Sevilla,40,F
1970,David,Gómez Gómez,david.gomez1@gmail.com,España,Valencia,34,M
1971,David,Romero Gómez,david.romero@icloud.com,España,Madrid,47,F
1972,Elena,Díaz Jiménez,elena.diaz2@hotmail.com,México,Monterrey,39,M
1973,Javier,Ramos Romero,javier.ramos1@live.com,España,Bilbao,32,M
1974,Pablo,Martínez Pérez,pablo.martinez@hotmail.com,Alemania,Berlín,26,M
1975,Cristina,Pérez García,cristina.perez@yahoo.com,España,Barcelona,42,Otro/NA
1976,Sergio,Sánchez Torres,sergio.sanchez@live.com,Argentina,Buenos Aires,18,F
1977,Lucía,Gil Álvarez,lucia.gil4@icloud.com,España,Madrid,41,M
1978,Marta,Muñoz Jiménez,marta.munoz1@outlook.com,Francia,París,24,M
1979,Laura,Gómez García,laura.gomez@icloud.com,México,Guadalajara,47,F
1980,Álvaro,García Gómez,alvaro.garcia@outlook.com,México,Monterrey,36,M
1981,Marta,Torres Ruiz,marta.torres@yahoo.com,España,Sevilla,41,F
1982,Ana,López López,ana.lopez2@gmail.com,Reino Unido,Londres,35,F
1983,Sergio,García Gómez,sergio.garcia1@live.com,Francia,Marsella,18,F
1984,Andrés,García García,andres.garcia@hotmail.com,Alemania,Hamburgo,26,F
1985,Álvaro,Gómez Gil,alvaro.gomez1@icloud.com,España,Madrid,41,F
1986,Lucía,López Moreno,lucia.lopez1@yahoo.com,España,Barcelona,36,F
1987,Cristina,Ramos Torres,cristina.ramos@gmail.com,Reino Unido,Manchester,46,F
1988,David,Hernández Ramos,david.hernandez@icloud.com,Alemania,Múnich,39,F
1989,Sofía,Álvarez García,sofia.alvarez@gmail.com,Francia,Marsella,25,M
1990,Sofía,Torres Torres,sofia.torres1@hotmail.com,Reino Unido,Manchester,27,M
1991,Ana,Pérez Díaz,ana.perez1@hotmail.com,Reino Unido,Manchester,36,M
1992,David,Fernández Torres,david.fernandez2@hotmail.com,España,Madrid,18,F
1993,Andrés,Pérez Sánchez,andres.perez@outlook.com,Italia,Nápoles,51,F
1994,Andrés,Ruiz Martínez,andres.ruiz@hotmail.com,España,Barcelona,39,M
1995,Elena,Domínguez García,elena.dominguez1@live.com,Reino Unido,Londres,47,M
1996,Sofía,Romero Ramos,sofia.romero1@live.com,Portugal,Lisboa,19,M
1997,Juan,Álvarez Hernández,juan.alvarez@yahoo.com,Argentina,Córdoba,47,F
1998,María,Díaz Díaz,maria.diaz1@gmail.com,España,Bilbao,57,F
1999,Lucía,Gómez Domínguez,lucia.gomez1@outlook.com,España,Valencia,21,F
2000,Juan,Gil Domínguez,juan.gil2@gmail.com,España,Barcelona,42,M
2001,Sofía,Martínez Gómez,sofia.martinez1@icloud.com,España,Valencia,35,F
2002,Marta,Gil Pérez,marta.gil1@gmail.com,España,Valencia,19,M
2003,Laura,Gómez Sánchez,laura.gomez@gmail.com,México,Monterrey,39,F
2004,Sofía,Torres Sánchez,sofia.torres1@icloud.com,España,Madrid,43,M
2005,Alberto,Gil Hernández,alberto.gil3@live.com,España,Barcelona,28,F
2006,Andrés,López Jiménez,andres.lopez1@outlook.com,Reino Unido,Londres,46,M
2007,María,Hernández Romero,maria.hernandez@icloud.com,Francia,París,18,M
2008,Diego,Moreno Torres,diego.moreno@icloud.com,Reino Unido,Londres,20,Otro/NA
2009,Álvaro,Álvarez Moreno,alvaro.alvarez@gmail.com,España,Barcelona,36,M
2010,Sergio,García Vázquez,sergio.garcia1@outlook.com,Alemania,Múnich,35,M
2011,Sergio,Vázquez Ruiz,sergio.vazquez1@hotmail.com,España,Valencia,27,F
2012,Diego,Díaz Torres,diego.diaz@outlook.com,España,Bilbao,43,F
2013,Javier,Fernández Ruiz,javier.fernandez1@hotmail.com,México,Guadalajara,40,M
2014,Raquel,Sánchez Moreno,raquel.sanchez1@yahoo.com,España,Madrid,43,F
2015,Sergio,Domínguez Romero,sergio.dominguez@hotmail.com,Alemania,Berlín,33,F
2016,Patricia,Sánchez García,patricia.sanchez@hotmail.com,Francia,París,41,M
2017,Lucía,Gil Moreno,lucia.gil1@live.com,España,Sevilla,30,M
2018,Juan,Moreno Hernández,juan.moreno@yahoo.com,México,Monterrey,55,M
2019,David,Vázquez Jiménez,david.vazquez@yahoo.com,España,Madrid,26,F
2020,Patricia,Domínguez Domínguez,patricia.dominguez@yahoo.com,Portugal,Lisboa,56,M
2021,Alberto,Díaz Gil,alberto.diaz1@hotmail.com,Argentina,Córdoba,35,M
2022,Diego,Romero Torres,diego.romero@gmail.com,Italia,Roma,21,F
2023,Patricia,Fernández Sánchez,patricia.fernandez1@hotmail.com,Argentina,Córdoba,48,F
2024,Laura,Ruiz Ruiz,laura.ruiz@yahoo.com,España,Barcelona,36,M
2025,Elena,Martínez Domínguez,elena.martinez@icloud.com,Francia,Marsella,43,F
2026,Andrés,Fernández García,andres.fernandez1@live.com,España,Barcelona,47,M
2027,Ana,Sánchez Pérez,ana.sanchez@live.com,Reino Unido,Manchester,38,M
2028,Elena,Pérez Álvarez,elena.perez@icloud.com,Argentina,Rosario,29,F
2029,Elena,Torres Díaz,elena.torres@gmail.com,España,Bilbao,44,F
2030,Pablo,Torres Pérez,pablo.torres2@hotmail.com,Portugal,Oporto,35,M
2031,Raquel,Gómez Moreno,raquel.gomez@live.com,España,Sevilla,41,F
2032,Ana,Gómez Torres,ana.gomez2@hotmail.com,Italia,Nápoles,18,F
2033,Pablo,Martínez García,pablo.martinez1@icloud.com,Francia,Marsella,39,M
2034,Cristina,Martínez Díaz,cristina.martinez@hotmail.com,Argentina,Córdoba,28,F
2035,Álvaro,Moreno Ramos,alvaro.moreno1@gmail.com,Italia,Roma,51,M
2036,Carlos,Hernández Álvarez,carlos.hernandez1@yahoo.com,España,Sevilla,41,Otro/NA
2037,Elena,Fernández Moreno,elena.fernandez@icloud.com,España,Valencia,37,F
2038,Javier,Álvarez Fernández,javier.alvarez1@gmail.com,España,Madrid,39,M
2039,Patricia,Ruiz López,patricia.ruiz@icloud.com,España,Sevilla,25,M
2040,Carlos,Jiménez Fernández,carlos.jimenez2@hotmail.com,España,Madrid,51,M
2041,Marta,Gil Muñoz,marta.gil3@hotmail.com,México,Guadalajara,54,M
2042,Patricia,Romero Sánchez,patricia.romero1@live.com,Italia,Nápoles,38,M
2043,Javier,Martínez Ruiz,javier.martinez3@yahoo.com,Alemania,Berlín,50,M
2044,Ana,Sánchez Vázquez,ana.sanchez1@live.com,España,Barcelona,29,F
2045,Carlos,Martínez Romero,carlos.martinez@outlook.com,México,Guadalajara,27,M
2046,Juan,Vázquez Domínguez,juan.vazquez@hotmail.com,Reino Unido,Londres,35,F
2047,Sergio,Gómez Gómez,sergio.gomez1@outlook.com,España,Valencia,39,F
2048,Raquel,Gómez Ruiz,raquel.gomez1@yahoo.com,Portugal,Oporto,31,M
2049,Andrés,García Moreno,andres.garcia@gmail.com,Alemania,Hamburgo,40,F
2050,Alberto,Torres Jiménez,alberto.torres2@yahoo.com,España,Madrid,38,M
2051,Javier,Domínguez Muñoz,javier.dominguez@gmail.com,Francia,París,25,M
2052,David,Sánchez Ramos,david.sanchez1@outlook.com,Alemania,Hamburgo,40,F
2053,Elena,López Álvarez,elena.lopez1@yahoo.com,España,Madrid,43,M
2054,Sofía,Díaz Ruiz,sofia.diaz@gmail.com,Argentina,Buenos Aires,36,F
2055,Elena,Romero Hernández,elena.romero1@hotmail.com,México,CDMX,46,F
2056,Laura,Ramos Fernández,laura.ramos1@live.com,Portugal,Oporto,22,Otro/NA
2057,David,Ramos Martínez,david.ramos@live.com,Francia,Lyon,39,F
2058,Diego,Jiménez Ramos,diego.jimenez2@outlook.com,Francia,Marsella,23,F
2059,Cristina,Álvarez Domínguez,cristina.alvarez@yahoo.com,Portugal,Lisboa,23,M
2060,Patricia,Fernández Jiménez,patricia.fernandez2@yahoo.com,Alemania,Múnich,28,M
2061,Diego,Jiménez Gil,diego.jimenez1@icloud.com,España,Madrid,25,F
2062,Sergio,Díaz Sánchez,sergio.diaz1@hotmail.com,Alemania,Berlín,29,M
2063,Diego,Sánchez Álvarez,diego.sanchez1@live.com,Reino Unido,Londres,32,M
2064,María,Jiménez Romero,maria.jimenez2@hotmail.com,Francia,París,43,M
2065,Lucía,Díaz Ramos,lucia.diaz2@yahoo.com,España,Valencia,31,F
2066,Raquel,Sánchez Moreno,raquel.sanchez1@icloud.com,Reino Unido,Manchester,19,M
2067,Cristina,Díaz Hernández,cristina.diaz@icloud.com,España,Barcelona,46,F
2068,Patricia,Álvarez Sánchez,patricia.alvarez1@yahoo.com,España,Madrid,26,M
2069,Javier,Fernández García,javier.fernandez2@live.com,España,Barcelona,34,M
2070,Laura,Muñoz Torres,laura.munoz2@live.com,España,Sevilla,39,M
2071,Sofía,Díaz Pérez,sofia.diaz1@hotmail.com,Reino Unido,Londres,36,M
2072,Pablo,López Romero,pablo.lopez1@hotmail.com,Alemania,Hamburgo,45,F
2073,Juan,Torres Pérez,juan.torres2@icloud.com,España,Bilbao,39,M
2074,Juan,Ramos Domínguez,juan.ramos2@icloud.com,México,Monterrey,26,M
2075,Sergio,Torres Hernández,sergio.torres@outlook.com,México,Guadalajara,56,F
2076,Diego,Martínez Gil,diego.martinez3@yahoo.com,México,CDMX,36,F
2077,Andrés,Álvarez Vázquez,andres.alvarez@gmail.com,España,Madrid,33,M
2078,Diego,Pérez Gómez,diego.perez1@yahoo.com,Francia,Marsella,44,M
2079,Sergio,Fernández Hernández,sergio.fernandez1@icloud.com,Argentina,Córdoba,37,Otro/NA
2080,Álvaro,Gil Torres,alvaro.gil1@gmail.com,Reino Unido,Londres,38,F
2081,María,Romero Hernández,maria.romero@yahoo.com,España,Barcelona,59,M
2082,Carlos,Gómez López,carlos.gomez@gmail.com,España,Valencia,32,M
2083,Alberto,Muñoz Hernández,alberto.munoz2@icloud.com,Francia,Marsella,31,M
2084,Ana,Moreno García,ana.moreno3@gmail.com,México,Monterrey,36,M
2085,Marta,Pérez Romero,marta.perez@live.com,Alemania,Berlín,45,F
2086,Pablo,Romero Martínez,pablo.romero@hotmail.com,Alemania,Hamburgo,19,F
2087,Raquel,Fernández Fernández,raquel.fernandez2@live.com,España,Valencia,18,M
2088,Pablo,Moreno Hernández,pablo.moreno2@gmail.com,Portugal,Oporto,29,F
2089,Juan,Ruiz Ramos,juan.ruiz2@outlook.com,México,CDMX,18,M
2090,Raquel,Fernández Sánchez,raquel.fernandez@outlook.com,España,Valencia,30,M
2091,Juan,Jiménez Martínez,juan.jimenez1@yahoo.com,Reino Unido,Manchester,40,M
2092,Sofía,Pérez Torres,sofia.perez1@outlook.com,Argentina,Buenos Aires,26,M
2093,Álvaro,Martínez Hernández,alvaro.martinez1@yahoo.com,España,Madrid,20,F
2094,Laura,Ramos García,laura.ramos2@live.com,Alemania,Múnich,35,M
2095,Pablo,Martínez Álvarez,pablo.martinez1@outlook.com,España,Sevilla,43,M
2096,Álvaro,Ruiz Moreno,alvaro.ruiz1@outlook.com,Reino Unido,Londres,18,F
2097,Sergio,Pérez García,sergio.perez@icloud.com,Italia,Roma,43,F
2098,Lucía,Sánchez Martínez,lucia.sanchez@icloud.com,Italia,Roma,43,F
2099,Raquel,Romero Ruiz,raquel.romero@outlook.com,Reino Unido,Manchester,44,F
2100,Cristina,Romero Pérez,cristina.romero1@outlook.com,España,Sevilla,47,M
2101,Patricia,Álvarez Moreno,patricia.alvarez2@yahoo.com,Argentina,Rosario,57,F
2102,Álvaro,Gómez Hernández,alvaro.gomez2@icloud.com,Alemania,Hamburgo,31,F
2103,Marta,Jiménez Domínguez,marta.jimenez1@yahoo.com,España,Madrid,36,F
2104,Andrés,Díaz Vázquez,andres.diaz1@yahoo.com,Portugal,Lisboa,30,F
2105,Andrés,Hernández Pérez,andres.hernandez1@live.com,Reino Unido,Manchester,35,M
2106,Carlos,Gil López,carlos.gil2@icloud.com,España,Bilbao,50,F
2107,Ana,Gómez Ruiz,ana.gomez1@live.com,México,Guadalajara,21,M
2108,Carlos,Gil Pérez,carlos.gil3@icloud.com,México,Monterrey,26,M
2109,Raquel,Gómez Fernández,raquel.gomez1@live.com,España,Madrid,48,M
2110,Pablo,Ramos Álvarez,pablo.ramos2@icloud.com,Argentina,Buenos Aires,45,F
2111,Elena,Vázquez Ramos,elena.vazquez1@icloud.com,España,Bilbao,31,M
2112,Álvaro,Díaz López,alvaro.diaz1@live.com,España,Sevilla,43,F
2113,Pablo,López Hernández,pablo.lopez1@icloud.com,España,Sevilla,38,M
2114,Ana,Álvarez Díaz,ana.alvarez2@hotmail.com,México,Guadalajara,50,F
2115,Laura,Domínguez Martínez,laura.dominguez@yahoo.com,Portugal,Oporto,35,M
2116,Andrés,Torres Torres,andres.torres@outlook.com,España,Madrid,45,F
2117,Cristina,Fernández Moreno,cristina.fernandez@gmail.com,Francia,Marsella,61,F
2118,Raquel,Ramos Díaz,raquel.ramos1@live.com,Italia,Roma,40,M
2119,Cristina,Torres Muñoz,cristina.torres2@yahoo.com,España,Sevilla,35,M
2120,Juan,Romero Álvarez,juan.romero1@outlook.com,México,Monterrey,42,F
2121,Juan,Ruiz Muñoz,juan.ruiz3@icloud.com,Reino Unido,Manchester,31,F
2122,Juan,García Sánchez,juan.garcia@icloud.com,Alemania,Hamburgo,58,F
2123,Ana,Álvarez Ruiz,ana.alvarez1@icloud.com,Argentina,Rosario,36,M
2124,Elena,Díaz Hernández,elena.diaz1@live.com,Francia,París,32,F
2125,Diego,Díaz Gil,diego.diaz@gmail.com,Argentina,Rosario,26,M
2126,Cristina,Jiménez Hernández,cristina.jimenez@outlook.com,Portugal,Lisboa,45,F
2127,Patricia,Álvarez Gómez,patricia.alvarez@live.com,Italia,Nápoles,43,F
2128,Ana,Ramos Ramos,ana.ramos2@outlook.com,España,Barcelona,30,M
2129,Andrés,Díaz Álvarez,andres.diaz@outlook.com,México,Monterrey,40,F
2130,Cristina,Ramos Jiménez,cristina.ramos1@outlook.com,Francia,Lyon,19,F
2131,Ana,Pérez Ramos,ana.perez@icloud.com,España,Valencia,36,F
2132,Elena,Ramos Pérez,elena.ramos@icloud.com,España,Bilbao,39,M
2133,Andrés,García Fernández,andres.garcia1@hotmail.com,Alemania,Hamburgo,52,M
2134,Elena,Álvarez Ruiz,elena.alvarez1@outlook.com,Alemania,Múnich,27,F
2135,David,Martínez Pérez,david.martinez1@outlook.com,Portugal,Lisboa,22,M
2136,Raquel,Martínez Álvarez,raquel.martinez2@hotmail.com,México,CDMX,26,M
2137,Andrés,Torres Vázquez,andres.torres@icloud.com,España,Madrid,21,Otro/NA
2138,Sergio,Domínguez Fernández,sergio.dominguez1@hotmail.com,Reino Unido,Manchester,48,M
2139,Sofía,Martínez Hernández,sofia.martinez1@outlook.com,España,Sevilla,50,Otro/NA
2140,Elena,Álvarez Hernández,elena.alvarez2@outlook.com,México,Guadalajara,38,M
2141,Cristina,Domínguez López,cristina.dominguez1@hotmail.com,Reino Unido,Manchester,47,M
2142,Cristina,Muñoz Hernández,cristina.munoz@outlook.com,Alemania,Berlín,36,F
2143,Álvaro,Torres Ramos,alvaro.torres1@icloud.com,Portugal,Oporto,34,F
2144,Diego,Sánchez Romero,diego.sanchez2@live.com,España,Valencia,31,F
2145,Sofía,Romero Vázquez,sofia.romero1@yahoo.com,Francia,París,31,F
2146,Sergio,Torres Gómez,sergio.torres1@outlook.com,México,CDMX,19,F
2147,Diego,Díaz Muñoz,diego.diaz1@outlook.com,Francia,París,37,M
2148,María,López Álvarez,maria.lopez3@icloud.com,España,Valencia,34,M
2149,Pablo,Vázquez Sánchez,pablo.vazquez1@yahoo.com,Alemania,Berlín,42,M
2150,Elena,García Pérez,elena.garcia1@live.com,México,CDMX,35,F
2151,Carlos,Álvarez Domínguez,carlos.alvarez@live.com,España,Sevilla,33,M
2152,Alberto,Fernández Romero,alberto.fernandez2@hotmail.com,España,Barcelona,26,M
2153,Sofía,Pérez Jiménez,sofia.perez@icloud.com,Portugal,Oporto,35,M
2154,Sergio,Moreno Domínguez,sergio.moreno@hotmail.com,México,Guadalajara,42,M
2155,María,Hernández Moreno,maria.hernandez@live.com,España,Valencia,23,M
2156,Andrés,Díaz Romero,andres.diaz1@outlook.com,España,Barcelona,35,F
2157,Diego,López Moreno,diego.lopez1@hotmail.com,España,Sevilla,37,M
2158,Marta,García Álvarez,marta.garcia@live.com,España,Barcelona,27,F
2159,Sofía,Torres Romero,sofia.torres@live.com,Francia,Lyon,29,F
2160,Sofía,Hernández Álvarez,sofia.hernandez1@outlook.com,Reino Unido,Londres,37,M
2161,Javier,Gómez Álvarez,javier.gomez2@live.com,Portugal,Oporto,23,F
2162,Juan,Romero Romero,juan.romero@icloud.com,Italia,Nápoles,38,M
2163,Sofía,Ramos García,sofia.ramos1@icloud.com,España,Valencia,26,F
2164,Diego,Ramos Vázquez,diego.ramos@outlook.com,México,CDMX,45,Otro/NA
2165,David,García García,david.garcia4@hotmail.com,Francia,Marsella,58,F
2166,Cristina,Romero Álvarez,cristina.romero@yahoo.com,Argentina,Buenos Aires,26,F
2167,Andrés,Romero López,andres.romero1@icloud.com,Italia,Nápoles,40,M
2168,Raquel,Pérez Pérez,raquel.perez2@icloud.com,España,Barcelona,27,M
2169,Ana,Muñoz Gil,ana.munoz@hotmail.com,Portugal,Lisboa,45,F
2170,Javier,Gómez Hernández,javier.gomez@gmail.com,España,Barcelona,22,M
2171,Juan,Moreno Díaz,juan.moreno1@live.com,Portugal,Lisboa,39,M
2172,Sofía,Romero Ramos,sofia.romero2@live.com,España,Valencia,26,M
2173,Carlos,García Domínguez,carlos.garcia2@outlook.com,España,Valencia,32,F
2174,Laura,López Moreno,laura.lopez1@live.com,México,CDMX,24,M
2175,María,Muñoz Pérez,maria.munoz@hotmail.com,España,Madrid,43,F
2176,Patricia,Jiménez Gil,patricia.jimenez2@hotmail.com,México,CDMX,26,M
2177,Elena,Domínguez Vázquez,elena.dominguez4@icloud.com,España,Madrid,40,M
2178,Alberto,Martínez Ramos,alberto.martinez1@live.com,Portugal,Lisboa,31,F
2179,Ana,Hernández Hernández,ana.hernandez@outlook.com,Portugal,Oporto,33,M
2180,Alberto,Álvarez Martínez,alberto.alvarez1@hotmail.com,Alemania,Hamburgo,36,F
2181,Laura,Ruiz Muñoz,laura.ruiz2@live.com,España,Madrid,27,M
2182,Alberto,Gil Pérez,alberto.gil@yahoo.com,España,Valencia,37,M
2183,Cristina,Vázquez Muñoz,cristina.vazquez@outlook.com,España,Barcelona,50,M
2184,Andrés,Ramos García,andres.ramos@hotmail.com,España,Madrid,27,F
2185,Diego,Fernández Romero,diego.fernandez@yahoo.com,Portugal,Oporto,46,F
2186,Juan,López Domínguez,juan.lopez2@yahoo.com,Argentina,Rosario,49,F
2187,Ana,Gil Romero,ana.gil@live.com,México,Guadalajara,26,M
2188,Cristina,Jiménez Martínez,cristina.jimenez1@outlook.com,Reino Unido,Londres,20,F
2189,Laura,Martínez López,laura.martinez@icloud.com,Reino Unido,Londres,38,F
2190,Álvaro,Domínguez Martínez,alvaro.dominguez@yahoo.com,Portugal,Lisboa,29,F
2191,Elena,Moreno Ruiz,elena.moreno3@icloud.com,España,Madrid,53,F
2192,Diego,Martínez Sánchez,diego.martinez@outlook.com,México,CDMX,35,F
2193,Cristina,Sánchez Jiménez,cristina.sanchez@hotmail.com,Portugal,Oporto,26,M
2194,Raquel,Muñoz Gil,raquel.munoz2@outlook.com,Italia,Milán,23,F
2195,Elena,Moreno Sánchez,elena.moreno4@icloud.com,España,Sevilla,45,M
2196,David,Romero Hernández,david.romero2@gmail.com,Francia,París,29,F
2197,Patricia,Gil Ramos,patricia.gil2@outlook.com,Francia,París,35,M
2198,Álvaro,Martínez Torres,alvaro.martinez1@gmail.com,México,Monterrey,44,M
2199,Elena,Moreno Jiménez,elena.moreno2@yahoo.com,Alemania,Berlín,30,M
2200,Álvaro,Moreno Martínez,alvaro.moreno@icloud.com,España,Valencia,34,M
2201,Pablo,Gómez Sánchez,pablo.gomez2@yahoo.com,Argentina,Rosario,34,M
2202,Marta,Vázquez Ramos,marta.vazquez2@gmail.com,España,Valencia,41,F
2203,Andrés,López Domínguez,andres.lopez@gmail.com,Francia,Lyon,40,F
2204,Diego,Vázquez Martínez,diego.vazquez2@hotmail.com,España,Valencia,32,F
2205,Laura,Fernández Fernández,laura.fernandez1@outlook.com,Reino Unido,Manchester,35,F
2206,Javier,Pérez Domínguez,javier.perez@yahoo.com,Argentina,Córdoba,31,M
2207,Marta,Jiménez Pérez,marta.jimenez2@yahoo.com,España,Bilbao,20,F
2208,Álvaro,Díaz Vázquez,alvaro.diaz1@icloud.com,México,CDMX,37,M
2209,Sergio,Vázquez Torres,sergio.vazquez@icloud.com,España,Madrid,53,F
2210,Javier,Sánchez Pérez,javier.sanchez1@outlook.com,Argentina,Buenos Aires,26,M
2211,Sergio,Torres Díaz,sergio.torres@icloud.com,Reino Unido,Manchester,27,M
2212,Sergio,Ramos Pérez,sergio.ramos@icloud.com,Reino Unido,Manchester,26,M
2213,Laura,Fernández Hernández,laura.fernandez@yahoo.com,España,Barcelona,42,M
2214,Diego,Díaz Hernández,diego.diaz@hotmail.com,Argentina,Córdoba,39,M
2215,Elena,Jiménez García,elena.jimenez1@outlook.com,Reino Unido,Londres,33,M
2216,Diego,Moreno Torres,diego.moreno1@gmail.com,España,Barcelona,25,F
2217,Pablo,Ruiz Gil,pablo.ruiz1@yahoo.com,México,CDMX,35,F
2218,Álvaro,Domínguez Fernández,alvaro.dominguez2@live.com,España,Sevilla,19,M
2219,Marta,Álvarez Sánchez,marta.alvarez1@yahoo.com,México,Monterrey,36,M
2220,Sergio,Ruiz López,sergio.ruiz1@icloud.com,España,Barcelona,43,F
2221,Carlos,Martínez García,carlos.martinez2@gmail.com,Portugal,Lisboa,22,M
2222,Sofía,López Pérez,sofia.lopez@yahoo.com,Alemania,Hamburgo,19,F
2223,Álvaro,Moreno Gil,alvaro.moreno1@yahoo.com,España,Barcelona,50,M
2224,Raquel,Moreno Sánchez,raquel.moreno2@yahoo.com,España,Sevilla,28,F
2225,Raquel,Romero Domínguez,raquel.romero1@outlook.com,España,Valencia,46,F
2226,Pablo,Torres Sánchez,pablo.torres2@gmail.com,Francia,Lyon,33,F
2227,Ana,Domínguez Díaz,ana.dominguez1@hotmail.com,España,Bilbao,33,F
2228,Sergio,Domínguez Fernández,sergio.dominguez2@hotmail.com,Italia,Roma,39,M
2229,Juan,Sánchez Sánchez,juan.sanchez1@gmail.com,España,Madrid,26,M
2230,Sergio,Torres Torres,sergio.torres2@outlook.com,España,Valencia,36,F
2231,Lucía,Vázquez García,lucia.vazquez1@gmail.com,Reino Unido,Manchester,31,F
2232,Pablo,Vázquez Domínguez,pablo.vazquez@gmail.com,España,Sevilla,21,M
2233,Patricia,Hernández Romero,patricia.hernandez2@gmail.com,México,CDMX,38,F
2234,Marta,Romero Muñoz,marta.romero2@outlook.com,México,Monterrey,32,M
2235,Diego,Gil Martínez,diego.gil1@gmail.com,Portugal,Lisboa,33,M
2236,Laura,Moreno Sánchez,laura.moreno@icloud.com,Italia,Roma,22,F
2237,Laura,López Hernández,laura.lopez@icloud.com,México,Guadalajara,50,M
2238,Álvaro,Fernández Muñoz,alvaro.fernandez@outlook.com,España,Madrid,43,F
2239,Marta,Romero Torres,marta.romero@hotmail.com,España,Madrid,44,M
2240,Álvaro,López Gómez,alvaro.lopez1@gmail.com,España,Valencia,31,M
2241,Marta,López Díaz,marta.lopez@live.com,Reino Unido,Londres,18,F
2242,Ana,Muñoz Vázquez,ana.munoz5@live.com,España,Barcelona,54,F
2243,Carlos,Gómez Ruiz,carlos.gomez@yahoo.com,Italia,Nápoles,34,M
2244,Andrés,Hernández Gil,andres.hernandez1@hotmail.com,Argentina,Rosario,27,M
2245,Sofía,López Romero,sofia.lopez@gmail.com,México,CDMX,39,M
2246,Javier,Sánchez Gil,javier.sanchez2@live.com,Alemania,Berlín,46,M
2247,Javier,Gómez Sánchez,javier.gomez@icloud.com,España,Barcelona,34,F
2248,Juan,Ruiz Álvarez,juan.ruiz3@gmail.com,México,Guadalajara,47,F
2249,Cristina,Sánchez Pérez,cristina.sanchez1@gmail.com,Italia,Nápoles,45,M
2250,Javier,Pérez García,javier.perez2@gmail.com,España,Barcelona,24,M
2251,Javier,Torres Gómez,javier.torres@outlook.com,España,Madrid,28,F
2252,Juan,Pérez Pérez,juan.perez1@icloud.com,México,Monterrey,44,F
2253,Carlos,Fernández Díaz,carlos.fernandez@live.com,Portugal,Lisboa,18,F
2254,Alberto,Domínguez Gómez,alberto.dominguez@outlook.com,México,CDMX,33,F
2255,Elena,García Domínguez,elena.garcia@outlook.com,México,Guadalajara,20,M
2256,Diego,Hernández Vázquez,diego.hernandez2@yahoo.com,Italia,Nápoles,30,F
2257,Carlos,Álvarez Fernández,carlos.alvarez2@hotmail.com,Alemania,Berlín,32,Otro/NA
2258,Ana,Vázquez Torres,ana.vazquez2@hotmail.com,Francia,Marsella,31,F
2259,María,Pérez Torres,maria.perez1@hotmail.com,España,Bilbao,29,M
2260,Álvaro,Torres Hernández,alvaro.torres2@icloud.com,Francia,Lyon,24,M
2261,David,Moreno Hernández,david.moreno@icloud.com,Reino Unido,Londres,57,M
2262,Alberto,Álvarez Sánchez,alberto.alvarez1@icloud.com,Italia,Nápoles,53,F
2263,Diego,Romero Ramos,diego.romero@outlook.com,México,Guadalajara,23,M
2264,Diego,García Torres,diego.garcia@icloud.com,Francia,Marsella,50,M
2265,Laura,Hernández Moreno,laura.hernandez@outlook.com,Italia,Roma,31,F
2266,Sergio,Fernández Ruiz,sergio.fernandez@hotmail.com,Italia,Milán,36,M
2267,Elena,López Muñoz,elena.lopez@hotmail.com,Italia,Roma,34,M
2268,Sergio,García Muñoz,sergio.garcia1@gmail.com,Portugal,Lisboa,28,M
2269,Juan,Díaz Sánchez,juan.diaz1@icloud.com,España,Bilbao,44,M
2270,Lucía,Domínguez Romero,lucia.dominguez1@icloud.com,Alemania,Múnich,36,M
2271,Sofía,Jiménez Álvarez,sofia.jimenez@outlook.com,España,Barcelona,30,F
2272,Javier,Álvarez Álvarez,javier.alvarez@hotmail.com,España,Bilbao,21,F
2273,Álvaro,Ramos Pérez,alvaro.ramos1@hotmail.com,Alemania,Múnich,26,M
2274,Juan,Jiménez García,juan.jimenez2@yahoo.com,Portugal,Oporto,18,M
2275,David,Jiménez Hernández,david.jimenez1@hotmail.com,Argentina,Rosario,35,F
2276,Alberto,Torres Romero,alberto.torres1@icloud.com,Italia,Nápoles,23,M
2277,David,Ramos Sánchez,david.ramos@icloud.com,Reino Unido,Londres,32,M
2278,Juan,Domínguez Ramos,juan.dominguez1@gmail.com,Alemania,Hamburgo,48,F
2279,Raquel,Vázquez Muñoz,raquel.vazquez1@hotmail.com,Italia,Nápoles,46,M
2280,Diego,Romero García,diego.romero1@gmail.com,España,Valencia,34,M
2281,David,Romero Ramos,david.romero1@icloud.com,España,Bilbao,34,M
2282,Sergio,Hernández Hernández,sergio.hernandez1@live.com,España,Sevilla,53,F
2283,Juan,Ramos Martínez,juan.ramos3@icloud.com,Francia,Marsella,40,M
2284,María,Pérez Gil,maria.perez1@outlook.com,España,Sevilla,31,M
2285,Sergio,Hernández Romero,sergio.hernandez1@yahoo.com,España,Barcelona,20,M
2286,Sofía,Gómez Martínez,sofia.gomez1@gmail.com,España,Madrid,38,F
2287,Andrés,Ruiz Moreno,andres.ruiz1@gmail.com,Argentina,Córdoba,43,M
2288,Carlos,Díaz Pérez,carlos.diaz@hotmail.com,España,Bilbao,28,M
2289,Elena,Torres Romero,elena.torres1@yahoo.com,Alemania,Hamburgo,37,F
2290,Sergio,Moreno Romero,sergio.moreno1@hotmail.com,España,Madrid,31,F
2291,Patricia,Hernández Ruiz,patricia.hernandez3@hotmail.com,Italia,Nápoles,33,M
2292,Álvaro,Martínez García,alvaro.martinez2@yahoo.com,España,Madrid,18,M
2293,Cristina,Pérez Gómez,cristina.perez1@icloud.com,España,Valencia,32,F
2294,Diego,Moreno Moreno,diego.moreno@hotmail.com,Alemania,Berlín,44,F
2295,Ana,Hernández Domínguez,ana.hernandez1@hotmail.com,España,Sevilla,28,M
2296,Cristina,Romero Domínguez,cristina.romero@hotmail.com,España,Bilbao,35,M
2297,Patricia,Gómez Fernández,patricia.gomez2@outlook.com,España,Bilbao,27,M
2298,Marta,Gil Moreno,marta.gil2@gmail.com,España,Barcelona,38,M
2299,Laura,Gómez Domínguez,laura.gomez1@gmail.com,España,Madrid,32,F
2300,Carlos,Vázquez Muñoz,carlos.vazquez3@hotmail.com,España,Bilbao,25,M
2301,Elena,Hernández Domínguez,elena.hernandez1@live.com,Reino Unido,Manchester,48,F
2302,David,Gómez López,david.gomez@outlook.com,Italia,Nápoles,44,F
2303,Patricia,Gómez Gómez,patricia.gomez2@yahoo.com,Alemania,Berlín,28,M
2304,Marta,Pérez Pérez,marta.perez@icloud.com,España,Bilbao,39,M
2305,David,Gómez Moreno,david.gomez2@icloud.com,Argentina,Rosario,40,F
2306,María,Díaz Ramos,maria.diaz1@yahoo.com,España,Sevilla,41,M
2307,Elena,Sánchez Jiménez,elena.sanchez3@yahoo.com,España,Barcelona,18,F
2308,Sergio,Martínez Romero,sergio.martinez1@hotmail.com,Italia,Nápoles,45,Otro/NA
2309,Sofía,Jiménez Pérez,sofia.jimenez@hotmail.com,España,Valencia,29,M
2310,Laura,Ramos Ruiz,laura.ramos2@gmail.com,España,Valencia,31,M
2311,David,Pérez Hernández,david.perez2@gmail.com,Alemania,Múnich,61,M
2312,Andrés,Romero Muñoz,andres.romero@yahoo.com,México,CDMX,38,F
2313,Raquel,Ruiz López,raquel.ruiz@live.com,Alemania,Hamburgo,31,F
2314,Alberto,Moreno Torres,alberto.moreno@yahoo.com,Portugal,Lisboa,18,F
2315,Cristina,Gómez Muñoz,cristina.gomez@yahoo.com,Argentina,Rosario,48,F
2316,Elena,Fernández Torres,elena.fernandez2@hotmail.com,España,Barcelona,21,M
2317,Lucía,Vázquez Gil,lucia.vazquez1@live.com,España,Barcelona,24,F
2318,Raquel,Martínez Gómez,raquel.martinez@yahoo.com,España,Sevilla,31,F
2319,Carlos,Jiménez Ramos,carlos.jimenez2@icloud.com,Francia,París,49,F
2320,David,Moreno Domínguez,david.moreno@yahoo.com,Francia,París,42,M
2321,Ana,Pérez Domínguez,ana.perez1@gmail.com,México,CDMX,33,F
2322,Diego,Moreno Ruiz,diego.moreno1@icloud.com,Portugal,Lisboa,38,F
2323,Elena,Romero Pérez,elena.romero1@outlook.com,Italia,Nápoles,28,F
2324,Javier,Vázquez Jiménez,javier.vazquez2@hotmail.com,España,Barcelona,36,F
2325,María,Gómez Ramos,maria.gomez2@live.com,México,Monterrey,35,F
2326,Marta,Vázquez Ramos,marta.vazquez1@yahoo.com,Argentina,Córdoba,44,F
2327,Raquel,Hernández Moreno,raquel.hernandez@yahoo.com,México,Monterrey,44,F
2328,Javier,Sánchez Ramos,javier.sanchez1@icloud.com,España,Barcelona,39,F
2329,Patricia,García Gil,patricia.garcia@outlook.com,Italia,Nápoles,31,M
2330,Marta,Muñoz Muñoz,marta.munoz2@outlook.com,España,Barcelona,42,M
2331,Elena,Torres López,elena.torres1@gmail.com,España,Barcelona,34,M
2332,Sergio,Pérez Martínez,sergio.perez@yahoo.com,España,Barcelona,24,F
2333,Sofía,Romero García,sofia.romero2@icloud.com,Italia,Roma,30,F
2334,Sofía,Jiménez Gómez,sofia.jimenez1@icloud.com,Portugal,Oporto,35,Otro/NA
2335,María,Pérez Díaz,maria.perez@yahoo.com,España,Madrid,44,M
2336,Marta,García Sánchez,marta.garcia1@yahoo.com,España,Valencia,33,M
2337,Pablo,Vázquez Sánchez,pablo.vazquez1@icloud.com,Francia,Lyon,22,M
2338,Javier,Domínguez Torres,javier.dominguez2@hotmail.com,España,Sevilla,35,M
2339,Juan,Jiménez Torres,juan.jimenez3@outlook.com,España,Valencia,36,F
2340,Carlos,Hernández Jiménez,carlos.hernandez1@hotmail.com,Francia,Marsella,36,M
2341,Patricia,Torres Díaz,patricia.torres1@live.com,Reino Unido,Londres,44,F
2342,Sergio,Hernández Díaz,sergio.hernandez2@gmail.com,España,Barcelona,45,F
2343,David,Ramos Sánchez,david.ramos1@icloud.com,España,Bilbao,29,M
2344,Raquel,Pérez Gómez,raquel.perez1@live.com,España,Madrid,28,F
2345,Cristina,Ramos Muñoz,cristina.ramos1@live.com,Argentina,Buenos Aires,24,M
2346,Sergio,Romero Álvarez,sergio.romero1@yahoo.com,Portugal,Oporto,41,M
2347,Carlos,Jiménez López,carlos.jimenez3@hotmail.com,Portugal,Oporto,49,F
2348,Sergio,Sánchez Martínez,sergio.sanchez2@yahoo.com,España,Bilbao,31,F
2349,Pablo,Torres Gil,pablo.torres3@hotmail.com,Italia,Nápoles,32,M
2350,Andrés,Martínez Ruiz,andres.martinez@hotmail.com,España,Barcelona,49,M
2351,Javier,Pérez Sánchez,javier.perez@outlook.com,Italia,Nápoles,40,M
2352,Javier,Vázquez Martínez,javier.vazquez@outlook.com,Argentina,Buenos Aires,39,M
2353,Ana,Sánchez López,ana.sanchez@yahoo.com,Italia,Nápoles,23,Otro/NA
2354,Diego,Hernández Romero,diego.hernandez1@outlook.com,México,CDMX,41,F
2355,Ana,García Moreno,ana.garcia1@hotmail.com,Reino Unido,Londres,25,M
2356,Patricia,Muñoz Gil,patricia.munoz2@live.com,España,Barcelona,23,F
2357,Andrés,Gil García,andres.gil1@outlook.com,México,CDMX,31,M
2358,Pablo,Díaz Gómez,pablo.diaz@hotmail.com,España,Barcelona,29,M
2359,Alberto,Romero Jiménez,alberto.romero1@yahoo.com,Alemania,Berlín,32,F
2360,Álvaro,Moreno Sánchez,alvaro.moreno1@icloud.com,España,Valencia,20,F
2361,Diego,López Romero,diego.lopez3@yahoo.com,España,Barcelona,44,F
2362,Álvaro,Jiménez Muñoz,alvaro.jimenez@gmail.com,Francia,París,46,F
2363,Laura,Martínez Pérez,laura.martinez1@live.com,España,Barcelona,18,F
2364,Javier,Gil Ramos,javier.gil1@icloud.com,Alemania,Berlín,44,M
2365,Andrés,Fernández Vázquez,andres.fernandez1@hotmail.com,Italia,Nápoles,26,F
2366,Lucía,Ramos Fernández,lucia.ramos@live.com,España,Sevilla,43,Otro/NA
2367,Cristina,Domínguez Fernández,cristina.dominguez1@live.com,España,Sevilla,34,M
2368,Patricia,Díaz Ruiz,patricia.diaz@gmail.com,Alemania,Múnich,35,F
2369,Cristina,Ruiz Torres,cristina.ruiz@yahoo.com,España,Barcelona,33,F
2370,Pablo,Fernández Romero,pablo.fernandez3@live.com,Reino Unido,Londres,47,M
2371,Lucía,García Hernández,lucia.garcia6@gmail.com,Portugal,Lisboa,22,F
2372,Sofía,López Díaz,sofia.lopez1@yahoo.com,México,Guadalajara,41,M
2373,Carlos,Vázquez Fernández,carlos.vazquez1@icloud.com,Portugal,Lisboa,46,F
2374,Juan,Romero Gómez,juan.romero2@outlook.com,Francia,París,42,M
2375,Álvaro,López Álvarez,alvaro.lopez1@outlook.com,Portugal,Lisboa,58,F
2376,Cristina,Domínguez Domínguez,cristina.dominguez@yahoo.com,España,Bilbao,29,M
2377,Laura,Muñoz Fernández,laura.munoz2@gmail.com,España,Madrid,44,M
2378,Sofía,Fernández López,sofia.fernandez2@yahoo.com,Reino Unido,Manchester,33,M
2379,Álvaro,Torres Ramos,alvaro.torres@yahoo.com,Francia,Lyon,47,F
2380,Ana,Jiménez García,ana.jimenez1@live.com,Reino Unido,Londres,34,F
2381,David,Gil Sánchez,david.gil1@yahoo.com,México,Guadalajara,31,F
2382,Elena,Gil Fernández,elena.gil2@yahoo.com,México,Guadalajara,48,F
2383,Cristina,Domínguez Martínez,cristina.dominguez@gmail.com,Argentina,Córdoba,30,M
2384,Patricia,Martínez Pérez,patricia.martinez1@yahoo.com,Francia,París,20,M
2385,Carlos,Moreno García,carlos.moreno@outlook.com,España,Madrid,29,F
2386,Laura,Muñoz Moreno,laura.munoz1@outlook.com,Italia,Nápoles,41,M
2387,Sofía,Pérez Álvarez,sofia.perez1@hotmail.com,España,Madrid,48,Otro/NA
2388,Diego,Álvarez Ramos,diego.alvarez2@outlook.com,Italia,Milán,36,F
2389,Lucía,Moreno Vázquez,lucia.moreno2@outlook.com,Portugal,Lisboa,48,M
2390,Cristina,Muñoz López,cristina.munoz1@outlook.com,Portugal,Oporto,21,M
2391,Patricia,Moreno Jiménez,patricia.moreno@yahoo.com,España,Sevilla,30,F
2392,Juan,García Gómez,juan.garcia2@hotmail.com,España,Sevilla,32,M
2393,Patricia,Hernández Domínguez,patricia.hernandez4@hotmail.com,Francia,Lyon,33,M
2394,Ana,Moreno Torres,ana.moreno@hotmail.com,España,Sevilla,35,M
2395,Cristina,Moreno Fernández,cristina.moreno3@icloud.com,México,Monterrey,41,F
2396,Alberto,Hernández Fernández,alberto.hernandez@live.com,España,Madrid,30,F
2397,Patricia,Romero Ramos,patricia.romero1@icloud.com,España,Bilbao,36,M
2398,Sofía,Vázquez Torres,sofia.vazquez2@icloud.com,España,Bilbao,34,M
2399,Juan,López Domínguez,juan.lopez@icloud.com,Portugal,Lisboa,25,M
2400,Álvaro,Fernández Moreno,alvaro.fernandez@hotmail.com,Italia,Roma,33,F
2401,Patricia,Romero Moreno,patricia.romero@gmail.com,España,Madrid,33,M
2402,Sergio,Álvarez Gil,sergio.alvarez@yahoo.com,España,Madrid,33,M
2403,María,Romero Vázquez,maria.romero@outlook.com,Francia,Marsella,35,F
2404,Raquel,Hernández Pérez,raquel.hernandez1@gmail.com,España,Barcelona,35,F
2405,Marta,Gómez López,marta.gomez@hotmail.com,Portugal,Lisboa,30,Otro/NA
2406,María,Álvarez Romero,maria.alvarez@gmail.com,Italia,Milán,47,F
2407,Laura,Álvarez Álvarez,laura.alvarez@live.com,España,Madrid,23,M
2408,Sofía,Pérez Muñoz,sofia.perez2@hotmail.com,España,Sevilla,27,M
2409,Lucía,Ramos López,lucia.ramos1@gmail.com,Argentina,Córdoba,62,M
2410,Juan,Gil Ramos,juan.gil@icloud.com,Francia,Lyon,24,M
2411,Alberto,López López,alberto.lopez1@live.com,Portugal,Lisboa,21,F
2412,Pablo,Pérez Pérez,pablo.perez3@icloud.com,España,Barcelona,42,F
2413,Lucía,Fernández Domínguez,lucia.fernandez@gmail.com,Alemania,Hamburgo,18,F
2414,Álvaro,Hernández Hernández,alvaro.hernandez@outlook.com,España,Bilbao,32,M
2415,Juan,Torres Sánchez,juan.torres1@gmail.com,Alemania,Berlín,56,F
2416,Lucía,Domínguez Sánchez,lucia.dominguez2@icloud.com,Argentina,Buenos Aires,19,F
2417,Diego,Jiménez Torres,diego.jimenez3@outlook.com,España,Madrid,18,M
2418,Juan,López Díaz,juan.lopez3@yahoo.com,España,Valencia,20,F
2419,Sergio,Ramos Martínez,sergio.ramos@hotmail.com,España,Barcelona,43,M
2420,Alberto,Muñoz Gil,alberto.munoz@outlook.com,España,Bilbao,46,M
2421,David,López Vázquez,david.lopez1@hotmail.com,España,Valencia,29,F
2422,Ana,García Jiménez,ana.garcia1@yahoo.com,España,Madrid,41,F
2423,Alberto,Álvarez García,alberto.alvarez@outlook.com,Reino Unido,Manchester,48,M
2424,Pablo,Ruiz Díaz,pablo.ruiz1@hotmail.com,Francia,Lyon,52,M
2425,Raquel,Álvarez Hernández,raquel.alvarez1@hotmail.com,España,Barcelona,32,Otro/NA
2426,Patricia,Gómez Ruiz,patricia.gomez3@yahoo.com,México,CDMX,18,F
2427,Raquel,Vázquez Muñoz,raquel.vazquez2@outlook.com,España,Bilbao,26,F
2428,Raquel,Romero Moreno,raquel.romero@hotmail.com,Argentina,Buenos Aires,30,M
2429,Lucía,Ramos López,lucia.ramos3@icloud.com,España,Barcelona,32,M
2430,Álvaro,Pérez Gómez,alvaro.perez2@gmail.com,México,CDMX,33,M
2431,Ana,Fernández Hernández,ana.fernandez@hotmail.com,Italia,Milán,46,M
2432,Pablo,Gómez López,pablo.gomez@gmail.com,México,Guadalajara,47,M
2433,Carlos,Muñoz Vázquez,carlos.munoz@icloud.com,Argentina,Buenos Aires,33,M
2434,David,Hernández Ramos,david.hernandez1@gmail.com,España,Bilbao,45,F
2435,Álvaro,Vázquez Díaz,alvaro.vazquez2@icloud.com,Argentina,Buenos Aires,38,M
2436,Raquel,Torres Domínguez,raquel.torres@live.com,España,Valencia,35,F
2437,Cristina,Martínez Gil,cristina.martinez@live.com,España,Sevilla,44,M
2438,Ana,Hernández Domínguez,ana.hernandez2@hotmail.com,España,Bilbao,35,M
2439,Javier,Ramos Hernández,javier.ramos2@outlook.com,Alemania,Múnich,55,M
2440,María,Hernández Muñoz,maria.hernandez1@icloud.com,España,Sevilla,20,F
2441,María,Torres Gil,maria.torres1@yahoo.com,Alemania,Múnich,29,M
2442,Sergio,Vázquez Martínez,sergio.vazquez2@yahoo.com,Alemania,Múnich,33,Otro/NA
2443,Patricia,Romero Vázquez,patricia.romero@hotmail.com,Reino Unido,Londres,39,F
2444,Álvaro,Díaz Sánchez,alvaro.diaz@hotmail.com,México,Guadalajara,47,F
2445,Alberto,García Ramos,alberto.garcia1@gmail.com,Francia,París,34,M
2446,Álvaro,García Torres,alvaro.garcia1@hotmail.com,España,Sevilla,20,F
2447,Raquel,Pérez Ruiz,raquel.perez3@icloud.com,España,Barcelona,43,F
2448,Javier,Ruiz García,javier.ruiz2@live.com,España,Madrid,42,M
2449,Javier,Hernández Martínez,javier.hernandez1@gmail.com,España,Bilbao,18,F
2450,Patricia,Torres Jiménez,patricia.torres@gmail.com,España,Bilbao,34,F
2451,Pablo,Sánchez Álvarez,pablo.sanchez@gmail.com,España,Sevilla,19,F
2452,Ana,Hernández Ruiz,ana.hernandez1@outlook.com,Argentina,Córdoba,28,F
2453,Marta,Álvarez Fernández,marta.alvarez2@hotmail.com,Alemania,Múnich,25,F
2454,Laura,Gómez Jiménez,laura.gomez1@icloud.com,España,Madrid,43,F
2455,Carlos,Torres Martínez,carlos.torres@gmail.com,Italia,Milán,36,M
2456,Juan,Díaz Pérez,juan.diaz1@yahoo.com,España,Bilbao,22,F
2457,Alberto,García Fernández,alberto.garcia1@icloud.com,Francia,Lyon,43,F
2458,Andrés,Sánchez Vázquez,andres.sanchez@outlook.com,Italia,Milán,20,F
2459,María,Ruiz Jiménez,maria.ruiz1@live.com,Alemania,Múnich,38,Otro/NA
2460,Javier,Torres Martínez,javier.torres@hotmail.com,Francia,Marsella,26,M
2461,Laura,López Díaz,laura.lopez@hotmail.com,Argentina,Buenos Aires,31,M
2462,Lucía,Gil Torres,lucia.gil5@icloud.com,México,Guadalajara,40,M
2463,Carlos,Moreno López,carlos.moreno2@hotmail.com,Italia,Milán,40,M
2464,Andrés,Ramos Ramos,andres.ramos1@hotmail.com,Italia,Milán,48,M
2465,Juan,Torres Gil,juan.torres2@gmail.com,Italia,Roma,34,F
2466,Patricia,Ramos Martínez,patricia.ramos3@outlook.com,España,Valencia,38,M
2467,Andrés,Álvarez Moreno,andres.alvarez2@hotmail.com,España,Bilbao,30,F
2468,Juan,Ruiz López,juan.ruiz3@outlook.com,España,Barcelona,36,F
2469,Javier,Torres Álvarez,javier.torres@icloud.com,Francia,Marsella,39,M
2470,Juan,Sánchez Gil,juan.sanchez2@gmail.com,Alemania,Berlín,34,M
2471,Raquel,Moreno Gil,raquel.moreno@icloud.com,España,Bilbao,18,F
2472,Patricia,Domínguez López,patricia.dominguez1@icloud.com,Argentina,Córdoba,38,F
2473,Javier,Ramos Vázquez,javier.ramos@gmail.com,México,Guadalajara,38,F
2474,Álvaro,García Torres,alvaro.garcia@yahoo.com,Reino Unido,Londres,28,F
2475,Laura,Ruiz Pérez,laura.ruiz2@hotmail.com,Alemania,Múnich,22,Otro/NA
2476,Juan,Gómez Ruiz,juan.gomez@hotmail.com,México,Monterrey,49,F
2477,Ana,Ramos Martínez,ana.ramos@gmail.com,España,Bilbao,39,F
2478,Cristina,Martínez Sánchez,cristina.martinez2@yahoo.com,Reino Unido,Manchester,32,F
2479,Sergio,Pérez Martínez,sergio.perez1@hotmail.com,España,Barcelona,23,F
2480,Javier,Jiménez Torres,javier.jimenez1@hotmail.com,Reino Unido,Manchester,26,M
2481,Sofía,Romero Domínguez,sofia.romero4@hotmail.com,España,Barcelona,48,Otro/NA
2482,Elena,Pérez Díaz,elena.perez1@icloud.com,México,CDMX,36,M
2483,Sofía,Moreno Moreno,sofia.moreno@outlook.com,Argentina,Buenos Aires,29,F
2484,Andrés,Gómez Álvarez,andres.gomez1@icloud.com,España,Sevilla,40,M
2485,Elena,Martínez Torres,elena.martinez1@outlook.com,Francia,París,26,M
2486,Javier,Ruiz Hernández,javier.ruiz1@yahoo.com,Argentina,Córdoba,50,M
2487,Sergio,Moreno Díaz,sergio.moreno2@hotmail.com,Alemania,Berlín,48,M
2488,Ana,Álvarez García,ana.alvarez1@yahoo.com,México,CDMX,30,M
2489,Cristina,Moreno Martínez,cristina.moreno@hotmail.com,Italia,Milán,28,F
2490,Javier,Martínez García,javier.martinez@live.com,España,Barcelona,18,M
2491,Alberto,Hernández Fernández,alberto.hernandez@gmail.com,España,Valencia,20,M
2492,Sergio,Hernández Vázquez,sergio.hernandez2@live.com,España,Barcelona,21,M
2493,Marta,Domínguez Gil,marta.dominguez@hotmail.com,Reino Unido,Manchester,36,F
2494,Juan,López Muñoz,juan.lopez1@hotmail.com,España,Barcelona,31,M
2495,Álvaro,Domínguez García,alvaro.dominguez3@live.com,Alemania,Hamburgo,21,M
2496,Sofía,Fernández Vázquez,sofia.fernandez@icloud.com,Alemania,Múnich,32,F
2497,David,Gómez Torres,david.gomez2@gmail.com,Italia,Nápoles,40,F
2498,Alberto,Sánchez Martínez,alberto.sanchez@gmail.com,México,Monterrey,40,M
2499,Álvaro,Gil Muñoz,alvaro.gil2@yahoo.com,Argentina,Rosario,18,M
2500,Diego,Gómez Muñoz,diego.gomez@hotmail.com,Francia,Lyon,33,M
2501,Juan,Vázquez Pérez,juan.vazquez@gmail.com,México,Guadalajara,21,Otro/NA
2502,Pablo,Jiménez Álvarez,pablo.jimenez@outlook.com,Reino Unido,Londres,44,M
2503,Raquel,Jiménez Álvarez,raquel.jimenez@yahoo.com,Italia,Roma,42,F
2504,Cristina,Hernández Vázquez,cristina.hernandez@icloud.com,Argentina,Rosario,26,M
2505,Elena,Ruiz Pérez,elena.ruiz@yahoo.com,España,Bilbao,27,F
2506,Alberto,Moreno Sánchez,alberto.moreno@live.com,España,Bilbao,30,M
2507,Alberto,Sánchez Romero,alberto.sanchez2@yahoo.com,México,Monterrey,18,M
2508,Ana,Vázquez Sánchez,ana.vazquez@icloud.com,Francia,París,38,M
2509,Sergio,Ramos Gil,sergio.ramos1@icloud.com,México,Monterrey,32,M
2510,Raquel,Moreno Moreno,raquel.moreno@live.com,México,Monterrey,44,M
2511,David,Pérez Moreno,david.perez@yahoo.com,España,Sevilla,24,F
2512,Álvaro,García Fernández,alvaro.garcia1@icloud.com,México,Monterrey,28,Otro/NA
2513,Diego,Pérez Jiménez,diego.perez2@yahoo.com,Francia,Marsella,19,M
2514,Javier,Domínguez Álvarez,javier.dominguez1@live.com,Alemania,Hamburgo,24,F
2515,Javier,Hernández Martínez,javier.hernandez1@icloud.com,Italia,Roma,23,Otro/NA
2516,Sergio,Moreno Díaz,sergio.moreno@outlook.com,Argentina,Rosario,44,F
2517,Ana,Torres Díaz,ana.torres2@icloud.com,España,Bilbao,28,M
2518,Patricia,Álvarez López,patricia.alvarez@icloud.com,Francia,Lyon,36,F
2519,Juan,Jiménez Ramos,juan.jimenez1@live.com,Portugal,Lisboa,31,M
2520,Álvaro,Gómez García,alvaro.gomez@live.com,Reino Unido,Londres,22,F
2521,Alberto,Sánchez Díaz,alberto.sanchez3@yahoo.com,Portugal,Oporto,33,M
2522,Alberto,Fernández Álvarez,alberto.fernandez1@outlook.com,España,Madrid,40,M
2523,Álvaro,Pérez Vázquez,alvaro.perez2@icloud.com,España,Bilbao,22,M
2524,Cristina,Domínguez Ramos,cristina.dominguez1@yahoo.com,España,Bilbao,43,M
2525,Ana,Díaz Martínez,ana.diaz1@hotmail.com,Reino Unido,Manchester,26,F
2526,Raquel,Fernández García,raquel.fernandez1@icloud.com,España,Valencia,30,M
2527,Javier,Vázquez Díaz,javier.vazquez2@yahoo.com,España,Barcelona,40,F
2528,Marta,Gil Martínez,marta.gil4@hotmail.com,Argentina,Buenos Aires,28,M
2529,Laura,Domínguez López,laura.dominguez@gmail.com,España,Bilbao,35,M
2530,Elena,Vázquez Martínez,elena.vazquez@hotmail.com,Argentina,Córdoba,31,F
2531,Lucía,Vázquez Pérez,lucia.vazquez2@gmail.com,Portugal,Lisboa,36,Otro/NA
2532,Patricia,Sánchez Romero,patricia.sanchez1@icloud.com,México,CDMX,18,M
2533,Pablo,Álvarez Gómez,pablo.alvarez3@outlook.com,España,Valencia,18,M
2534,Lucía,Romero Hernández,lucia.romero@outlook.com,España,Sevilla,41,F
2535,Álvaro,López Martínez,alvaro.lopez2@gmail.com,Reino Unido,Londres,45,M
2536,Laura,Sánchez Jiménez,laura.sanchez1@icloud.com,México,Guadalajara,25,F
2537,Juan,Pérez Moreno,juan.perez2@yahoo.com,Reino Unido,Londres,32,F
2538,Marta,García Gil,marta.garcia2@yahoo.com,España,Valencia,37,M
2539,Raquel,Torres Díaz,raquel.torres1@yahoo.com,Reino Unido,Londres,41,M
2540,Andrés,Moreno Hernández,andres.moreno1@outlook.com,Reino Unido,Londres,18,M
2541,Andrés,Hernández Pérez,andres.hernandez1@outlook.com,Portugal,Lisboa,26,M
2542,Juan,Moreno Gil,juan.moreno@gmail.com,Reino Unido,Manchester,31,F
2543,Lucía,Pérez Muñoz,lucia.perez@outlook.com,México,CDMX,42,F
2544,Laura,Romero Torres,laura.romero@yahoo.com,Italia,Roma,59,F
2545,Sofía,Gil Sánchez,sofia.gil@hotmail.com,España,Barcelona,32,F
2546,Álvaro,Domínguez López,alvaro.dominguez4@gmail.com,Alemania,Berlín,20,M
2547,Laura,Jiménez López,laura.jimenez1@hotmail.com,España,Madrid,39,F
2548,Diego,Gómez Ruiz,diego.gomez1@yahoo.com,Francia,Marsella,48,M
2549,Laura,Hernández Vázquez,laura.hernandez1@live.com,Francia,Lyon,36,F
2550,Elena,García Fernández,elena.garcia1@hotmail.com,España,Bilbao,25,M
2551,Sergio,Sánchez Torres,sergio.sanchez3@yahoo.com,España,Sevilla,44,F
2552,María,Díaz Moreno,maria.diaz1@icloud.com,España,Sevilla,41,F
2553,Laura,Pérez Díaz,laura.perez@live.com,Reino Unido,Londres,24,M
2554,Laura,Pérez Romero,laura.perez2@hotmail.com,Argentina,Córdoba,38,M
2555,Carlos,Díaz Hernández,carlos.diaz1@live.com,España,Valencia,44,F
2556,Diego,Hernández Moreno,diego.hernandez2@outlook.com,Argentina,Córdoba,46,M
2557,Javier,Pérez Vázquez,javier.perez1@yahoo.com,Alemania,Múnich,34,F
2558,Andrés,Fernández Hernández,andres.fernandez2@hotmail.com,España,Sevilla,31,F
2559,Laura,Pérez Díaz,laura.perez3@hotmail.com,España,Bilbao,47,F
2560,Raquel,López Domínguez,raquel.lopez1@gmail.com,Alemania,Hamburgo,22,M
2561,Javier,Álvarez Ruiz,javier.alvarez1@hotmail.com,Reino Unido,Manchester,39,F
2562,Álvaro,Sánchez Jiménez,alvaro.sanchez@yahoo.com,Portugal,Oporto,21,M
2563,Elena,López Vázquez,elena.lopez@outlook.com,España,Valencia,45,M
2564,Sergio,García Domínguez,sergio.garcia2@yahoo.com,España,Sevilla,32,F
2565,Raquel,Torres Sánchez,raquel.torres2@yahoo.com,Francia,Lyon,47,F
2566,Patricia,Álvarez Martínez,patricia.alvarez3@yahoo.com,España,Bilbao,39,M
2567,Álvaro,Martínez Moreno,alvaro.martinez1@live.com,España,Valencia,22,M
2568,Pablo,Fernández Álvarez,pablo.fernandez1@yahoo.com,España,Valencia,49,F
2569,Sergio,Sánchez Gil,sergio.sanchez1@outlook.com,Reino Unido,Londres,50,F
2570,Marta,Martínez Torres,marta.martinez1@hotmail.com,Argentina,Córdoba,43,F
2571,Pablo,Domínguez Ruiz,pablo.dominguez2@yahoo.com,Francia,París,27,M
2572,Cristina,Ramos López,cristina.ramos@hotmail.com,México,Guadalajara,31,F
2573,Diego,Martínez Fernández,diego.martinez4@yahoo.com,España,Valencia,36,F
2574,Patricia,Torres Pérez,patricia.torres1@gmail.com,Francia,Marsella,27,F
2575,Carlos,Sánchez Domínguez,carlos.sanchez@hotmail.com,España,Sevilla,51,F
2576,Diego,Ruiz Díaz,diego.ruiz2@hotmail.com,Portugal,Oporto,36,M
2577,Elena,Martínez Hernández,elena.martinez@live.com,Argentina,Córdoba,18,Otro/NA
2578,Laura,López Vázquez,laura.lopez@gmail.com,Italia,Milán,38,M
2579,Pablo,Hernández Fernández,pablo.hernandez1@outlook.com,España,Bilbao,31,M
2580,Elena,García Sánchez,elena.garcia1@outlook.com,Portugal,Oporto,34,F
2581,Alberto,Sánchez Moreno,alberto.sanchez1@gmail.com,España,Madrid,31,F
2582,Juan,Sánchez Pérez,juan.sanchez1@outlook.com,México,Guadalajara,43,F
2583,Sofía,Gil Martínez,sofia.gil@yahoo.com,Alemania,Berlín,46,F
2584,Javier,Fernández Díaz,javier.fernandez2@yahoo.com,Francia,Lyon,37,M
2585,Ana,Ramos Romero,ana.ramos2@live.com,Italia,Roma,31,F
2586,María,Fernández Romero,maria.fernandez@yahoo.com,Italia,Roma,34,M
2587,Marta,Gómez Sánchez,marta.gomez1@gmail.com,España,Barcelona,35,F
2588,Álvaro,Moreno García,alvaro.moreno2@icloud.com,Portugal,Oporto,26,M
2589,Sofía,García Torres,sofia.garcia@outlook.com,España,Valencia,40,F
2590,Sofía,López Martínez,sofia.lopez@outlook.com,Portugal,Oporto,39,M
2591,Alberto,Pérez Ruiz,alberto.perez@icloud.com,México,CDMX,50,F
2592,Sergio,Ruiz Ruiz,sergio.ruiz2@icloud.com,Reino Unido,Londres,47,F
2593,Ana,Ramos Ramos,ana.ramos@yahoo.com,Alemania,Hamburgo,28,M
2594,Laura,Moreno Muñoz,laura.moreno@gmail.com,Alemania,Múnich,43,F
2595,Elena,Moreno Hernández,elena.moreno3@yahoo.com,España,Bilbao,25,F
2596,Javier,Gómez López,javier.gomez1@gmail.com,Reino Unido,Manchester,41,F
2597,Raquel,Domínguez Martínez,raquel.dominguez@outlook.com,España,Bilbao,29,F
2598,Sofía,Gil Ruiz,sofia.gil@outlook.com,Alemania,Berlín,24,M
2599,Javier,Díaz Gil,javier.diaz@hotmail.com,España,Valencia,37,M
2600,Diego,Domínguez Muñoz,diego.dominguez@outlook.com,España,Barcelona,18,M
2601,Álvaro,Ramos Torres,alvaro.ramos1@icloud.com,Italia,Milán,18,M
2602,Elena,López García,elena.lopez1@hotmail.com,España,Bilbao,33,M
2603,Marta,Sánchez Muñoz,marta.sanchez2@gmail.com,Reino Unido,Londres,35,F
2604,Diego,Ramos Muñoz,diego.ramos1@gmail.com,España,Valencia,31,M
2605,Diego,García Romero,diego.garcia2@hotmail.com,España,Valencia,19,M
2606,Patricia,Domínguez Martínez,patricia.dominguez@live.com,Alemania,Hamburgo,26,M
2607,David,Fernández Díaz,david.fernandez@live.com,España,Sevilla,38,F
2608,Pablo,Fernández Fernández,pablo.fernandez@icloud.com,España,Sevilla,40,F
2609,David,Hernández Muñoz,david.hernandez@outlook.com,Portugal,Oporto,34,M
2610,Ana,Gómez Gómez,ana.gomez@gmail.com,España,Sevilla,46,F
2611,Álvaro,Vázquez Álvarez,alvaro.vazquez@gmail.com,México,CDMX,38,M
2612,Diego,García Vázquez,diego.garcia1@icloud.com,España,Madrid,27,Otro/NA
2613,David,Sánchez Martínez,david.sanchez1@hotmail.com,España,Barcelona,32,F
2614,Álvaro,Fernández Hernández,alvaro.fernandez@live.com,Reino Unido,Londres,20,M
2615,Juan,Domínguez Martínez,juan.dominguez@icloud.com,España,Sevilla,33,F
2616,Cristina,Torres Vázquez,cristina.torres2@outlook.com,España,Valencia,46,F
2617,Juan,Moreno Moreno,juan.moreno1@gmail.com,España,Barcelona,41,M
2618,Lucía,Ramos García,lucia.ramos@yahoo.com,España,Barcelona,49,F
2619,Juan,Gómez Gil,juan.gomez@yahoo.com,México,Guadalajara,31,M
2620,María,Romero Jiménez,maria.romero1@outlook.com,España,Bilbao,48,M
2621,Alberto,Sánchez Ruiz,alberto.sanchez1@icloud.com,Reino Unido,Londres,33,M
2622,Ana,Gómez Ramos,ana.gomez@yahoo.com,México,Guadalajara,49,M
2623,Javier,Moreno Fernández,javier.moreno1@outlook.com,Francia,París,34,M
2624,Lucía,Muñoz García,lucia.munoz1@icloud.com,México,Guadalajara,42,F
2625,Ana,Álvarez Jiménez,ana.alvarez@outlook.com,España,Madrid,49,M
2626,María,Fernández Gil,maria.fernandez2@outlook.com,Argentina,Córdoba,33,M
2627,Laura,Domínguez Álvarez,laura.dominguez@outlook.com,España,Madrid,37,F
2628,Cristina,Díaz Álvarez,cristina.diaz2@gmail.com,Portugal,Oporto,47,F
2629,Patricia,Álvarez Martínez,patricia.alvarez1@icloud.com,Alemania,Hamburgo,33,Otro/NA
2630,Pablo,Sánchez Sánchez,pablo.sanchez3@icloud.com,España,Bilbao,21,F
2631,Juan,Jiménez Vázquez,juan.jimenez1@gmail.com,Italia,Nápoles,56,Otro/NA
2632,Andrés,Sánchez Muñoz,andres.sanchez@yahoo.com,Portugal,Lisboa,30,F
2633,Andrés,Romero Hernández,andres.romero1@yahoo.com,España,Barcelona,36,Otro/NA
2634,Diego,Sánchez Vázquez,diego.sanchez@yahoo.com,España,Barcelona,46,F
2635,Diego,Domínguez Romero,diego.dominguez1@icloud.com,Portugal,Oporto,28,M
2636,María,Pérez Álvarez,maria.perez@gmail.com,Portugal,Lisboa,24,M
2637,María,Torres Ramos,maria.torres2@live.com,Argentina,Córdoba,37,F
2638,Álvaro,Moreno Ramos,alvaro.moreno3@icloud.com,Reino Unido,Manchester,18,M
2639,Álvaro,Hernández Domínguez,alvaro.hernandez@live.com,Argentina,Córdoba,32,M
2640,Alberto,Vázquez Ruiz,alberto.vazquez1@live.com,Portugal,Lisboa,37,F
2641,María,Martínez Gómez,maria.martinez2@icloud.com,España,Madrid,32,F
2642,María,López Muñoz,maria.lopez4@icloud.com,España,Sevilla,19,M
2643,Cristina,Jiménez Romero,cristina.jimenez1@gmail.com,Reino Unido,Manchester,50,F
2644,Marta,Torres Díaz,marta.torres@hotmail.com,Portugal,Lisboa,36,F
2645,Álvaro,Sánchez Pérez,alvaro.sanchez1@yahoo.com,España,Sevilla,49,Otro/NA
2646,Sergio,Muñoz García,sergio.munoz1@outlook.com,España,Barcelona,32,F
2647,María,Hernández Ruiz,maria.hernandez1@live.com,Argentina,Buenos Aires,26,F
2648,Cristina,Romero Ruiz,cristina.romero@live.com,Alemania,Hamburgo,37,F
2649,Alberto,Gil López,alberto.gil1@yahoo.com,Francia,París,32,M
2650,David,Hernández Díaz,david.hernandez@live.com,Francia,París,23,F
2651,Carlos,Romero Vázquez,carlos.romero1@live.com,España,Bilbao,49,F
2652,Carlos,Díaz Hernández,carlos.diaz2@live.com,España,Madrid,28,F
2653,Cristina,Vázquez Jiménez,cristina.vazquez1@outlook.com,España,Sevilla,18,F
2654,Ana,Álvarez Ramos,ana.alvarez3@hotmail.com,España,Bilbao,48,M
2655,Javier,Hernández Muñoz,javier.hernandez1@hotmail.com,Reino Unido,Manchester,29,F
2656,Laura,Álvarez Martínez,laura.alvarez1@hotmail.com,Francia,París,28,M
2657,Andrés,Fernández Gil,andres.fernandez@gmail.com,México,CDMX,18,M
2658,Cristina,López Ruiz,cristina.lopez2@icloud.com,México,CDMX,52,M
2659,Marta,Torres Moreno,marta.torres1@yahoo.com,España,Madrid,22,M
2660,Pablo,Moreno Ruiz,pablo.moreno2@outlook.com,Portugal,Oporto,35,F
2661,Marta,Gómez Ruiz,marta.gomez2@yahoo.com,Francia,Marsella,44,M
2662,Raquel,García Gil,raquel.garcia@hotmail.com,México,Monterrey,39,M
2663,Lucía,Torres García,lucia.torres1@gmail.com,España,Sevilla,34,F
2664,Pablo,Sánchez Sánchez,pablo.sanchez1@gmail.com,Portugal,Lisboa,18,M
2665,Raquel,Muñoz Hernández,raquel.munoz3@outlook.com,Italia,Nápoles,26,M
2666,Patricia,Romero Ramos,patricia.romero1@gmail.com,España,Valencia,36,M
2667,Sofía,Domínguez Jiménez,sofia.dominguez@hotmail.com,España,Valencia,27,M
2668,Javier,López Ruiz,javier.lopez@hotmail.com,Portugal,Lisboa,37,M
2669,Javier,Sánchez Gómez,javier.sanchez@yahoo.com,Reino Unido,Londres,41,M
2670,Sergio,Pérez Romero,sergio.perez1@icloud.com,España,Valencia,44,F
2671,Lucía,Muñoz Romero,lucia.munoz@hotmail.com,Portugal,Oporto,22,M
2672,Juan,Muñoz García,juan.munoz1@yahoo.com,España,Barcelona,56,M
2673,Lucía,Ramos Romero,lucia.ramos2@hotmail.com,Portugal,Oporto,42,F
2674,Raquel,Sánchez García,raquel.sanchez2@yahoo.com,España,Bilbao,34,M
2675,Raquel,Gómez Romero,raquel.gomez@icloud.com,México,Guadalajara,45,F
2676,Raquel,López Martínez,raquel.lopez1@icloud.com,España,Valencia,58,F
2677,Álvaro,Moreno Moreno,alvaro.moreno1@outlook.com,España,Valencia,20,M
2678,Diego,Fernández Torres,diego.fernandez@hotmail.com,España,Sevilla,32,F
2679,Juan,Jiménez Vázquez,juan.jimenez2@gmail.com,España,Madrid,18,M
2680,María,Fernández Fernández,maria.fernandez@gmail.com,Alemania,Berlín,36,M
2681,David,Gil Álvarez,david.gil1@hotmail.com,España,Sevilla,38,F
2682,Lucía,Muñoz Martínez,lucia.munoz2@gmail.com,México,CDMX,34,F
2683,Diego,Sánchez Ramos,diego.sanchez@outlook.com,España,Barcelona,28,F
2684,Alberto,Díaz López,alberto.diaz@live.com,España,Madrid,18,F
2685,Elena,Álvarez Ruiz,elena.alvarez@yahoo.com,España,Bilbao,38,M
2686,Sofía,Torres Gil,sofia.torres1@gmail.com,España,Sevilla,49,F
2687,Carlos,Ruiz Vázquez,carlos.ruiz@hotmail.com,España,Valencia,29,F
2688,Cristina,Ramos Jiménez,cristina.ramos@yahoo.com,Francia,Marsella,39,Otro/NA
2689,Juan,Ramos López,juan.ramos1@hotmail.com,Alemania,Berlín,19,F
2690,Javier,Ruiz Romero,javier.ruiz3@live.com,Francia,París,39,F
2691,Laura,Muñoz Gómez,laura.munoz@yahoo.com,Alemania,Múnich,31,M
2692,Sofía,Moreno Ruiz,sofia.moreno@gmail.com,Italia,Milán,27,F
2693,Diego,Torres Ruiz,diego.torres@gmail.com,España,Sevilla,27,M
2694,Marta,Gil Ruiz,marta.gil2@live.com,Francia,París,31,M
2695,Juan,Muñoz Torres,juan.munoz2@yahoo.com,Argentina,Rosario,38,F
2696,Lucía,Torres Pérez,lucia.torres1@outlook.com,Alemania,Múnich,21,M
2697,Marta,Domínguez Díaz,marta.dominguez1@icloud.com,Portugal,Oporto,31,Otro/NA
2698,Álvaro,Ruiz Gómez,alvaro.ruiz2@live.com,España,Valencia,34,M
2699,Sofía,Pérez Pérez,sofia.perez2@outlook.com,Reino Unido,Manchester,24,F
2700,Juan,Romero Gil,juan.romero1@yahoo.com,Reino Unido,Londres,52,M
2701,David,Sánchez Martínez,david.sanchez2@outlook.com,Alemania,Berlín,26,M
2702,Elena,Sánchez Díaz,elena.sanchez1@icloud.com,Argentina,Córdoba,28,M
2703,María,Ruiz Sánchez,maria.ruiz1@icloud.com,España,Madrid,25,F
2704,Laura,Torres Martínez,laura.torres1@icloud.com,España,Madrid,52,M
2705,Sofía,Torres Gómez,sofia.torres1@live.com,Reino Unido,Manchester,40,F
2706,Ana,Díaz Domínguez,ana.diaz@outlook.com,Reino Unido,Londres,25,M
2707,Raquel,Pérez Romero,raquel.perez2@live.com,España,Madrid,46,M
2708,Lucía,García Ramos,lucia.garcia1@live.com,España,Valencia,37,M
2709,Sergio,Sánchez Jiménez,sergio.sanchez2@outlook.com,España,Barcelona,37,M
2710,David,Martínez Martínez,david.martinez1@icloud.com,España,Sevilla,31,F
2711,Sofía,López Vázquez,sofia.lopez@hotmail.com,Reino Unido,Londres,27,F
2712,Javier,Torres Díaz,javier.torres5@live.com,Alemania,Berlín,38,M
2713,Sofía,García Martínez,sofia.garcia1@live.com,España,Valencia,29,F
2714,Raquel,Gómez Ruiz,raquel.gomez2@live.com,España,Valencia,53,F
2715,Álvaro,Muñoz Ruiz,alvaro.munoz@icloud.com,España,Bilbao,22,M
2716,Elena,Gil García,elena.gil@icloud.com,España,Madrid,50,M
2717,Raquel,Jiménez Moreno,raquel.jimenez1@live.com,Portugal,Lisboa,33,F
2718,Ana,Pérez Vázquez,ana.perez1@outlook.com,Argentina,Buenos Aires,37,M
2719,Lucía,Hernández Martínez,lucia.hernandez1@icloud.com,México,CDMX,43,M
2720,Cristina,Gil Gil,cristina.gil2@hotmail.com,España,Sevilla,28,M
2721,Pablo,Gil Díaz,pablo.gil2@hotmail.com,México,Monterrey,43,F
2722,Juan,Sánchez Moreno,juan.sanchez3@gmail.com,Reino Unido,Londres,18,M
2723,Carlos,López Sánchez,carlos.lopez2@yahoo.com,Reino Unido,Londres,27,M
2724,Alberto,Domínguez López,alberto.dominguez@yahoo.com,Francia,París,25,M
2725,Javier,Torres Domínguez,javier.torres1@outlook.com,España,Valencia,22,M
2726,Lucía,Romero Romero,lucia.romero1@outlook.com,España,Barcelona,32,M
2727,Elena,Fernández Sánchez,elena.fernandez1@icloud.com,España,Valencia,38,F
2728,Andrés,Hernández Domínguez,andres.hernandez2@outlook.com,España,Sevilla,42,M
2729,Andrés,Torres López,andres.torres1@yahoo.com,España,Barcelona,37,F
2730,Andrés,Torres Díaz,andres.torres1@live.com,Alemania,Berlín,28,M
2731,Raquel,Domínguez Fernández,raquel.dominguez1@yahoo.com,Reino Unido,Manchester,38,F
2732,Elena,Ruiz Jiménez,elena.ruiz@gmail.com,Francia,París,36,F
2733,María,Vázquez Ramos,maria.vazquez1@icloud.com,España,Bilbao,44,M
2734,Marta,Jiménez Moreno,marta.jimenez1@outlook.com,Argentina,Córdoba,42,F
2735,Patricia,Vázquez Álvarez,patricia.vazquez1@outlook.com,Argentina,Buenos Aires,35,F
2736,Diego,Vázquez López,diego.vazquez@gmail.com,Reino Unido,Londres,26,F
2737,Javier,García Álvarez,javier.garcia3@hotmail.com,Argentina,Buenos Aires,28,M
2738,Pablo,Martínez Hernández,pablo.martinez2@icloud.com,Alemania,Múnich,29,Otro/NA
2739,Álvaro,Álvarez Pérez,alvaro.alvarez2@hotmail.com,Argentina,Rosario,31,F
2740,Raquel,Sánchez García,raquel.sanchez@hotmail.com,España,Madrid,37,Otro/NA
2741,Alberto,Muñoz Jiménez,alberto.munoz2@hotmail.com,España,Sevilla,42,F
2742,David,Romero Gil,david.romero1@yahoo.com,España,Barcelona,34,M
2743,Sofía,Jiménez Moreno,sofia.jimenez1@hotmail.com,España,Madrid,35,F
2744,Raquel,Muñoz Jiménez,raquel.munoz2@gmail.com,España,Barcelona,36,F
2745,Lucía,Romero Álvarez,lucia.romero2@live.com,Italia,Roma,29,Otro/NA
2746,Andrés,Romero Moreno,andres.romero2@icloud.com,Reino Unido,Londres,25,M
2747,Sergio,Martínez Torres,sergio.martinez@icloud.com,Italia,Milán,18,F
2748,Javier,Martínez Hernández,javier.martinez2@outlook.com,España,Bilbao,28,M
2749,Lucía,Gómez Gil,lucia.gomez1@yahoo.com,Reino Unido,Manchester,39,F
2750,Lucía,Vázquez García,lucia.vazquez2@live.com,Italia,Milán,27,M
2751,Marta,Hernández Gómez,marta.hernandez2@yahoo.com,España,Barcelona,32,M
2752,Ana,Gómez Moreno,ana.gomez1@yahoo.com,Portugal,Oporto,39,F
2753,Raquel,Torres Martínez,raquel.torres2@icloud.com,España,Barcelona,40,M
2754,Ana,Álvarez Hernández,ana.alvarez1@outlook.com,España,Madrid,24,F
2755,Raquel,Pérez Pérez,raquel.perez@outlook.com,Argentina,Rosario,44,F
2756,Elena,Hernández Ramos,elena.hernandez@gmail.com,España,Barcelona,46,M
2757,Pablo,Muñoz García,pablo.munoz@hotmail.com,Francia,Marsella,23,M
2758,Carlos,Torres Sánchez,carlos.torres3@hotmail.com,México,Monterrey,26,F
2759,Lucía,Sánchez Gil,lucia.sanchez1@icloud.com,Portugal,Oporto,46,M
2760,María,Ramos Fernández,maria.ramos3@yahoo.com,España,Barcelona,33,F
2761,Sergio,Torres Jiménez,sergio.torres@live.com,España,Valencia,18,Otro/NA
2762,Patricia,Vázquez Domínguez,patricia.vazquez3@gmail.com,España,Barcelona,21,M
2763,Pablo,Vázquez Domínguez,pablo.vazquez@outlook.com,Italia,Nápoles,32,M
2764,Marta,Ramos Ramos,marta.ramos@gmail.com,Francia,Lyon,23,M
2765,Carlos,Torres Moreno,carlos.torres@yahoo.com,España,Bilbao,30,F
2766,Ana,Torres Fernández,ana.torres1@yahoo.com,Argentina,Córdoba,35,M
2767,Lucía,Vázquez Muñoz,lucia.vazquez1@yahoo.com,Alemania,Hamburgo,49,M
2768,David,Gómez Ramos,david.gomez1@hotmail.com,España,Barcelona,32,F
2769,Alberto,Domínguez Martínez,alberto.dominguez1@yahoo.com,Alemania,Berlín,45,F
2770,Patricia,Martínez Pérez,patricia.martinez2@yahoo.com,Portugal,Lisboa,49,M
2771,Álvaro,Muñoz Muñoz,alvaro.munoz@gmail.com,España,Barcelona,49,M
2772,Álvaro,Ruiz López,alvaro.ruiz2@outlook.com,España,Barcelona,37,Otro/NA
2773,Cristina,Torres López,cristina.torres3@outlook.com,Reino Unido,Manchester,18,F
2774,Alberto,Ramos Díaz,alberto.ramos@gmail.com,Francia,París,39,F
2775,Carlos,Muñoz Ramos,carlos.munoz@outlook.com,Alemania,Hamburgo,45,F
2776,María,Gil Domínguez,maria.gil1@hotmail.com,Francia,Marsella,34,Otro/NA
2777,Lucía,Moreno Ramos,lucia.moreno1@yahoo.com,España,Barcelona,52,F
2778,Pablo,Hernández Vázquez,pablo.hernandez1@yahoo.com,España,Bilbao,43,F
2779,Álvaro,Jiménez Álvarez,alvaro.jimenez1@yahoo.com,Francia,Marsella,40,F
2780,Lucía,Martínez Vázquez,lucia.martinez1@icloud.com,España,Bilbao,45,F
2781,Andrés,García Sánchez,andres.garcia2@hotmail.com,España,Barcelona,38,M
2782,Andrés,Ramos Domínguez,andres.ramos1@yahoo.com,México,CDMX,18,M
2783,Elena,Martínez Martínez,elena.martinez@yahoo.com,Argentina,Córdoba,30,F
2784,Raquel,Pérez Gil,raquel.perez2@hotmail.com,Reino Unido,Manchester,46,M
2785,María,Moreno Torres,maria.moreno@outlook.com,México,Guadalajara,26,F
2786,Sergio,Moreno Domínguez,sergio.moreno3@hotmail.com,España,Barcelona,32,M
2787,Alberto,Ramos Domínguez,alberto.ramos@icloud.com,Argentina,Córdoba,24,F
2788,Raquel,García Romero,raquel.garcia1@hotmail.com,España,Barcelona,52,M
2789,Lucía,Jiménez Jiménez,lucia.jimenez3@outlook.com,Argentina,Buenos Aires,51,F
2790,Álvaro,Muñoz Ruiz,alvaro.munoz@hotmail.com,Argentina,Buenos Aires,26,F
2791,Javier,Sánchez Fernández,javier.sanchez2@icloud.com,Portugal,Oporto,36,M
2792,Sofía,Álvarez Ramos,sofia.alvarez1@outlook.com,Argentina,Córdoba,28,F
2793,Cristina,Moreno Hernández,cristina.moreno4@icloud.com,Italia,Roma,41,M
2794,David,Moreno Díaz,david.moreno1@yahoo.com,España,Bilbao,40,M
2795,Raquel,Álvarez Jiménez,raquel.alvarez@gmail.com,Francia,Lyon,43,M
2796,David,Moreno Díaz,david.moreno3@gmail.com,Italia,Roma,38,M
2797,Ana,Martínez Moreno,ana.martinez2@gmail.com,España,Sevilla,64,Otro/NA
2798,Marta,Díaz Díaz,marta.diaz1@gmail.com,Italia,Milán,24,M
2799,Sergio,Díaz Romero,sergio.diaz2@live.com,Argentina,Buenos Aires,18,F
2800,Marta,Díaz Jiménez,marta.diaz2@gmail.com,España,Madrid,31,M
2801,Diego,Hernández Sánchez,diego.hernandez1@hotmail.com,Reino Unido,Manchester,19,F
2802,Ana,Ramos Díaz,ana.ramos1@icloud.com,México,CDMX,20,M
2803,Lucía,López Romero,lucia.lopez2@yahoo.com,Argentina,Rosario,24,F
2804,David,López Álvarez,david.lopez1@yahoo.com,Argentina,Buenos Aires,25,F
2805,Alberto,Hernández Moreno,alberto.hernandez1@gmail.com,Alemania,Múnich,25,F
2806,Marta,Sánchez López,marta.sanchez@live.com,Argentina,Rosario,40,M
2807,Alberto,Jiménez Moreno,alberto.jimenez1@live.com,Reino Unido,Manchester,29,F
2808,Sergio,Gómez Vázquez,sergio.gomez@hotmail.com,España,Madrid,33,M
2809,Diego,García Domínguez,diego.garcia@gmail.com,Francia,Marsella,43,M
2810,Lucía,Vázquez López,lucia.vazquez3@gmail.com,Portugal,Lisboa,27,M
2811,Pablo,Jiménez Moreno,pablo.jimenez@yahoo.com,España,Barcelona,32,M
2812,Marta,Martínez Torres,marta.martinez2@hotmail.com,Portugal,Oporto,38,M
2813,Javier,Romero Gil,javier.romero@gmail.com,Portugal,Lisboa,18,F
2814,Diego,Álvarez Díaz,diego.alvarez@hotmail.com,España,Madrid,18,M
2815,Andrés,Ramos Romero,andres.ramos@outlook.com,Italia,Roma,38,M
2816,Andrés,Domínguez Álvarez,andres.dominguez@outlook.com,Reino Unido,Manchester,39,M
2817,Laura,Álvarez Díaz,laura.alvarez1@live.com,Alemania,Berlín,55,F
2818,Patricia,Ruiz Ramos,patricia.ruiz1@live.com,España,Barcelona,36,F
2819,Carlos,García Pérez,carlos.garcia@live.com,España,Sevilla,43,M
2820,Ana,Torres Vázquez,ana.torres1@outlook.com,España,Madrid,33,F
2821,Sergio,Ramos Díaz,sergio.ramos1@live.com,Argentina,Córdoba,37,F
2822,María,García Álvarez,maria.garcia1@icloud.com,España,Bilbao,51,M
2823,Raquel,Jiménez Ramos,raquel.jimenez1@gmail.com,Italia,Roma,18,F
2824,Elena,Muñoz Pérez,elena.munoz2@gmail.com,España,Bilbao,39,F
2825,Andrés,Ramos Gil,andres.ramos2@hotmail.com,España,Bilbao,56,F
2826,Raquel,Muñoz Ruiz,raquel.munoz4@outlook.com,México,Monterrey,37,M
2827,Elena,Jiménez Hernández,elena.jimenez2@outlook.com,Reino Unido,Londres,51,M
2828,Patricia,Ramos Jiménez,patricia.ramos1@gmail.com,España,Madrid,28,M
2829,Elena,Sánchez Jiménez,elena.sanchez@gmail.com,Francia,Lyon,34,F
2830,Alberto,Torres Sánchez,alberto.torres2@icloud.com,España,Sevilla,35,F
2831,Andrés,Sánchez López,andres.sanchez1@gmail.com,Alemania,Hamburgo,18,M
2832,Ana,Fernández Álvarez,ana.fernandez2@gmail.com,Portugal,Oporto,23,M
2833,Sergio,Jiménez Álvarez,sergio.jimenez@icloud.com,España,Bilbao,24,F
2834,Elena,Torres Domínguez,elena.torres2@gmail.com,España,Valencia,43,F
2835,Andrés,Domínguez Pérez,andres.dominguez1@hotmail.com,España,Sevilla,43,F
2836,Laura,Jiménez Ramos,laura.jimenez2@hotmail.com,Argentina,Córdoba,38,F
2837,Diego,Gómez Torres,diego.gomez2@yahoo.com,Argentina,Buenos Aires,43,F
2838,Elena,Gil Fernández,elena.gil3@yahoo.com,España,Valencia,33,M
2839,David,Hernández Gómez,david.hernandez2@gmail.com,Reino Unido,Manchester,47,M
2840,Raquel,Moreno Romero,raquel.moreno1@outlook.com,España,Valencia,35,M
2841,Elena,Álvarez García,elena.alvarez@icloud.com,España,Barcelona,35,F
2842,Sergio,Fernández Gómez,sergio.fernandez@outlook.com,Reino Unido,Londres,32,M
2843,Diego,Torres Sánchez,diego.torres2@icloud.com,Argentina,Buenos Aires,41,F
2844,Sofía,López Álvarez,sofia.lopez@icloud.com,Argentina,Buenos Aires,30,M
2845,Javier,Vázquez Ruiz,javier.vazquez@gmail.com,Italia,Nápoles,44,M
2846,Elena,Fernández Vázquez,elena.fernandez2@icloud.com,España,Barcelona,23,F
2847,Raquel,Hernández Torres,raquel.hernandez1@outlook.com,Reino Unido,Londres,24,M
2848,Marta,Ruiz Sánchez,marta.ruiz1@hotmail.com,España,Barcelona,41,M
2849,Raquel,Martínez Pérez,raquel.martinez1@gmail.com,Italia,Nápoles,34,F
2850,Pablo,Hernández Martínez,pablo.hernandez2@yahoo.com,España,Bilbao,30,M
2851,Carlos,Ramos Álvarez,carlos.ramos@icloud.com,Portugal,Lisboa,43,F
2852,Sofía,Muñoz García,sofia.munoz1@outlook.com,España,Madrid,28,F
2853,Laura,Díaz Gómez,laura.diaz2@hotmail.com,España,Bilbao,32,F
2854,Sofía,Gil López,sofia.gil1@live.com,Argentina,Córdoba,48,F
2855,Álvaro,López Pérez,alvaro.lopez1@live.com,España,Valencia,50,M
2856,David,Ramos Domínguez,david.ramos2@icloud.com,Alemania,Berlín,50,F
2857,Álvaro,Sánchez Domínguez,alvaro.sanchez2@gmail.com,España,Valencia,32,M
2858,María,Ramos Muñoz,maria.ramos4@yahoo.com,España,Bilbao,47,M
2859,Patricia,Jiménez Álvarez,patricia.jimenez@icloud.com,España,Bilbao,25,M
2860,Laura,Ruiz Moreno,laura.ruiz3@hotmail.com,España,Barcelona,25,M
2861,Patricia,López Pérez,patricia.lopez1@live.com,México,Monterrey,18,F
2862,Sergio,Ramos Muñoz,sergio.ramos2@outlook.com,España,Barcelona,51,M
2863,Lucía,Domínguez Vázquez,lucia.dominguez2@gmail.com,Argentina,Buenos Aires,26,F
2864,Alberto,Torres Díaz,alberto.torres3@yahoo.com,Italia,Nápoles,33,M
2865,Diego,Álvarez Hernández,diego.alvarez3@outlook.com,Francia,Lyon,25,M
2866,Ana,Fernández Sánchez,ana.fernandez1@live.com,Italia,Milán,41,Otro/NA
2867,Sergio,Moreno Jiménez,sergio.moreno4@hotmail.com,Alemania,Berlín,31,M
2868,Javier,López Jiménez,javier.lopez@live.com,Reino Unido,Manchester,21,F
2869,Marta,Hernández Ramos,marta.hernandez3@yahoo.com,España,Barcelona,39,M
2870,Ana,Domínguez Gil,ana.dominguez@yahoo.com,España,Bilbao,20,M
2871,Alberto,Hernández Gil,alberto.hernandez1@outlook.com,México,Guadalajara,26,F
2872,Raquel,Álvarez Sánchez,raquel.alvarez@icloud.com,Argentina,Buenos Aires,18,F
2873,Lucía,Vázquez Martínez,lucia.vazquez@outlook.com,México,Guadalajara,20,M
2874,Patricia,Jiménez López,patricia.jimenez1@outlook.com,Francia,Marsella,36,M
2875,Andrés,Fernández Moreno,andres.fernandez2@live.com,Reino Unido,Londres,18,M
2876,Diego,Álvarez Romero,diego.alvarez1@live.com,Francia,Lyon,20,F
2877,Sofía,Muñoz Álvarez,sofia.munoz1@yahoo.com,Alemania,Berlín,34,F
2878,Raquel,Ruiz Romero,raquel.ruiz@yahoo.com,España,Sevilla,29,F
2879,Álvaro,Gil Álvarez,alvaro.gil1@hotmail.com,Italia,Roma,54,M
2880,Cristina,Domínguez Hernández,cristina.dominguez@outlook.com,España,Madrid,53,F
2881,Alberto,Romero Torres,alberto.romero1@live.com,España,Madrid,26,F
2882,Álvaro,Vázquez Pérez,alvaro.vazquez1@outlook.com,México,Monterrey,40,F
2883,Juan,Gómez Gómez,juan.gomez1@hotmail.com,España,Madrid,42,F
2884,Pablo,García Ramos,pablo.garcia1@hotmail.com,España,Valencia,29,F
2885,Álvaro,Domínguez Domínguez,alvaro.dominguez1@yahoo.com,España,Sevilla,20,M
2886,Andrés,Gómez López,andres.gomez2@hotmail.com,Argentina,Rosario,34,F
2887,Lucía,Ramos Pérez,lucia.ramos1@live.com,Alemania,Múnich,33,F
2888,Carlos,Torres García,carlos.torres4@hotmail.com,Francia,Lyon,30,M
2889,Javier,Fernández Ramos,javier.fernandez3@gmail.com,Reino Unido,Londres,39,M
2890,Pablo,Romero Ramos,pablo.romero3@gmail.com,México,CDMX,27,F
2891,David,Ruiz Moreno,david.ruiz1@gmail.com,España,Madrid,23,M
2892,Andrés,Vázquez Romero,andres.vazquez@icloud.com,Portugal,Oporto,36,F
2893,Juan,Gil Muñoz,juan.gil3@gmail.com,Reino Unido,Manchester,38,M
2894,Sofía,Álvarez Jiménez,sofia.alvarez@hotmail.com,Portugal,Lisboa,23,M
2895,Raquel,Ramos Romero,raquel.ramos@gmail.com,España,Bilbao,44,M
2896,Elena,Martínez Gómez,elena.martinez1@yahoo.com,México,Guadalajara,18,M
2897,Alberto,Domínguez Domínguez,alberto.dominguez@hotmail.com,Alemania,Berlín,29,M
2898,Carlos,Fernández Ramos,carlos.fernandez2@hotmail.com,España,Bilbao,32,F
2899,María,Moreno Ruiz,maria.moreno@live.com,Francia,Lyon,28,F
2900,Carlos,Romero Sánchez,carlos.romero@gmail.com,España,Barcelona,29,Otro/NA
2901,Marta,Pérez Díaz,marta.perez@outlook.com,España,Madrid,53,M
2902,Javier,Díaz Hernández,javier.diaz@outlook.com,Reino Unido,Londres,26,F
2903,Cristina,Pérez Torres,cristina.perez1@live.com,España,Barcelona,59,F
2904,Cristina,Hernández Jiménez,cristina.hernandez@outlook.com,Francia,Lyon,39,F
2905,Álvaro,Álvarez Martínez,alvaro.alvarez@icloud.com,Alemania,Berlín,35,F
2906,Sofía,Álvarez Ramos,sofia.alvarez1@hotmail.com,España,Sevilla,39,M
2907,Sofía,Jiménez Domínguez,sofia.jimenez@live.com,Argentina,Rosario,60,M
2908,Javier,López Domínguez,javier.lopez@yahoo.com,España,Madrid,25,M
2909,Patricia,Fernández Ramos,patricia.fernandez3@yahoo.com,España,Bilbao,23,M
2910,Pablo,Álvarez Domínguez,pablo.alvarez1@yahoo.com,España,Valencia,27,F
2911,Raquel,Ruiz Álvarez,raquel.ruiz1@gmail.com,España,Sevilla,35,M
2912,Patricia,Hernández Hernández,patricia.hernandez1@live.com,España,Barcelona,18,F
2913,Sofía,Gómez Jiménez,sofia.gomez5@live.com,Reino Unido,Manchester,35,F
2914,Cristina,Ruiz Muñoz,cristina.ruiz@live.com,Argentina,Rosario,51,Otro/NA
2915,Ana,Gil Jiménez,ana.gil@icloud.com,España,Valencia,36,F
2916,Pablo,Díaz Gómez,pablo.diaz@live.com,Portugal,Oporto,32,M
2917,María,Muñoz Pérez,maria.munoz@icloud.com,Reino Unido,Londres,28,F
2918,Diego,Díaz Martínez,diego.diaz2@outlook.com,México,Guadalajara,43,M
2919,Carlos,Sánchez Fernández,carlos.sanchez1@live.com,Francia,Marsella,26,F
2920,Sergio,Pérez Álvarez,sergio.perez2@hotmail.com,España,Valencia,53,F
2921,Alberto,Fernández Domínguez,alberto.fernandez@yahoo.com,España,Sevilla,54,F
2922,Lucía,García Ruiz,lucia.garcia2@live.com,Portugal,Lisboa,37,M
2923,Carlos,Díaz Ramos,carlos.diaz@gmail.com,Reino Unido,Manchester,34,F
2924,Ana,Hernández Gil,ana.hernandez2@outlook.com,España,Valencia,45,M
2925,Pablo,Romero Jiménez,pablo.romero1@hotmail.com,España,Valencia,45,M
2926,Sergio,Torres Sánchez,sergio.torres@yahoo.com,México,Monterrey,26,F
2927,Elena,Vázquez Moreno,elena.vazquez1@hotmail.com,Reino Unido,Londres,29,M
2928,Patricia,Álvarez Hernández,patricia.alvarez1@outlook.com,Argentina,Buenos Aires,21,Otro/NA
2929,Laura,Álvarez Gómez,laura.alvarez2@gmail.com,Reino Unido,Londres,39,M
2930,Cristina,Martínez Sánchez,cristina.martinez@gmail.com,España,Valencia,41,F
2931,Diego,Fernández Hernández,diego.fernandez1@gmail.com,Italia,Roma,21,M
2932,Pablo,Gómez Ruiz,pablo.gomez@outlook.com,Portugal,Oporto,30,F
2933,Diego,Ruiz Torres,diego.ruiz@yahoo.com,España,Valencia,21,F
2934,Carlos,Pérez Romero,carlos.perez@hotmail.com,Alemania,Berlín,26,F
2935,Patricia,García Díaz,patricia.garcia2@yahoo.com,Portugal,Lisboa,40,M
2936,Patricia,Ruiz Gómez,patricia.ruiz1@yahoo.com,España,Bilbao,27,F
2937,Elena,Ruiz Hernández,elena.ruiz@live.com,Reino Unido,Manchester,31,M
2938,Lucía,Vázquez Ruiz,lucia.vazquez2@yahoo.com,Italia,Milán,18,M
2939,Sergio,Gómez Gil,sergio.gomez@live.com,Argentina,Córdoba,36,M
2940,Juan,Martínez Sánchez,juan.martinez@outlook.com,España,Valencia,34,F
2941,Carlos,Torres Díaz,carlos.torres1@yahoo.com,España,Madrid,27,M
2942,María,García Ruiz,maria.garcia1@hotmail.com,Italia,Nápoles,33,F
2943,Elena,Martínez Pérez,elena.martinez2@outlook.com,España,Madrid,36,F
2944,Carlos,López Sánchez,carlos.lopez2@live.com,Portugal,Oporto,26,M
2945,David,Jiménez Fernández,david.jimenez@live.com,Reino Unido,Londres,20,F
2946,Javier,Gil Vázquez,javier.gil@yahoo.com,España,Bilbao,53,M
2947,Cristina,Hernández Domínguez,cristina.hernandez2@live.com,Alemania,Múnich,28,F
2948,David,López Gómez,david.lopez@outlook.com,Alemania,Múnich,34,M
2949,Álvaro,Álvarez García,alvaro.alvarez1@icloud.com,España,Bilbao,45,F
2950,David,Moreno Gil,david.moreno1@live.com,Argentina,Córdoba,70,M
2951,Elena,López Martínez,elena.lopez2@hotmail.com,México,Guadalajara,22,M
2952,Álvaro,Muñoz Vázquez,alvaro.munoz1@gmail.com,Portugal,Lisboa,39,M
2953,Alberto,Pérez Vázquez,alberto.perez3@hotmail.com,Portugal,Lisboa,27,M
2954,Patricia,Díaz Fernández,patricia.diaz1@outlook.com,Francia,Lyon,29,M
2955,Javier,Sánchez García,javier.sanchez1@yahoo.com,Argentina,Buenos Aires,27,M
2956,Raquel,Ramos Torres,raquel.ramos1@gmail.com,Portugal,Lisboa,23,F
2957,David,Domínguez García,david.dominguez@yahoo.com,Reino Unido,Londres,34,F
2958,David,Sánchez Moreno,david.sanchez3@outlook.com,México,Guadalajara,20,F
2959,Alberto,Domínguez Fernández,alberto.dominguez1@hotmail.com,España,Barcelona,44,F
2960,Raquel,Ramos Hernández,raquel.ramos2@gmail.com,Reino Unido,Manchester,35,F
2961,María,Domínguez Ramos,maria.dominguez1@hotmail.com,España,Barcelona,39,F
2962,Andrés,Ruiz Álvarez,andres.ruiz1@hotmail.com,España,Madrid,30,F
2963,Laura,Torres Romero,laura.torres2@icloud.com,España,Madrid,31,M
2964,Patricia,López Domínguez,patricia.lopez1@icloud.com,Argentina,Rosario,37,F
2965,Sofía,Díaz Pérez,sofia.diaz2@yahoo.com,México,Monterrey,23,M
2966,Alberto,Gil Romero,alberto.gil2@outlook.com,Portugal,Oporto,31,F
2967,Raquel,Sánchez Hernández,raquel.sanchez1@hotmail.com,Reino Unido,Londres,26,F
2968,María,Jiménez Sánchez,maria.jimenez1@live.com,Italia,Roma,26,M
2969,Laura,Jiménez Sánchez,laura.jimenez3@hotmail.com,Argentina,Rosario,18,F
2970,Laura,Ramos Romero,laura.ramos1@yahoo.com,Alemania,Hamburgo,48,M
2971,Marta,Muñoz Álvarez,marta.munoz1@gmail.com,España,Madrid,28,M
2972,Lucía,Díaz Torres,lucia.diaz@gmail.com,España,Barcelona,46,M
2973,Sofía,Álvarez Ruiz,sofia.alvarez1@live.com,Reino Unido,Manchester,45,F
2974,Carlos,Fernández López,carlos.fernandez@outlook.com,Reino Unido,Londres,22,F
2975,Álvaro,Pérez Pérez,alvaro.perez2@live.com,España,Barcelona,24,F
2976,David,Sánchez Ruiz,david.sanchez4@outlook.com,España,Bilbao,60,M
2977,Pablo,Gómez Sánchez,pablo.gomez@icloud.com,México,CDMX,52,F
2978,Elena,Fernández Moreno,elena.fernandez2@outlook.com,España,Sevilla,34,F
2979,Laura,Ruiz López,laura.ruiz@outlook.com,Portugal,Oporto,37,M
2980,Patricia,Romero Díaz,patricia.romero2@gmail.com,Argentina,Córdoba,28,F
2981,Carlos,Álvarez López,carlos.alvarez@gmail.com,Francia,Marsella,39,M
2982,Marta,Ruiz Jiménez,marta.ruiz3@yahoo.com,España,Bilbao,27,M
2983,Diego,Ramos Gómez,diego.ramos@icloud.com,Portugal,Oporto,18,M
2984,Cristina,Martínez Domínguez,cristina.martinez1@hotmail.com,Reino Unido,Manchester,21,F
2985,Elena,Torres Jiménez,elena.torres1@hotmail.com,Alemania,Berlín,35,M
2986,Andrés,Vázquez Ruiz,andres.vazquez3@hotmail.com,Argentina,Rosario,23,M
2987,Raquel,Moreno Romero,raquel.moreno2@outlook.com,España,Bilbao,34,M
2988,Andrés,Sánchez Domínguez,andres.sanchez1@live.com,Alemania,Múnich,24,M
2989,Raquel,Jiménez López,raquel.jimenez2@live.com,Portugal,Lisboa,27,M
2990,Sofía,Vázquez Jiménez,sofia.vazquez@live.com,México,CDMX,43,M
2991,Carlos,Álvarez Martínez,carlos.alvarez1@live.com,España,Barcelona,37,F
2992,Pablo,Torres Álvarez,pablo.torres@icloud.com,Reino Unido,Manchester,34,M
2993,Pablo,Díaz Sánchez,pablo.diaz2@outlook.com,Alemania,Múnich,43,F
2994,Patricia,Ruiz Domínguez,patricia.ruiz1@icloud.com,España,Sevilla,39,F
2995,Andrés,Pérez Jiménez,andres.perez@yahoo.com,España,Barcelona,49,M
2996,David,Moreno Fernández,david.moreno1@icloud.com,México,CDMX,30,M
2997,Sergio,Torres Vázquez,sergio.torres1@icloud.com,España,Bilbao,30,F
2998,Andrés,Moreno Martínez,andres.moreno1@icloud.com,España,Barcelona,21,M
2999,Sofía,Hernández García,sofia.hernandez@icloud.com,España,Barcelona,30,M
3000,Lucía,García Díaz,lucia.garcia@hotmail.com,México,Guadalajara,44,M
3001,Ana,Gil Pérez,ana.gil@yahoo.com,Portugal,Oporto,47,F
3002,Elena,Martínez Ramos,elena.martinez1@live.com,Reino Unido,Londres,44,F
3003,Carlos,Martínez Muñoz,carlos.martinez3@gmail.com,España,Sevilla,18,Otro/NA
3004,Javier,Díaz Díaz,javier.diaz3@yahoo.com,Italia,Milán,45,F
3005,Sergio,Ruiz Fernández,sergio.ruiz2@live.com,Italia,Nápoles,18,M
3006,Carlos,Vázquez Ruiz,carlos.vazquez2@icloud.com,México,Monterrey,43,M
3007,David,Muñoz Torres,david.munoz@icloud.com,México,Monterrey,31,M
3008,Pablo,Hernández Pérez,pablo.hernandez2@outlook.com,España,Bilbao,42,M
3009,Ana,Moreno Torres,ana.moreno@icloud.com,Portugal,Oporto,21,M
3010,Cristina,Sánchez Gómez,cristina.sanchez@yahoo.com,España,Bilbao,46,M
3011,Raquel,Vázquez Torres,raquel.vazquez@gmail.com,Alemania,Múnich,20,M
3012,Alberto,Díaz Hernández,alberto.diaz@outlook.com,España,Valencia,28,M
3013,Andrés,Romero Pérez,andres.romero3@outlook.com,España,Barcelona,25,M
3014,Ana,Muñoz Fernández,ana.munoz@gmail.com,España,Barcelona,18,Otro/NA
3015,Sofía,García López,sofia.garcia@yahoo.com,Italia,Nápoles,35,F
3016,Raquel,Muñoz Domínguez,raquel.munoz3@icloud.com,España,Bilbao,53,Otro/NA
3017,Alberto,Ruiz Fernández,alberto.ruiz@live.com,Reino Unido,Manchester,61,M
3018,David,Hernández García,david.hernandez3@gmail.com,Francia,París,35,M
3019,Diego,López Álvarez,diego.lopez4@yahoo.com,España,Madrid,46,M
3020,Álvaro,Díaz López,alvaro.diaz@yahoo.com,Reino Unido,Londres,37,M
3021,David,Hernández Torres,david.hernandez@yahoo.com,España,Sevilla,39,M
3022,Álvaro,Fernández Vázquez,alvaro.fernandez1@icloud.com,Francia,Lyon,31,F
3023,David,Gómez Gil,david.gomez3@icloud.com,Portugal,Oporto,36,Otro/NA
3024,Diego,Romero Fernández,diego.romero@hotmail.com,España,Barcelona,40,M
3025,Sergio,Jiménez Gómez,sergio.jimenez1@outlook.com,España,Madrid,29,M
3026,Ana,Álvarez Martínez,ana.alvarez2@icloud.com,España,Bilbao,34,M
3027,David,Martínez Álvarez,david.martinez1@hotmail.com,Argentina,Rosario,34,M
3028,Elena,Ruiz Ruiz,elena.ruiz1@yahoo.com,Portugal,Oporto,43,M
3029,Patricia,López Gil,patricia.lopez1@outlook.com,Portugal,Lisboa,24,M
3030,Andrés,Torres Muñoz,andres.torres1@outlook.com,Italia,Roma,34,M
3031,Juan,Torres Ramos,juan.torres1@live.com,España,Madrid,54,M
3032,Pablo,Álvarez Díaz,pablo.alvarez@gmail.com,Francia,París,46,M
3033,María,Jiménez Moreno,maria.jimenez3@hotmail.com,Reino Unido,Londres,48,M
3034,Diego,Álvarez Torres,diego.alvarez2@live.com,España,Barcelona,35,M
3035,Ana,Sánchez Domínguez,ana.sanchez@icloud.com,España,Madrid,38,Otro/NA
3036,Laura,Gómez Gómez,laura.gomez@outlook.com,España,Bilbao,45,M
3037,Raquel,Ruiz Hernández,raquel.ruiz1@yahoo.com,Francia,París,50,F
3038,Álvaro,Domínguez Díaz,alvaro.dominguez@outlook.com,Argentina,Córdoba,18,F
3039,Cristina,López Hernández,cristina.lopez@gmail.com,España,Madrid,21,F
3040,Diego,Moreno Torres,diego.moreno2@icloud.com,Alemania,Múnich,48,F
3041,Alberto,Álvarez Torres,alberto.alvarez2@hotmail.com,España,Sevilla,32,F
3042,Diego,Gil Muñoz,diego.gil2@gmail.com,Argentina,Córdoba,28,F
3043,Alberto,Vázquez Gil,alberto.vazquez@hotmail.com,España,Valencia,22,M
3044,Patricia,Jiménez Moreno,patricia.jimenez1@yahoo.com,Francia,Lyon,29,M
3045,Diego,Romero Vázquez,diego.romero1@hotmail.com,Reino Unido,Manchester,20,Otro/NA
3046,David,García Torres,david.garcia1@yahoo.com,Portugal,Oporto,55,F
3047,Lucía,Martínez Hernández,lucia.martinez2@gmail.com,Francia,Lyon,34,Otro/NA
3048,Sofía,Gómez Sánchez,sofia.gomez2@yahoo.com,España,Madrid,34,F
3049,María,Romero Díaz,maria.romero2@gmail.com,España,Madrid,40,F
3050,Javier,Pérez Sánchez,javier.perez3@gmail.com,España,Madrid,44,F
3051,Sergio,García Hernández,sergio.garcia2@outlook.com,España,Barcelona,44,F
3052,Juan,Muñoz Álvarez,juan.munoz1@icloud.com,Alemania,Múnich,45,F
3053,Marta,Fernández Romero,marta.fernandez@icloud.com,España,Bilbao,28,F
3054,Javier,Hernández Jiménez,javier.hernandez1@yahoo.com,España,Sevilla,32,F
3055,Álvaro,Jiménez Díaz,alvaro.jimenez1@gmail.com,Portugal,Oporto,42,F
3056,Sergio,Ramos Álvarez,sergio.ramos2@icloud.com,Argentina,Córdoba,29,F
3057,David,López Sánchez,david.lopez4@live.com,Italia,Milán,34,M
3058,Patricia,Sánchez Gómez,patricia.sanchez1@live.com,España,Bilbao,38,M
3059,Sofía,Gómez Romero,sofia.gomez1@outlook.com,España,Sevilla,42,F
3060,Diego,Díaz Jiménez,diego.diaz1@icloud.com,Argentina,Córdoba,18,F
3061,Álvaro,Domínguez Sánchez,alvaro.dominguez4@live.com,España,Sevilla,42,M
3062,Cristina,Pérez Moreno,cristina.perez2@gmail.com,España,Valencia,32,M
3063,Carlos,Gil Muñoz,carlos.gil2@yahoo.com,Italia,Nápoles,42,F
3064,Sofía,Álvarez Pérez,sofia.alvarez1@icloud.com,Italia,Milán,42,F
3065,Carlos,Jiménez Torres,carlos.jimenez4@hotmail.com,Portugal,Oporto,51,F
3066,Marta,Romero Torres,marta.romero1@icloud.com,España,Valencia,48,F
3067,Álvaro,Torres Gil,alvaro.torres1@live.com,España,Madrid,48,M
3068,Pablo,Pérez Álvarez,pablo.perez4@icloud.com,Argentina,Córdoba,49,M
3069,Álvaro,Ruiz Díaz,alvaro.ruiz3@outlook.com,España,Barcelona,37,M
3070,Juan,Gómez García,juan.gomez@gmail.com,Portugal,Oporto,35,F
3071,Patricia,Ramos Hernández,patricia.ramos@hotmail.com,Portugal,Oporto,43,M
3072,Álvaro,Jiménez Ruiz,alvaro.jimenez2@yahoo.com,Italia,Milán,42,F
3073,Laura,Hernández Domínguez,laura.hernandez@icloud.com,España,Madrid,31,F
3074,Alberto,Fernández Fernández,alberto.fernandez@live.com,España,Valencia,39,F
3075,Carlos,López Álvarez,carlos.lopez@outlook.com,Italia,Milán,34,F
3076,Javier,Álvarez Martínez,javier.alvarez2@hotmail.com,México,CDMX,26,M
3077,Sergio,Moreno Vázquez,sergio.moreno@icloud.com,Argentina,Buenos Aires,47,F
3078,Juan,Gómez Jiménez,juan.gomez1@live.com,España,Sevilla,35,M
3079,Patricia,Muñoz Ruiz,patricia.munoz2@hotmail.com,España,Barcelona,55,M
3080,Marta,Muñoz Jiménez,marta.munoz2@gmail.com,Argentina,Córdoba,18,M
3081,Pablo,Ramos Álvarez,pablo.ramos@live.com,Reino Unido,Manchester,29,M
3082,Lucía,Díaz Muñoz,lucia.diaz3@yahoo.com,México,Monterrey,35,F
3083,Patricia,García Romero,patricia.garcia1@gmail.com,España,Barcelona,46,F
3084,Carlos,García Álvarez,carlos.garcia3@outlook.com,Italia,Milán,38,M
3085,Javier,Vázquez Muñoz,javier.vazquez@live.com,Portugal,Lisboa,38,M
3086,Laura,Gil Ruiz,laura.gil2@hotmail.com,Portugal,Lisboa,23,F
3087,Sofía,Díaz Martínez,sofia.diaz3@yahoo.com,Francia,Marsella,23,F
3088,Pablo,López Ruiz,pablo.lopez2@gmail.com,España,Sevilla,38,M
3089,Andrés,Romero Torres,andres.romero@gmail.com,Italia,Milán,21,F
3090,Alberto,Fernández Díaz,alberto.fernandez3@hotmail.com,España,Bilbao,29,F
3091,David,Ruiz Jiménez,david.ruiz@live.com,Francia,Lyon,40,F
3092,Andrés,Gómez Martínez,andres.gomez@live.com,Argentina,Rosario,25,M
3093,Ana,Martínez Hernández,ana.martinez@outlook.com,España,Barcelona,51,F
3094,Laura,Muñoz Romero,laura.munoz1@hotmail.com,México,Guadalajara,47,F
3095,Laura,Gil Álvarez,laura.gil1@live.com,España,Sevilla,19,F
3096,Juan,Álvarez Díaz,juan.alvarez1@outlook.com,Portugal,Lisboa,25,F
3097,Sofía,Gil Ramos,sofia.gil2@live.com,Argentina,Buenos Aires,18,Otro/NA
3098,Pablo,Ruiz Gómez,pablo.ruiz@outlook.com,España,Bilbao,27,M
3099,Álvaro,Pérez Vázquez,alvaro.perez@yahoo.com,España,Valencia,42,F
3100,Marta,López Fernández,marta.lopez1@hotmail.com,Francia,París,30,F
3101,Andrés,Moreno Sánchez,andres.moreno@yahoo.com,España,Bilbao,39,F
3102,Álvaro,Gómez Gil,alvaro.gomez@hotmail.com,Reino Unido,Manchester,19,M
3103,David,Ramos Gil,david.ramos1@live.com,Argentina,Buenos Aires,42,M
3104,Elena,Sánchez Jiménez,elena.sanchez@hotmail.com,Francia,Lyon,29,F
3105,Sergio,García Pérez,sergio.garcia3@outlook.com,España,Barcelona,35,F
3106,Sergio,Domínguez Gil,sergio.dominguez@gmail.com,Francia,París,34,M
3107,Sofía,Álvarez Vázquez,sofia.alvarez2@outlook.com,Reino Unido,Manchester,22,F
3108,Marta,Romero García,marta.romero3@outlook.com,España,Bilbao,23,M
3109,Cristina,Torres García,cristina.torres1@icloud.com,Italia,Milán,44,Otro/NA
3110,Carlos,Sánchez Muñoz,carlos.sanchez2@live.com,Italia,Nápoles,38,F
3111,Ana,Díaz López,ana.diaz@icloud.com,Italia,Roma,45,M
3112,Alberto,Fernández Jiménez,alberto.fernandez1@live.com,España,Barcelona,38,F
3113,Juan,Fernández Moreno,juan.fernandez1@gmail.com,Portugal,Oporto,36,F
3114,Marta,Ruiz Vázquez,marta.ruiz@gmail.com,España,Valencia,18,M
3115,Ana,Hernández López,ana.hernandez3@hotmail.com,España,Madrid,32,F
3116,Ana,Torres Martínez,ana.torres@gmail.com,México,CDMX,34,M
3117,Javier,Muñoz Domínguez,javier.munoz@gmail.com,Reino Unido,Londres,54,F
3118,Ana,Pérez Fernández,ana.perez2@hotmail.com,España,Sevilla,41,M
3119,Elena,Álvarez Moreno,elena.alvarez@gmail.com,España,Sevilla,50,M
3120,Javier,Fernández Vázquez,javier.fernandez@outlook.com,España,Barcelona,40,M
3121,Raquel,Gil Fernández,raquel.gil@hotmail.com,España,Sevilla,27,M
3122,Diego,Fernández Gómez,diego.fernandez2@gmail.com,España,Valencia,36,F
3123,Ana,Hernández Vázquez,ana.hernandez1@yahoo.com,España,Barcelona,37,M
3124,Sofía,Fernández Muñoz,sofia.fernandez@outlook.com,Francia,París,25,M
3125,Marta,Álvarez Díaz,marta.alvarez1@gmail.com,Reino Unido,Manchester,31,F
3126,Alberto,Gómez Hernández,alberto.gomez1@icloud.com,Italia,Nápoles,32,F
3127,Raquel,Álvarez Gómez,raquel.alvarez1@icloud.com,Portugal,Oporto,51,F
3128,Patricia,Pérez Moreno,patricia.perez3@yahoo.com,España,Bilbao,18,F
3129,Lucía,García Jiménez,lucia.garcia@icloud.com,Argentina,Rosario,47,F
3130,Lucía,Hernández Álvarez,lucia.hernandez1@gmail.com,México,Monterrey,25,M
3131,Raquel,Ruiz Fernández,raquel.ruiz2@yahoo.com,Reino Unido,Manchester,21,M
3132,Cristina,Díaz Vázquez,cristina.diaz1@live.com,México,Monterrey,46,Otro/NA
3133,Marta,Gil Díaz,marta.gil@icloud.com,Argentina,Córdoba,42,M
3134,Pablo,Romero García,pablo.romero1@outlook.com,Alemania,Múnich,47,M
3135,Patricia,Díaz Martínez,patricia.diaz1@gmail.com,España,Valencia,43,M
3136,Diego,Moreno García,diego.moreno@outlook.com,Italia,Milán,55,M
3137,Elena,Ramos Domínguez,elena.ramos3@gmail.com,Reino Unido,Manchester,40,F
3138,Sofía,Romero Sánchez,sofia.romero@outlook.com,Reino Unido,Londres,33,F
3139,María,López Domínguez,maria.lopez1@hotmail.com,Alemania,Múnich,38,Otro/NA
3140,Lucía,García Muñoz,lucia.garcia1@yahoo.com,España,Valencia,47,F
3141,Patricia,Torres Torres,patricia.torres4@hotmail.com,España,Valencia,27,M
3142,Pablo,Pérez Martínez,pablo.perez5@icloud.com,Argentina,Córdoba,28,M
3143,Lucía,Jiménez Gómez,lucia.jimenez4@outlook.com,Italia,Nápoles,31,Otro/NA
3144,Álvaro,Muñoz Hernández,alvaro.munoz3@live.com,Alemania,Berlín,18,M
3145,Raquel,Fernández Hernández,raquel.fernandez1@gmail.com,España,Valencia,36,M
3146,Laura,Muñoz García,laura.munoz@icloud.com,España,Valencia,18,F
3147,Alberto,Álvarez Díaz,alberto.alvarez1@gmail.com,México,CDMX,35,F
3148,Laura,Gil Díaz,laura.gil@gmail.com,Portugal,Oporto,43,M
3149,Diego,Ruiz Martínez,diego.ruiz3@hotmail.com,Reino Unido,Londres,30,F
3150,Marta,López Ruiz,marta.lopez2@hotmail.com,Francia,Lyon,51,Otro/NA
3151,Elena,Sánchez Sánchez,elena.sanchez2@outlook.com,Italia,Nápoles,20,M
3152,Sergio,Vázquez Muñoz,sergio.vazquez2@hotmail.com,España,Bilbao,46,F
3153,Elena,Martínez Muñoz,elena.martinez1@icloud.com,Portugal,Lisboa,41,M
3154,Álvaro,Martínez Pérez,alvaro.martinez2@live.com,Francia,Marsella,18,F
3155,Sofía,Jiménez Ruiz,sofia.jimenez2@icloud.com,Francia,París,62,F
3156,Ana,Díaz López,ana.diaz2@hotmail.com,Portugal,Oporto,34,Otro/NA
3157,Sofía,Torres López,sofia.torres@yahoo.com,Argentina,Córdoba,26,M
3158,Diego,Moreno López,diego.moreno@live.com,España,Bilbao,20,M
3159,Elena,Gil Domínguez,elena.gil@outlook.com,México,Guadalajara,32,M
3160,Juan,Gil Álvarez,juan.gil4@gmail.com,España,Valencia,33,F
3161,Juan,Martínez García,juan.martinez1@outlook.com,Francia,París,36,M
3162,Carlos,García García,carlos.garcia1@yahoo.com,España,Bilbao,32,M
3163,Patricia,Ruiz Vázquez,patricia.ruiz2@yahoo.com,España,Valencia,41,M
3164,María,Domínguez Gil,maria.dominguez@gmail.com,Alemania,Múnich,31,M
3165,Carlos,Gil Pérez,carlos.gil4@icloud.com,España,Valencia,18,M
3166,David,Muñoz Sánchez,david.munoz@yahoo.com,Alemania,Berlín,33,F
3167,Patricia,Hernández Ramos,patricia.hernandez5@hotmail.com,Argentina,Rosario,18,M
3168,Patricia,Muñoz Muñoz,patricia.munoz3@hotmail.com,España,Bilbao,38,M
3169,María,Moreno Fernández,maria.moreno@hotmail.com,Reino Unido,Londres,25,F
3170,Alberto,Pérez Gil,alberto.perez1@icloud.com,Francia,París,36,F
3171,Laura,Vázquez Hernández,laura.vazquez1@live.com,Portugal,Lisboa,48,M
3172,Ana,Martínez Jiménez,ana.martinez1@yahoo.com,España,Madrid,25,M
3173,Sergio,Ramos Álvarez,sergio.ramos3@icloud.com,España,Bilbao,45,F
3174,David,Gómez Domínguez,david.gomez1@live.com,España,Valencia,30,M
3175,Marta,Ruiz García,marta.ruiz1@live.com,España,Bilbao,52,F
3176,Lucía,Gómez Hernández,lucia.gomez1@gmail.com,España,Sevilla,31,M
3177,Pablo,Domínguez Ruiz,pablo.dominguez1@live.com,Portugal,Lisboa,26,M
3178,Marta,Torres Romero,marta.torres1@hotmail.com,México,Monterrey,41,M
3179,Lucía,Jiménez Fernández,lucia.jimenez@live.com,Reino Unido,Manchester,30,F
3180,Pablo,Romero Sánchez,pablo.romero@yahoo.com,Portugal,Lisboa,26,F
3181,David,Pérez Ruiz,david.perez@icloud.com,España,Bilbao,30,M
3182,Juan,López Ramos,juan.lopez4@yahoo.com,España,Bilbao,34,F
3183,Raquel,Jiménez Torres,raquel.jimenez1@yahoo.com,España,Bilbao,48,M
3184,Sergio,Domínguez Muñoz,sergio.dominguez@outlook.com,España,Bilbao,18,M
3185,Javier,Álvarez Hernández,javier.alvarez@live.com,Alemania,Múnich,35,F
3186,Alberto,Pérez Álvarez,alberto.perez@outlook.com,Alemania,Berlín,41,M
3187,Lucía,Ruiz López,lucia.ruiz@hotmail.com,España,Barcelona,36,F
3188,Carlos,Sánchez Díaz,carlos.sanchez2@gmail.com,España,Barcelona,48,F
3189,María,Jiménez Álvarez,maria.jimenez2@gmail.com,México,CDMX,34,F
3190,Laura,Martínez Vázquez,laura.martinez@yahoo.com,Reino Unido,Londres,33,F
3191,Diego,Pérez Ruiz,diego.perez2@hotmail.com,España,Bilbao,40,M
3192,Lucía,Torres Torres,lucia.torres2@gmail.com,Argentina,Córdoba,35,M
3193,Ana,Ruiz Hernández,ana.ruiz2@icloud.com,Argentina,Buenos Aires,31,M
3194,Sofía,Moreno Vázquez,sofia.moreno1@outlook.com,España,Madrid,40,M
3195,Javier,Álvarez Domínguez,javier.alvarez2@gmail.com,España,Barcelona,28,F
3196,Cristina,Hernández Díaz,cristina.hernandez3@live.com,Alemania,Berlín,28,M
3197,Patricia,Ruiz Muñoz,patricia.ruiz2@outlook.com,Argentina,Córdoba,29,F
3198,María,Gil García,maria.gil1@live.com,México,CDMX,48,M
3199,María,Ruiz Torres,maria.ruiz2@outlook.com,España,Sevilla,18,F
3200,Elena,Domínguez Muñoz,elena.dominguez@yahoo.com,España,Valencia,38,F
3201,Carlos,Jiménez Moreno,carlos.jimenez2@live.com,Alemania,Múnich,35,F
3202,Alberto,Álvarez Vázquez,alberto.alvarez2@gmail.com,Alemania,Hamburgo,18,M
3203,Ana,Gómez Sánchez,ana.gomez@outlook.com,España,Valencia,38,F
3204,Diego,Jiménez Romero,diego.jimenez@yahoo.com,México,CDMX,39,M
3205,Lucía,Torres Díaz,lucia.torres3@gmail.com,Portugal,Oporto,40,M
3206,Javier,Pérez Ramos,javier.perez2@hotmail.com,México,Monterrey,18,M
3207,Raquel,Vázquez García,raquel.vazquez1@gmail.com,México,Monterrey,48,F
3208,Lucía,Romero Muñoz,lucia.romero@icloud.com,Reino Unido,Manchester,27,M
3209,Carlos,Martínez Díaz,carlos.martinez1@icloud.com,Francia,Lyon,41,F
3210,Carlos,Fernández Romero,carlos.fernandez1@icloud.com,Italia,Milán,42,Otro/NA
3211,Elena,Pérez Moreno,elena.perez@gmail.com,España,Sevilla,26,M
3212,Pablo,Martínez Torres,pablo.martinez3@icloud.com,Portugal,Lisboa,41,F
3213,Sergio,Díaz Ramos,sergio.diaz2@hotmail.com,España,Barcelona,31,F
3214,Ana,Gómez Sánchez,ana.gomez2@yahoo.com,Portugal,Lisboa,18,M
3215,Raquel,Martínez Hernández,raquel.martinez1@yahoo.com,España,Barcelona,46,F
3216,Ana,Torres Jiménez,ana.torres3@icloud.com,España,Madrid,27,M
3217,Ana,Ruiz Pérez,ana.ruiz3@icloud.com,España,Madrid,26,F
3218,Lucía,Gómez López,lucia.gomez@live.com,España,Valencia,30,M
3219,Cristina,Romero Sánchez,cristina.romero2@outlook.com,Portugal,Oporto,37,M
3220,Sofía,Álvarez Vázquez,sofia.alvarez1@gmail.com,Reino Unido,Manchester,34,F
3221,María,Sánchez Gómez,maria.sanchez@icloud.com,Alemania,Múnich,40,M
3222,Andrés,Torres Fernández,andres.torres1@gmail.com,España,Sevilla,21,M
3223,David,Martínez Torres,david.martinez@live.com,España,Madrid,27,M
3224,Patricia,Romero Ramos,patricia.romero1@outlook.com,España,Barcelona,33,M
3225,Pablo,Moreno Díaz,pablo.moreno1@hotmail.com,España,Bilbao,53,F
3226,Laura,Vázquez López,laura.vazquez@outlook.com,México,CDMX,33,F
3227,Ana,Torres Pérez,ana.torres4@icloud.com,España,Bilbao,45,F
3228,Alberto,Romero Muñoz,alberto.romero2@yahoo.com,España,Madrid,35,F
3229,Andrés,Torres Gil,andres.torres2@outlook.com,España,Madrid,30,M
3230,Patricia,Sánchez Torres,patricia.sanchez@gmail.com,España,Barcelona,32,M
3231,Laura,Pérez Domínguez,laura.perez1@gmail.com,Alemania,Hamburgo,33,F
3232,Lucía,Sánchez Ramos,lucia.sanchez2@gmail.com,Italia,Milán,41,F
3233,Carlos,Moreno Díaz,carlos.moreno1@outlook.com,España,Madrid,48,M
3234,Ana,López Martínez,ana.lopez@live.com,España,Barcelona,38,M
3235,Carlos,Fernández Torres,carlos.fernandez3@hotmail.com,España,Madrid,46,F
3236,Sofía,Hernández Ruiz,sofia.hernandez1@live.com,España,Barcelona,25,F
3237,Raquel,Gómez Álvarez,raquel.gomez1@outlook.com,España,Sevilla,30,F
3238,Pablo,Gómez Hernández,pablo.gomez3@yahoo.com,Argentina,Córdoba,27,M
3239,Alberto,Domínguez Jiménez,alberto.dominguez2@hotmail.com,Italia,Milán,38,F
3240,Elena,Ruiz Pérez,elena.ruiz1@outlook.com,Alemania,Múnich,31,M
3241,Ana,Ramos Martínez,ana.ramos3@outlook.com,Francia,Marsella,42,M
3242,Javier,Ramos Jiménez,javier.ramos2@yahoo.com,Francia,Marsella,25,F
3243,Marta,Fernández Ramos,marta.fernandez2@gmail.com,Alemania,Hamburgo,35,M
3244,Lucía,Ramos Gil,lucia.ramos4@icloud.com,Portugal,Oporto,41,M
3245,Javier,García Álvarez,javier.garcia@outlook.com,Portugal,Lisboa,18,Otro/NA
3246,Álvaro,Domínguez García,alvaro.dominguez5@gmail.com,España,Valencia,56,F
3247,Andrés,Ramos Ruiz,andres.ramos2@yahoo.com,Alemania,Hamburgo,32,F
3248,Andrés,Gómez Fernández,andres.gomez2@outlook.com,Francia,Lyon,18,M
3249,Andrés,Álvarez Vázquez,andres.alvarez@live.com,México,Monterrey,36,M
3250,Sergio,López Torres,sergio.lopez@outlook.com,Italia,Nápoles,35,F
3251,María,Díaz Vázquez,maria.diaz2@yahoo.com,Alemania,Múnich,34,F
3252,Sergio,Torres Torres,sergio.torres1@gmail.com,España,Madrid,44,F
3253,Laura,Sánchez Jiménez,laura.sanchez@gmail.com,Italia,Nápoles,42,M
3254,Cristina,Jiménez Díaz,cristina.jimenez2@outlook.com,España,Sevilla,37,M
3255,Andrés,García Jiménez,andres.garcia@outlook.com,España,Madrid,39,Otro/NA
3256,Cristina,Hernández Romero,cristina.hernandez@hotmail.com,España,Bilbao,33,F
3257,Laura,Sánchez Torres,laura.sanchez@live.com,Portugal,Lisboa,52,M
3258,Raquel,Muñoz Domínguez,raquel.munoz3@gmail.com,España,Madrid,20,M
3259,Sergio,Moreno Vázquez,sergio.moreno5@hotmail.com,España,Valencia,36,F
3260,Juan,Ramos López,juan.ramos4@icloud.com,México,Monterrey,35,M
3261,Javier,Sánchez Sánchez,javier.sanchez3@icloud.com,España,Valencia,43,M
3262,Diego,Jiménez Álvarez,diego.jimenez2@icloud.com,Alemania,Hamburgo,26,M
3263,Raquel,Pérez López,raquel.perez1@gmail.com,Francia,Lyon,18,F
3264,Carlos,García Muñoz,carlos.garcia4@outlook.com,España,Barcelona,36,M
3265,Javier,López Pérez,javier.lopez@gmail.com,Reino Unido,Manchester,37,Otro/NA
3266,Diego,Romero García,diego.romero2@gmail.com,España,Valencia,49,M
3267,Andrés,Torres Gómez,andres.torres3@outlook.com,Francia,Lyon,22,F
3268,Lucía,Romero Domínguez,lucia.romero2@outlook.com,Italia,Milán,46,M
3269,Cristina,Ruiz Sánchez,cristina.ruiz1@outlook.com,Italia,Roma,58,F
3270,María,Gil Gómez,maria.gil3@gmail.com,Portugal,Lisboa,31,Otro/NA
3271,Pablo,García Fernández,pablo.garcia2@hotmail.com,España,Madrid,22,F
3272,Elena,Jiménez Romero,elena.jimenez@icloud.com,España,Barcelona,30,F
3273,Ana,Martínez Sánchez,ana.martinez1@hotmail.com,Reino Unido,Manchester,35,F
3274,Raquel,Gil Martínez,raquel.gil2@icloud.com,Alemania,Berlín,40,F
3275,Sofía,Romero Álvarez,sofia.romero3@gmail.com,México,CDMX,29,F
3276,Alberto,Jiménez Torres,alberto.jimenez2@hotmail.com,México,Guadalajara,50,Otro/NA
3277,Pablo,Ramos Gómez,pablo.ramos1@gmail.com,México,CDMX,23,M
3278,Álvaro,Pérez Domínguez,alvaro.perez2@outlook.com,Alemania,Berlín,18,Otro/NA
3279,David,Fernández Torres,david.fernandez@outlook.com,España,Sevilla,46,M
3280,Diego,Martínez Pérez,diego.martinez1@icloud.com,Reino Unido,Londres,18,M
3281,Lucía,Hernández Vázquez,lucia.hernandez2@icloud.com,Francia,Marsella,32,M
3282,María,Jiménez Álvarez,maria.jimenez3@gmail.com,España,Barcelona,66,M
3283,Sofía,Martínez Muñoz,sofia.martinez1@live.com,México,CDMX,34,F
3284,Lucía,López García,lucia.lopez1@icloud.com,México,CDMX,23,F
3285,María,Vázquez Hernández,maria.vazquez2@icloud.com,Francia,París,34,F
3286,Marta,Gil Sánchez,marta.gil3@live.com,España,Valencia,34,F
3287,Laura,Muñoz Álvarez,laura.munoz1@icloud.com,España,Sevilla,36,F
3288,Juan,López Hernández,juan.lopez@outlook.com,Reino Unido,Manchester,41,F
3289,Juan,Muñoz Ruiz,juan.munoz2@icloud.com,México,CDMX,24,M
3290,Raquel,Ruiz Domínguez,raquel.ruiz1@live.com,España,Valencia,51,F
3291,Cristina,Gómez Jiménez,cristina.gomez1@outlook.com,España,Sevilla,37,F
3292,Sergio,Díaz Gil,sergio.diaz@gmail.com,México,CDMX,42,F
3293,Cristina,Muñoz Moreno,cristina.munoz1@yahoo.com,España,Madrid,28,F
3294,Alberto,López Ramos,alberto.lopez2@gmail.com,Alemania,Berlín,47,F
3295,Alberto,García Gómez,alberto.garcia@outlook.com,Argentina,Córdoba,32,M
3296,Raquel,Fernández Pérez,raquel.fernandez1@yahoo.com,España,Barcelona,37,M
3297,Lucía,Gómez Hernández,lucia.gomez2@gmail.com,Portugal,Oporto,25,F
3298,Álvaro,Muñoz Domínguez,alvaro.munoz4@live.com,España,Bilbao,25,F
3299,Álvaro,Muñoz Fernández,alvaro.munoz1@outlook.com,España,Sevilla,41,F
3300,Andrés,Hernández Gil,andres.hernandez3@outlook.com,Reino Unido,Manchester,30,M
3301,Ana,Pérez Moreno,ana.perez1@live.com,Francia,Marsella,26,M
3302,Marta,Sánchez Domínguez,marta.sanchez3@gmail.com,Argentina,Buenos Aires,28,F
3303,Lucía,Hernández Gil,lucia.hernandez1@hotmail.com,Alemania,Berlín,41,M
3304,Sergio,Torres Ruiz,sergio.torres2@gmail.com,España,Bilbao,28,F
3305,Lucía,Álvarez Torres,lucia.alvarez3@gmail.com,España,Valencia,33,M
3306,Cristina,Hernández Romero,cristina.hernandez1@icloud.com,España,Barcelona,35,M
3307,Laura,Gil Fernández,laura.gil1@gmail.com,España,Bilbao,18,F
3308,Ana,Pérez Jiménez,ana.perez2@gmail.com,España,Valencia,20,M
3309,Álvaro,Moreno Pérez,alvaro.moreno2@yahoo.com,España,Sevilla,38,F
3310,Elena,Sánchez Gómez,elena.sanchez1@gmail.com,Francia,Marsella,27,F
3311,Raquel,Moreno Domínguez,raquel.moreno3@yahoo.com,Reino Unido,Londres,45,M
3312,Sofía,Domínguez Torres,sofia.dominguez@outlook.com,Portugal,Lisboa,44,F
3313,Lucía,Fernández García,lucia.fernandez2@yahoo.com,Portugal,Lisboa,42,F
3314,Sergio,Torres Jiménez,sergio.torres2@icloud.com,España,Sevilla,53,M
3315,Alberto,Romero Álvarez,alberto.romero2@gmail.com,España,Sevilla,34,M
3316,Javier,Muñoz Gómez,javier.munoz1@outlook.com,Portugal,Oporto,41,M
3317,Juan,Torres Pérez,juan.torres@hotmail.com,Alemania,Berlín,29,F
3318,Javier,Ruiz Torres,javier.ruiz1@icloud.com,España,Sevilla,59,F
3319,Lucía,Ramos López,lucia.ramos5@icloud.com,Reino Unido,Manchester,54,F
3320,Alberto,Gil García,alberto.gil@hotmail.com,Reino Unido,Londres,35,F
3321,Carlos,Álvarez Hernández,carlos.alvarez1@gmail.com,Alemania,Berlín,38,F
3322,Patricia,López Fernández,patricia.lopez2@outlook.com,España,Valencia,48,F
3323,Andrés,Álvarez Fernández,andres.alvarez3@hotmail.com,Reino Unido,Londres,33,F
3324,Andrés,Moreno Sánchez,andres.moreno1@hotmail.com,Italia,Milán,28,M
3325,Juan,Gil Vázquez,juan.gil@live.com,Reino Unido,Londres,43,F
3326,Sergio,Gómez Romero,sergio.gomez@icloud.com,Reino Unido,Londres,35,F
3327,David,Álvarez Jiménez,david.alvarez1@live.com,Reino Unido,Londres,36,F
3328,Carlos,Álvarez Sánchez,carlos.alvarez2@gmail.com,Alemania,Hamburgo,26,F
3329,María,López Martínez,maria.lopez1@live.com,España,Valencia,18,M
3330,Ana,Martínez Gil,ana.martinez3@gmail.com,Portugal,Lisboa,37,F
3331,María,Domínguez Romero,maria.dominguez1@yahoo.com,Italia,Roma,44,M
3332,David,Jiménez Gil,david.jimenez2@hotmail.com,Reino Unido,Londres,32,F
3333,Diego,Romero Gómez,diego.romero1@live.com,España,Bilbao,49,M
3334,Pablo,Díaz López,pablo.diaz1@live.com,España,Bilbao,27,F
3335,Cristina,Pérez Moreno,cristina.perez2@hotmail.com,México,Guadalajara,24,F
3336,Cristina,Torres Vázquez,cristina.torres@hotmail.com,Reino Unido,Manchester,34,F
3337,Marta,Domínguez Díaz,marta.dominguez4@live.com,México,Guadalajara,34,M
3338,David,Domínguez Moreno,david.dominguez2@live.com,Reino Unido,Manchester,42,Otro/NA
3339,Pablo,López García,pablo.lopez2@icloud.com,Italia,Roma,27,F
3340,Ana,Hernández Fernández,ana.hernandez4@hotmail.com,Portugal,Oporto,48,F
3341,Marta,Romero Ruiz,marta.romero2@yahoo.com,México,Guadalajara,54,M
3342,Carlos,Álvarez Hernández,carlos.alvarez3@gmail.com,Italia,Nápoles,34,F
3343,María,López Álvarez,maria.lopez2@live.com,Italia,Roma,47,M
3344,Elena,Torres Ramos,elena.torres1@icloud.com,España,Barcelona,24,F
3345,Alberto,Hernández Hernández,alberto.hernandez2@outlook.com,Francia,París,45,M
3346,Marta,Pérez Moreno,marta.perez1@icloud.com,Portugal,Lisboa,45,F
3347,Cristina,Pérez Gil,cristina.perez2@live.com,España,Bilbao,43,F
3348,Lucía,Hernández Muñoz,lucia.hernandez2@hotmail.com,España,Barcelona,34,M
3349,Marta,Díaz Ruiz,marta.diaz3@yahoo.com,España,Bilbao,18,F
3350,Sofía,Domínguez Vázquez,sofia.dominguez@icloud.com,España,Barcelona,28,F
3351,Lucía,Álvarez Vázquez,lucia.alvarez1@hotmail.com,España,Madrid,28,M
3352,Diego,Hernández Fernández,diego.hernandez@gmail.com,Francia,París,25,F
3353,Patricia,Ramos López,patricia.ramos3@yahoo.com,México,CDMX,36,M
3354,Cristina,Martínez Ramos,cristina.martinez2@hotmail.com,Alemania,Berlín,30,M
3355,Pablo,Vázquez Pérez,pablo.vazquez2@icloud.com,España,Valencia,26,M
3356,Juan,López Sánchez,juan.lopez@live.com,España,Sevilla,24,F
3357,Diego,Martínez Fernández,diego.martinez5@yahoo.com,Portugal,Lisboa,27,M
3358,Sofía,Domínguez Ruiz,sofia.dominguez1@hotmail.com,España,Barcelona,46,F
3359,David,Sánchez Gómez,david.sanchez@icloud.com,México,CDMX,28,F
3360,Pablo,Domínguez Ruiz,pablo.dominguez1@outlook.com,Portugal,Lisboa,29,M
3361,David,Álvarez Ramos,david.alvarez@outlook.com,Reino Unido,Londres,30,F
3362,Marta,Álvarez Sánchez,marta.alvarez3@hotmail.com,España,Madrid,38,M
3363,Carlos,Sánchez Pérez,carlos.sanchez1@yahoo.com,Portugal,Lisboa,39,F
3364,Sofía,Romero Domínguez,sofia.romero3@icloud.com,España,Barcelona,18,M
3365,Carlos,Ramos Ramos,carlos.ramos1@yahoo.com,Argentina,Córdoba,45,M
3366,Javier,Ruiz Muñoz,javier.ruiz2@icloud.com,Italia,Milán,49,F
3367,Cristina,Moreno Jiménez,cristina.moreno1@outlook.com,España,Sevilla,24,F
3368,María,Ruiz Ramos,maria.ruiz3@outlook.com,España,Sevilla,25,M
3369,Juan,Ramos Ramos,juan.ramos2@hotmail.com,España,Madrid,30,F
3370,María,López Gil,maria.lopez5@icloud.com,Portugal,Lisboa,27,M
3371,Javier,Domínguez Ruiz,javier.dominguez1@gmail.com,España,Sevilla,37,F
3372,Juan,García Gil,juan.garcia1@live.com,Italia,Milán,18,F
3373,Diego,Sánchez Torres,diego.sanchez1@yahoo.com,España,Valencia,23,M
3374,Pablo,Romero Fernández,pablo.romero2@outlook.com,Portugal,Lisboa,50,M
3375,Raquel,Gómez Gómez,raquel.gomez3@live.com,Reino Unido,Manchester,25,M
3376,Ana,Gómez García,ana.gomez1@icloud.com,Reino Unido,Manchester,47,M
3377,David,Muñoz Díaz,david.munoz1@yahoo.com,Reino Unido,Londres,38,M
3378,Juan,Martínez Fernández,juan.martinez2@gmail.com,España,Sevilla,18,F
3379,Álvaro,López López,alvaro.lopez3@gmail.com,España,Bilbao,41,Otro/NA
3380,Alberto,Álvarez Gil,alberto.alvarez1@yahoo.com,Portugal,Oporto,33,M
3381,Javier,Hernández Pérez,javier.hernandez2@icloud.com,España,Valencia,30,F
3382,Elena,Jiménez Pérez,elena.jimenez@hotmail.com,Francia,París,37,F
3383,Javier,Ramos Gómez,javier.ramos2@live.com,España,Madrid,39,F
3384,Alberto,Romero Torres,alberto.romero2@outlook.com,España,Barcelona,42,F
3385,Elena,Romero García,elena.romero1@live.com,España,Valencia,46,F
3386,Marta,Gil Jiménez,marta.gil5@hotmail.com,México,Monterrey,39,M
3387,Lucía,Ruiz López,lucia.ruiz@icloud.com,España,Valencia,21,M
3388,Sofía,Jiménez Martínez,sofia.jimenez2@hotmail.com,Alemania,Berlín,30,M
3389,Pablo,Gómez Pérez,pablo.gomez2@live.com,España,Madrid,64,M
3390,Carlos,Fernández Domínguez,carlos.fernandez2@icloud.com,Portugal,Lisboa,42,M
3391,Cristina,Gómez Romero,cristina.gomez3@gmail.com,España,Barcelona,58,F
3392,Juan,López Álvarez,juan.lopez1@live.com,México,CDMX,48,M
3393,David,Gil Torres,david.gil2@hotmail.com,México,Monterrey,37,F
3394,Javier,Ruiz Jiménez,javier.ruiz3@hotmail.com,España,Bilbao,38,M
3395,Cristina,Sánchez Hernández,cristina.sanchez1@live.com,México,Monterrey,34,F
3396,Juan,Álvarez Domínguez,juan.alvarez1@gmail.com,Argentina,Córdoba,18,F
3397,Raquel,Vázquez Sánchez,raquel.vazquez2@hotmail.com,México,Guadalajara,35,M
3398,Lucía,García Díaz,lucia.garcia1@hotmail.com,México,CDMX,47,M
3399,Patricia,García Vázquez,patricia.garcia1@live.com,España,Barcelona,29,F
3400,Sergio,Muñoz Muñoz,sergio.munoz@gmail.com,Italia,Roma,39,M
3401,Sergio,Sánchez Muñoz,sergio.sanchez1@live.com,España,Barcelona,43,M
3402,Elena,García Muñoz,elena.garcia1@gmail.com,España,Valencia,25,M
3403,Lucía,Gómez Torres,lucia.gomez1@live.com,Argentina,Rosario,30,F
3404,Álvaro,Torres Moreno,alvaro.torres1@yahoo.com,España,Barcelona,24,F
3405,Patricia,Romero Hernández,patricia.romero1@hotmail.com,Reino Unido,Londres,26,F
3406,María,Muñoz Domínguez,maria.munoz1@hotmail.com,Reino Unido,Londres,22,F
3407,Pablo,Gil Jiménez,pablo.gil1@outlook.com,México,Monterrey,25,F
3408,Laura,Torres Domínguez,laura.torres2@gmail.com,Argentina,Córdoba,49,F
3409,Sergio,Hernández López,sergio.hernandez1@icloud.com,España,Sevilla,25,Otro/NA
3410,Sofía,Gil Gil,sofia.gil3@gmail.com,España,Madrid,36,M
3411,Sergio,Gil Fernández,sergio.gil2@live.com,Francia,Marsella,29,M
3412,Andrés,Moreno Gómez,andres.moreno2@hotmail.com,España,Madrid,46,F
3413,Javier,Muñoz Ruiz,javier.munoz1@live.com,España,Madrid,48,F
3414,Patricia,Hernández Pérez,patricia.hernandez3@gmail.com,España,Sevilla,43,M
3415,Pablo,López Álvarez,pablo.lopez@live.com,Reino Unido,Londres,38,M
3416,Sofía,Pérez Vázquez,sofia.perez@gmail.com,Italia,Roma,32,F
3417,Diego,Pérez Romero,diego.perez3@yahoo.com,España,Barcelona,23,F
3418,Laura,García Torres,laura.garcia@gmail.com,Portugal,Oporto,54,M
3419,Álvaro,Fernández Ruiz,alvaro.fernandez1@outlook.com,España,Madrid,27,F
3420,Javier,Sánchez Sánchez,javier.sanchez1@hotmail.com,España,Valencia,41,F
3421,Ana,García Vázquez,ana.garcia2@yahoo.com,Reino Unido,Londres,45,F
3422,María,Fernández Álvarez,maria.fernandez1@hotmail.com,Italia,Milán,29,M
3423,Alberto,García Moreno,alberto.garcia1@hotmail.com,Reino Unido,Manchester,45,M
3424,María,Fernández Gómez,maria.fernandez@live.com,España,Valencia,42,M
3425,Javier,Torres García,javier.torres6@live.com,México,Monterrey,52,M
3426,Álvaro,Pérez Moreno,alvaro.perez3@gmail.com,Italia,Nápoles,30,F
3427,Pablo,Díaz Romero,pablo.diaz3@outlook.com,Italia,Milán,22,M
3428,María,Álvarez Moreno,maria.alvarez@outlook.com,Italia,Nápoles,29,Otro/NA
3429,Elena,Vázquez Álvarez,elena.vazquez4@yahoo.com,México,CDMX,37,M
3430,María,Fernández Fernández,maria.fernandez1@yahoo.com,Italia,Milán,35,M
3431,Raquel,López Gil,raquel.lopez2@live.com,Italia,Nápoles,31,F
3432,Sergio,Hernández Vázquez,sergio.hernandez2@icloud.com,Argentina,Rosario,18,F
3433,Carlos,Romero Fernández,carlos.romero2@live.com,Reino Unido,Manchester,39,M
3434,Laura,Pérez Muñoz,laura.perez1@outlook.com,Francia,Lyon,54,F
3435,Cristina,Torres Moreno,cristina.torres3@yahoo.com,Portugal,Oporto,39,F
3436,Javier,Álvarez Gómez,javier.alvarez1@live.com,España,Sevilla,41,F
3437,Alberto,García García,alberto.garcia2@hotmail.com,España,Madrid,40,F
3438,Diego,Sánchez Fernández,diego.sanchez3@live.com,Italia,Nápoles,38,M
3439,Juan,Gómez Romero,juan.gomez2@hotmail.com,Argentina,Rosario,44,F
3440,Ana,Pérez Moreno,ana.perez3@hotmail.com,Argentina,Buenos Aires,38,F
3441,Marta,Romero Domínguez,marta.romero3@yahoo.com,España,Valencia,31,M
3442,Lucía,Torres Fernández,lucia.torres2@outlook.com,Alemania,Berlín,27,M
3443,Juan,Torres García,juan.torres1@hotmail.com,España,Sevilla,32,F
3444,Javier,García Ramos,javier.garcia@live.com,Argentina,Córdoba,38,M
3445,Cristina,Romero Hernández,cristina.romero1@live.com,Argentina,Rosario,31,M
3446,Alberto,Ramos Jiménez,alberto.ramos3@hotmail.com,Portugal,Lisboa,38,Otro/NA
3447,Pablo,Díaz Sánchez,pablo.diaz1@yahoo.com,Reino Unido,Manchester,39,M
3448,Patricia,Fernández Moreno,patricia.fernandez4@yahoo.com,Portugal,Lisboa,43,M
3449,Lucía,Hernández Ruiz,lucia.hernandez@outlook.com,Italia,Nápoles,47,F
3450,Sofía,Ramos Domínguez,sofia.ramos1@yahoo.com,España,Sevilla,35,F
3451,Carlos,Muñoz García,carlos.munoz@gmail.com,Francia,Marsella,21,M
3452,Cristina,Martínez Gil,cristina.martinez@outlook.com,Portugal,Lisboa,31,F
3453,Ana,Jiménez Ruiz,ana.jimenez1@gmail.com,Portugal,Oporto,35,F
3454,Raquel,García Martínez,raquel.garcia1@yahoo.com,España,Bilbao,18,F
3455,Lucía,Sánchez Ruiz,lucia.sanchez1@yahoo.com,Argentina,Buenos Aires,48,M
3456,Sofía,Álvarez Torres,sofia.alvarez2@hotmail.com,España,Barcelona,36,M
3457,Sofía,Álvarez Muñoz,sofia.alvarez2@gmail.com,Alemania,Berlín,38,M
3458,Juan,Torres Martínez,juan.torres3@gmail.com,Portugal,Oporto,48,F
3459,Alberto,Ramos Ruiz,alberto.ramos@live.com,Portugal,Lisboa,28,F
3460,Ana,Gil Ruiz,ana.gil1@yahoo.com,Portugal,Oporto,40,F
3461,Javier,Vázquez Martínez,javier.vazquez@icloud.com,España,Sevilla,33,F
3462,Sergio,Hernández Ramos,sergio.hernandez@outlook.com,España,Sevilla,33,F
3463,Marta,Martínez García,marta.martinez3@hotmail.com,Italia,Nápoles,27,M
3464,Elena,Torres Torres,elena.torres2@yahoo.com,Italia,Milán,51,F
3465,Raquel,Muñoz Gil,raquel.munoz4@gmail.com,España,Valencia,31,F
3466,Elena,Torres Romero,elena.torres3@outlook.com,Portugal,Lisboa,41,F
3467,Elena,Domínguez Torres,elena.dominguez1@hotmail.com,Francia,París,18,M
3468,Patricia,Ramos Gómez,patricia.ramos4@outlook.com,Portugal,Oporto,46,F
3469,Marta,Gil Torres,marta.gil@outlook.com,México,CDMX,45,M
3470,Javier,Torres Vázquez,javier.torres1@hotmail.com,España,Barcelona,35,M
3471,Lucía,Díaz Sánchez,lucia.diaz4@yahoo.com,España,Sevilla,32,F
3472,Laura,Martínez Martínez,laura.martinez@gmail.com,Reino Unido,Londres,39,F
3473,Ana,Domínguez Moreno,ana.dominguez1@yahoo.com,Italia,Roma,57,M
3474,Sofía,García García,sofia.garcia@icloud.com,Portugal,Lisboa,18,F
3475,Carlos,Álvarez Gil,carlos.alvarez4@gmail.com,México,CDMX,42,M
3476,Ana,Ramos Pérez,ana.ramos2@icloud.com,Reino Unido,Londres,25,M
3477,Carlos,Jiménez Gómez,carlos.jimenez1@yahoo.com,Argentina,Buenos Aires,34,M
3478,David,Vázquez Pérez,david.vazquez@outlook.com,Alemania,Berlín,32,F
3479,Patricia,López López,patricia.lopez3@outlook.com,Alemania,Berlín,30,Otro/NA
3480,Patricia,Ruiz Álvarez,patricia.ruiz2@live.com,Francia,Marsella,34,F
3481,Elena,Álvarez Sánchez,elena.alvarez@hotmail.com,España,Sevilla,23,F
3482,Alberto,Torres Martínez,alberto.torres4@yahoo.com,Italia,Nápoles,45,M
3483,Carlos,Sánchez Romero,carlos.sanchez1@hotmail.com,España,Madrid,18,M
3484,Álvaro,Torres Martínez,alvaro.torres2@live.com,Argentina,Buenos Aires,40,F
3485,Pablo,Gil Jiménez,pablo.gil2@outlook.com,Italia,Nápoles,31,M
3486,Laura,Moreno Sánchez,laura.moreno@yahoo.com,Italia,Milán,23,F
3487,Patricia,Romero Vázquez,patricia.romero@yahoo.com,España,Bilbao,37,F
3488,Sergio,Álvarez Ruiz,sergio.alvarez2@outlook.com,España,Sevilla,19,Otro/NA
3489,Patricia,García Fernández,patricia.garcia@hotmail.com,España,Bilbao,35,M
3490,Marta,Gómez Gil,marta.gomez3@yahoo.com,Francia,París,20,F
3491,Carlos,Hernández García,carlos.hernandez2@hotmail.com,España,Madrid,39,F
3492,Lucía,Fernández Jiménez,lucia.fernandez3@yahoo.com,Italia,Milán,25,M
3493,David,Torres Jiménez,david.torres1@hotmail.com,México,CDMX,30,F
3494,Sergio,Moreno Gómez,sergio.moreno1@gmail.com,México,Guadalajara,37,M
3495,Andrés,Romero Ramos,andres.romero1@hotmail.com,Portugal,Oporto,27,M
3496,Juan,Díaz Moreno,juan.diaz@live.com,España,Madrid,34,M
3497,Laura,Domínguez Domínguez,laura.dominguez1@yahoo.com,México,Monterrey,19,M
3498,Elena,Díaz García,elena.diaz1@yahoo.com,México,CDMX,41,F
3499,Ana,Ramos Muñoz,ana.ramos@hotmail.com,España,Bilbao,52,M
3500,Lucía,Jiménez Álvarez,lucia.jimenez@icloud.com,Reino Unido,Londres,62,M
3501,Javier,Gil Martínez,javier.gil2@icloud.com,España,Valencia,35,M
3502,Pablo,Romero López,pablo.romero@live.com,Reino Unido,Londres,42,M
3503,Raquel,Pérez Fernández,raquel.perez3@hotmail.com,Argentina,Rosario,18,M
3504,Cristina,Hernández Domínguez,cristina.hernandez@gmail.com,España,Bilbao,50,M
3505,Juan,Muñoz Pérez,juan.munoz@outlook.com,México,Monterrey,42,F
3506,Sergio,Álvarez Ruiz,sergio.alvarez3@live.com,Italia,Milán,30,F
3507,Marta,Moreno López,marta.moreno1@outlook.com,Argentina,Rosario,47,F
3508,David,Torres Gómez,david.torres1@icloud.com,Francia,Lyon,32,F
3509,María,Gómez Romero,maria.gomez1@outlook.com,México,CDMX,30,M
3510,Raquel,Gil Martínez,raquel.gil@live.com,España,Bilbao,39,F
3511,Patricia,Fernández Ruiz,patricia.fernandez@gmail.com,España,Valencia,24,F
3512,Álvaro,Hernández Gil,alvaro.hernandez1@outlook.com,España,Madrid,45,M
3513,Álvaro,López Fernández,alvaro.lopez2@live.com,Argentina,Córdoba,24,F
3514,Javier,Torres Domínguez,javier.torres1@icloud.com,Reino Unido,Londres,24,M
3515,Carlos,Pérez Álvarez,carlos.perez1@outlook.com,México,CDMX,25,M
3516,Patricia,Gómez Gómez,patricia.gomez1@live.com,Argentina,Buenos Aires,42,F
3517,Carlos,Fernández García,carlos.fernandez@yahoo.com,España,Barcelona,28,M
3518,Ana,Gómez Hernández,ana.gomez1@gmail.com,España,Sevilla,21,M
3519,Carlos,Gil Ruiz,carlos.gil3@gmail.com,España,Sevilla,28,M
3520,María,Torres Vázquez,maria.torres@icloud.com,España,Valencia,34,M
3521,Juan,Sánchez Moreno,juan.sanchez4@gmail.com,España,Barcelona,23,M
3522,Javier,Álvarez Sánchez,javier.alvarez3@hotmail.com,Francia,París,23,F
3523,Ana,Torres Jiménez,ana.torres2@outlook.com,España,Bilbao,56,F
3524,Laura,Hernández Romero,laura.hernandez1@outlook.com,España,Sevilla,26,F
3525,Raquel,Díaz Ramos,raquel.diaz@hotmail.com,España,Barcelona,31,M
3526,Pablo,Fernández López,pablo.fernandez4@live.com,España,Barcelona,31,Otro/NA
3527,Lucía,Vázquez Ramos,lucia.vazquez5@icloud.com,Argentina,Buenos Aires,30,F
3528,Sofía,Martínez Romero,sofia.martinez2@icloud.com,Reino Unido,Manchester,41,M
3529,Sofía,García López,sofia.garcia1@icloud.com,Argentina,Córdoba,44,F
3530,Marta,Moreno Sánchez,marta.moreno@icloud.com,Francia,París,31,F
3531,Lucía,Ruiz López,lucia.ruiz1@hotmail.com,España,Barcelona,22,F
3532,María,Moreno Gómez,maria.moreno1@live.com,Reino Unido,Londres,47,M
3533,Lucía,Gómez López,lucia.gomez2@yahoo.com,España,Sevilla,34,M
3534,Laura,Gómez Gómez,laura.gomez2@icloud.com,España,Barcelona,52,F
3535,Patricia,Domínguez Jiménez,patricia.dominguez@gmail.com,España,Sevilla,18,F
3536,Ana,Martínez Ramos,ana.martinez2@hotmail.com,España,Valencia,36,F
3537,Lucía,López García,lucia.lopez2@gmail.com,España,Valencia,54,F
3538,Elena,Jiménez Gómez,elena.jimenez3@outlook.com,España,Bilbao,31,F
3539,Carlos,Álvarez García,carlos.alvarez2@live.com,Portugal,Oporto,32,M
3540,Juan,Sánchez Fernández,juan.sanchez@icloud.com,España,Barcelona,37,F
3541,Patricia,Gil Moreno,patricia.gil1@yahoo.com,España,Barcelona,29,M
3542,Juan,Díaz Romero,juan.diaz2@icloud.com,Reino Unido,Londres,31,F
3543,David,Sánchez López,david.sanchez5@outlook.com,España,Bilbao,31,F
3544,Sofía,Vázquez Díaz,sofia.vazquez@gmail.com,España,Barcelona,28,M
3545,Alberto,Díaz Hernández,alberto.diaz1@yahoo.com,México,CDMX,47,F
3546,Raquel,Torres Fernández,raquel.torres@hotmail.com,España,Valencia,39,M
3547,Diego,Ruiz Pérez,diego.ruiz4@hotmail.com,España,Valencia,37,M
3548,María,Jiménez Hernández,maria.jimenez4@gmail.com,Alemania,Múnich,43,M
3549,Raquel,Moreno Martínez,raquel.moreno1@live.com,España,Sevilla,32,M
3550,Alberto,Martínez Muñoz,alberto.martinez@outlook.com,Italia,Roma,27,M
3551,David,Vázquez Hernández,david.vazquez1@live.com,Reino Unido,Manchester,28,M
3552,Pablo,Ruiz Gómez,pablo.ruiz2@yahoo.com,España,Bilbao,35,F
3553,Laura,Pérez Ruiz,laura.perez2@outlook.com,Italia,Nápoles,24,F
3554,David,Domínguez Pérez,david.dominguez3@live.com,Alemania,Múnich,29,F
3555,Marta,Gil Ramos,marta.gil1@outlook.com,España,Bilbao,29,M
3556,Marta,Sánchez Jiménez,marta.sanchez@icloud.com,Italia,Nápoles,56,F
3557,Patricia,Martínez Álvarez,patricia.martinez1@hotmail.com,España,Bilbao,18,F
3558,Ana,Romero Díaz,ana.romero1@live.com,Alemania,Múnich,33,M
3559,Juan,Romero Fernández,juan.romero2@yahoo.com,España,Madrid,52,F
3560,Andrés,Sánchez Ruiz,andres.sanchez2@live.com,Francia,Lyon,36,M
3561,Andrés,Sánchez Fernández,andres.sanchez@icloud.com,España,Sevilla,42,F
3562,Andrés,Gil Gómez,andres.gil@icloud.com,México,CDMX,35,M
3563,Javier,Gil Hernández,javier.gil3@icloud.com,España,Barcelona,28,M
3564,Sergio,Sánchez Ruiz,sergio.sanchez3@outlook.com,Francia,París,18,F
3565,Diego,Vázquez Romero,diego.vazquez1@gmail.com,Francia,Lyon,37,M
3566,Alberto,Martínez Ruiz,alberto.martinez@yahoo.com,Reino Unido,Manchester,27,M
3567,Álvaro,Domínguez López,alvaro.dominguez2@yahoo.com,Italia,Nápoles,26,F
3568,Diego,Sánchez Torres,diego.sanchez@icloud.com,Portugal,Oporto,30,F
3569,Juan,Gómez Moreno,juan.gomez3@hotmail.com,Reino Unido,Londres,52,F
3570,Lucía,Sánchez Ramos,lucia.sanchez2@hotmail.com,México,Monterrey,59,M
3571,Marta,Fernández Moreno,marta.fernandez1@outlook.com,España,Valencia,37,M
3572,Raquel,Moreno Moreno,raquel.moreno@gmail.com,Alemania,Berlín,30,F
3573,Ana,Gómez Domínguez,ana.gomez1@outlook.com,México,Monterrey,23,M
3574,Alberto,Hernández Romero,alberto.hernandez3@outlook.com,Argentina,Córdoba,39,M
3575,Laura,Romero Gómez,laura.romero1@yahoo.com,México,Guadalajara,52,F
3576,Cristina,Domínguez Martínez,cristina.dominguez2@hotmail.com,España,Valencia,32,M
3577,Javier,Torres Ramos,javier.torres2@icloud.com,España,Bilbao,18,M
3578,Álvaro,Sánchez Muñoz,alvaro.sanchez1@outlook.com,Alemania,Hamburgo,41,M
3579,María,Pérez Pérez,maria.perez1@yahoo.com,Reino Unido,Londres,44,M
3580,Raquel,Moreno Vázquez,raquel.moreno2@hotmail.com,Alemania,Múnich,19,M
3581,Pablo,Jiménez Ramos,pablo.jimenez1@yahoo.com,Alemania,Múnich,36,M
3582,Diego,Pérez Fernández,diego.perez@icloud.com,México,Monterrey,39,M
3583,Álvaro,Sánchez Álvarez,alvaro.sanchez3@gmail.com,España,Barcelona,34,F
3584,Diego,Fernández Moreno,diego.fernandez5@live.com,México,CDMX,27,F
3585,Pablo,Romero Hernández,pablo.romero4@gmail.com,Francia,Marsella,45,M
3586,Sofía,Álvarez Fernández,sofia.alvarez3@gmail.com,España,Valencia,30,F
3587,Cristina,García Jiménez,cristina.garcia3@icloud.com,Francia,Lyon,20,M
3588,Elena,Díaz Domínguez,elena.diaz3@hotmail.com,Reino Unido,Londres,18,M
3589,Raquel,Torres Vázquez,raquel.torres1@hotmail.com,España,Valencia,47,M
3590,Marta,Jiménez Ruiz,marta.jimenez3@yahoo.com,España,Barcelona,41,F
3591,David,Hernández López,david.hernandez4@gmail.com,Argentina,Córdoba,35,F
3592,María,Domínguez Domínguez,maria.dominguez2@hotmail.com,España,Sevilla,30,F
3593,Elena,Gómez Fernández,elena.gomez@yahoo.com,Italia,Milán,29,M
3594,Andrés,López Ruiz,andres.lopez2@yahoo.com,Italia,Milán,24,M
3595,Javier,Ruiz Fernández,javier.ruiz3@icloud.com,Alemania,Berlín,30,F
3596,María,Moreno Romero,maria.moreno2@live.com,Portugal,Lisboa,18,M
3597,Marta,Álvarez Ruiz,marta.alvarez2@gmail.com,España,Valencia,27,F
3598,Juan,Moreno Martínez,juan.moreno2@gmail.com,Alemania,Hamburgo,31,F
3599,Diego,Díaz Sánchez,diego.diaz3@live.com,España,Barcelona,41,F
3600,Cristina,Pérez Domínguez,cristina.perez2@icloud.com,Portugal,Lisboa,34,F
3601,Pablo,Domínguez Gómez,pablo.dominguez3@yahoo.com,España,Sevilla,42,F
3602,Sofía,Álvarez Torres,sofia.alvarez2@live.com,Italia,Roma,48,F
3603,Javier,Díaz Pérez,javier.diaz1@hotmail.com,España,Sevilla,45,F
3604,David,Pérez Romero,david.perez2@hotmail.com,España,Valencia,39,M
3605,Carlos,Álvarez Ramos,carlos.alvarez3@live.com,España,Bilbao,35,F
3606,Javier,Álvarez Jiménez,javier.alvarez4@hotmail.com,España,Madrid,25,M
3607,Javier,Álvarez Moreno,javier.alvarez5@hotmail.com,México,CDMX,42,M
3608,Marta,Romero Ramos,marta.romero4@outlook.com,España,Bilbao,51,M
3609,Álvaro,Domínguez Muñoz,alvaro.dominguez6@gmail.com,Argentina,Buenos Aires,38,M
3610,Juan,Moreno Ramos,juan.moreno3@gmail.com,Argentina,Buenos Aires,54,F
3611,Javier,García Martínez,javier.garcia1@outlook.com,Italia,Nápoles,19,F
3612,Sofía,Romero Jiménez,sofia.romero4@gmail.com,España,Valencia,23,M
3613,Raquel,Pérez Sánchez,raquel.perez4@icloud.com,España,Bilbao,43,M
3614,Pablo,García Moreno,pablo.garcia1@yahoo.com,Reino Unido,Londres,37,F
3615,David,Domínguez García,david.dominguez@gmail.com,España,Barcelona,48,F
3616,David,López Gómez,david.lopez1@outlook.com,España,Bilbao,34,F
3617,Javier,López Álvarez,javier.lopez1@live.com,Alemania,Múnich,26,M
3618,Sofía,Jiménez Torres,sofia.jimenez3@icloud.com,México,CDMX,32,F
3619,Elena,Jiménez Jiménez,elena.jimenez@yahoo.com,Reino Unido,Londres,19,F
3620,Pablo,Muñoz Jiménez,pablo.munoz1@hotmail.com,España,Valencia,23,M
3621,Sofía,Gómez Sánchez,sofia.gomez2@gmail.com,Portugal,Oporto,44,M
3622,María,Álvarez Gómez,maria.alvarez1@outlook.com,España,Barcelona,43,M
3623,Pablo,Martínez Moreno,pablo.martinez1@hotmail.com,España,Madrid,38,M
3624,Sofía,Muñoz Hernández,sofia.munoz2@icloud.com,México,CDMX,18,Otro/NA
3625,Sofía,Martínez Gómez,sofia.martinez@gmail.com,España,Bilbao,31,M
3626,Ana,Pérez Romero,ana.perez3@gmail.com,España,Valencia,22,M
3627,Sofía,Ramos Vázquez,sofia.ramos2@outlook.com,España,Valencia,46,M
3628,Laura,Martínez Gómez,laura.martinez1@icloud.com,México,Monterrey,29,M
3629,Diego,Domínguez García,diego.dominguez2@icloud.com,Reino Unido,Manchester,24,F
3630,Álvaro,Hernández Romero,alvaro.hernandez1@live.com,Italia,Roma,35,M
3631,Sergio,Álvarez Gil,sergio.alvarez4@live.com,Reino Unido,Manchester,28,F
3632,David,Muñoz Romero,david.munoz@hotmail.com,España,Barcelona,49,M
3633,Diego,Vázquez Ramos,diego.vazquez2@gmail.com,Francia,Lyon,27,F
3634,Juan,Hernández Ramos,juan.hernandez1@yahoo.com,España,Barcelona,21,F
3635,Lucía,Jiménez Álvarez,lucia.jimenez1@live.com,España,Sevilla,18,F
3636,Juan,Moreno Muñoz,juan.moreno@outlook.com,Alemania,Berlín,34,F
3637,Javier,García Torres,javier.garcia2@icloud.com,Argentina,Rosario,29,F
3638,Andrés,Ruiz Díaz,andres.ruiz2@hotmail.com,España,Valencia,20,M
3639,Javier,Domínguez Ruiz,javier.dominguez2@live.com,España,Barcelona,46,F
3640,María,Gil Moreno,maria.gil2@live.com,España,Madrid,41,F
3641,Cristina,Pérez Gil,cristina.perez3@live.com,España,Sevilla,34,F
3642,Diego,Muñoz Jiménez,diego.munoz1@gmail.com,México,Guadalajara,48,M
3643,María,Romero Torres,maria.romero1@yahoo.com,Francia,París,41,M
3644,Elena,Fernández Muñoz,elena.fernandez3@hotmail.com,Francia,Lyon,26,F
3645,Andrés,Vázquez Hernández,andres.vazquez2@yahoo.com,Reino Unido,Manchester,24,M
3646,Laura,Gil Martínez,laura.gil@outlook.com,España,Bilbao,43,M
3647,Ana,Gil Díaz,ana.gil2@gmail.com,Alemania,Hamburgo,38,M
3648,Elena,Romero Domínguez,elena.romero1@gmail.com,Francia,París,36,F
3649,David,Moreno Sánchez,david.moreno2@icloud.com,Italia,Nápoles,26,Otro/NA
3650,Elena,Muñoz Álvarez,elena.munoz1@icloud.com,Argentina,Rosario,41,F
3651,Juan,Fernández Álvarez,juan.fernandez@hotmail.com,Reino Unido,Manchester,27,M
3652,María,Hernández Ruiz,maria.hernandez2@icloud.com,España,Madrid,33,M
3653,Ana,López Ramos,ana.lopez@outlook.com,México,CDMX,49,M
3654,Sofía,Martínez Muñoz,sofia.martinez1@gmail.com,España,Barcelona,28,F
3655,Ana,Vázquez Ramos,ana.vazquez2@yahoo.com,España,Madrid,19,F
3656,Carlos,Jiménez García,carlos.jimenez3@live.com,España,Barcelona,24,M
3657,Cristina,Muñoz Gómez,cristina.munoz2@outlook.com,España,Bilbao,44,F
3658,Pablo,Pérez Domínguez,pablo.perez2@outlook.com,Alemania,Berlín,37,F
3659,Lucía,Domínguez Gómez,lucia.dominguez1@yahoo.com,Italia,Roma,33,M
3660,Pablo,Vázquez Hernández,pablo.vazquez3@icloud.com,Argentina,Córdoba,29,M
3661,Raquel,Hernández Gil,raquel.hernandez@live.com,Alemania,Hamburgo,39,Otro/NA
3662,Sofía,Fernández Domínguez,sofia.fernandez1@hotmail.com,Alemania,Hamburgo,26,M
3663,Carlos,López Fernández,carlos.lopez@gmail.com,España,Barcelona,38,F
3664,Elena,Domínguez Ramos,elena.dominguez2@live.com,España,Barcelona,27,M
3665,Sergio,Vázquez Pérez,sergio.vazquez1@gmail.com,Alemania,Berlín,26,F
3666,Elena,Hernández Pérez,elena.hernandez2@live.com,Francia,Marsella,28,F
3667,Ana,Domínguez Jiménez,ana.dominguez1@icloud.com,México,CDMX,31,F
3668,David,Jiménez Martínez,david.jimenez@gmail.com,España,Barcelona,34,F
3669,Alberto,Gómez López,alberto.gomez2@live.com,España,Barcelona,37,F
3670,Diego,García Hernández,diego.garcia@outlook.com,Francia,París,18,F
3671,Elena,García Pérez,elena.garcia2@hotmail.com,España,Barcelona,26,M
3672,David,Vázquez Moreno,david.vazquez@hotmail.com,España,Madrid,31,M
3673,Álvaro,Ramos Romero,alvaro.ramos2@hotmail.com,Reino Unido,Manchester,50,F
3674,Andrés,Ruiz Muñoz,andres.ruiz3@hotmail.com,España,Valencia,24,F
3675,Pablo,Díaz Gómez,pablo.diaz2@live.com,Italia,Nápoles,36,M
3676,Javier,Hernández Romero,javier.hernandez2@gmail.com,España,Madrid,49,M
3677,Sofía,Álvarez García,sofia.alvarez3@live.com,España,Valencia,21,F
3678,David,Domínguez Pérez,david.dominguez1@hotmail.com,España,Bilbao,38,M
3679,Raquel,Sánchez Fernández,raquel.sanchez2@hotmail.com,Reino Unido,Londres,26,F
3680,Sergio,Martínez Gómez,sergio.martinez2@hotmail.com,España,Sevilla,29,F
3681,Sergio,Moreno Hernández,sergio.moreno6@hotmail.com,Reino Unido,Manchester,26,F
3682,Ana,Ruiz Hernández,ana.ruiz1@hotmail.com,España,Bilbao,27,M
3683,David,Domínguez López,david.dominguez@outlook.com,Reino Unido,Manchester,62,M
3684,María,Moreno Gómez,maria.moreno1@yahoo.com,España,Sevilla,43,M
3685,Sofía,Sánchez Díaz,sofia.sanchez@gmail.com,Portugal,Oporto,46,M
3686,Raquel,Martínez Fernández,raquel.martinez@live.com,Italia,Roma,39,F
3687,Sofía,Sánchez Álvarez,sofia.sanchez@yahoo.com,Argentina,Buenos Aires,18,F
3688,Juan,Romero López,juan.romero@hotmail.com,España,Bilbao,38,M
3689,David,Hernández Díaz,david.hernandez1@icloud.com,España,Madrid,45,M
3690,Andrés,Ramos Pérez,andres.ramos3@hotmail.com,España,Bilbao,26,M
3691,Elena,García Vázquez,elena.garcia2@gmail.com,México,Guadalajara,44,Otro/NA
3692,Andrés,Romero Moreno,andres.romero1@gmail.com,Alemania,Múnich,42,M
3693,Javier,Jiménez García,javier.jimenez3@live.com,Reino Unido,Londres,53,F
3694,Sofía,Díaz Torres,sofia.diaz@live.com,España,Sevilla,30,F
3695,Carlos,Ramos Gómez,carlos.ramos1@hotmail.com,España,Valencia,24,F
3696,Diego,Ramos Moreno,diego.ramos1@outlook.com,España,Valencia,31,F
3697,Ana,Vázquez Sánchez,ana.vazquez1@live.com,Argentina,Buenos Aires,49,M
3698,Elena,Gil Torres,elena.gil1@outlook.com,Portugal,Lisboa,18,F
3699,Lucía,Díaz Vázquez,lucia.diaz3@live.com,Argentina,Buenos Aires,18,M
3700,Javier,Moreno Muñoz,javier.moreno@yahoo.com,España,Sevilla,35,F
3701,Pablo,Hernández Fernández,pablo.hernandez1@hotmail.com,Italia,Roma,30,M
3702,Elena,Hernández Torres,elena.hernandez3@live.com,Portugal,Oporto,35,F
3703,David,Ramos Muñoz,david.ramos@gmail.com,España,Sevilla,44,M
3704,Lucía,Pérez Romero,lucia.perez1@hotmail.com,México,Monterrey,29,F
3705,Elena,Muñoz Díaz,elena.munoz1@yahoo.com,Argentina,Rosario,18,M
3706,Patricia,Domínguez Sánchez,patricia.dominguez1@yahoo.com,México,Guadalajara,55,F
3707,María,Díaz Muñoz,maria.diaz2@gmail.com,Reino Unido,Londres,25,F
3708,Marta,Sánchez Pérez,marta.sanchez@hotmail.com,España,Valencia,24,M
3709,Laura,Jiménez Jiménez,laura.jimenez1@outlook.com,España,Bilbao,46,F
3710,Javier,Domínguez Pérez,javier.dominguez2@gmail.com,Argentina,Córdoba,31,F
3711,Lucía,Ramos Muñoz,lucia.ramos6@icloud.com,España,Sevilla,34,M
3712,Pablo,Fernández Jiménez,pablo.fernandez@hotmail.com,Portugal,Oporto,39,F
3713,Marta,Moreno Hernández,marta.moreno@live.com,Portugal,Oporto,45,F
3714,Carlos,Romero Álvarez,carlos.romero@yahoo.com,Italia,Milán,31,F
3715,María,Sánchez Gil,maria.sanchez1@gmail.com,Argentina,Rosario,50,M
3716,Juan,Pérez Muñoz,juan.perez@gmail.com,España,Valencia,18,M
3717,Raquel,Álvarez Vázquez,raquel.alvarez2@hotmail.com,España,Madrid,42,F
3718,Patricia,Álvarez López,patricia.alvarez@hotmail.com,España,Bilbao,26,M
3719,Alberto,López Moreno,alberto.lopez3@gmail.com,Francia,Lyon,48,F
3720,David,López Torres,david.lopez2@hotmail.com,España,Barcelona,36,M
3721,Alberto,Martínez Ramos,alberto.martinez1@yahoo.com,España,Barcelona,28,M
3722,Diego,Álvarez García,diego.alvarez@gmail.com,México,Guadalajara,41,F
3723,Raquel,Pérez Díaz,raquel.perez1@yahoo.com,Argentina,Rosario,43,F
3724,Pablo,Torres Gil,pablo.torres4@hotmail.com,España,Barcelona,41,F
3725,Álvaro,Fernández Gómez,alvaro.fernandez1@live.com,España,Madrid,24,M
3726,Raquel,Romero Díaz,raquel.romero1@hotmail.com,Argentina,Rosario,30,M
3727,Carlos,López Moreno,carlos.lopez1@outlook.com,España,Barcelona,34,M
3728,Diego,Moreno Moreno,diego.moreno1@live.com,España,Sevilla,34,F
3729,Sofía,Domínguez Jiménez,sofia.dominguez1@icloud.com,España,Barcelona,42,F
3730,Javier,Muñoz Domínguez,javier.munoz2@live.com,Italia,Roma,18,F
3731,David,Ramos García,david.ramos3@icloud.com,España,Madrid,38,M
3732,Patricia,Vázquez Gil,patricia.vazquez1@live.com,Argentina,Buenos Aires,32,F
3733,Lucía,Domínguez Gil,lucia.dominguez3@icloud.com,Francia,París,26,M
3734,Juan,Muñoz Muñoz,juan.munoz3@icloud.com,Alemania,Berlín,27,F
3735,Sergio,Ruiz López,sergio.ruiz3@icloud.com,España,Valencia,32,M
3736,María,Ramos Díaz,maria.ramos2@outlook.com,Francia,Marsella,18,F
3737,Elena,Torres Pérez,elena.torres3@yahoo.com,Portugal,Lisboa,27,M
3738,Marta,Álvarez Torres,marta.alvarez4@hotmail.com,Reino Unido,Londres,26,M
3739,Carlos,Romero Fernández,carlos.romero1@icloud.com,Reino Unido,Manchester,40,M
3740,Lucía,Torres Martínez,lucia.torres3@icloud.com,Italia,Roma,26,M
3741,Elena,Álvarez Fernández,elena.alvarez@live.com,México,Monterrey,32,M
3742,David,Gómez Hernández,david.gomez4@icloud.com,Reino Unido,Manchester,50,M
3743,Raquel,Pérez Álvarez,raquel.perez4@hotmail.com,Reino Unido,Londres,44,M
3744,David,Domínguez López,david.dominguez1@yahoo.com,España,Madrid,44,F
3745,Lucía,Pérez Jiménez,lucia.perez@yahoo.com,España,Valencia,30,M
3746,Álvaro,Torres Muñoz,alvaro.torres@hotmail.com,España,Sevilla,40,F
3747,Lucía,Romero Gómez,lucia.romero1@icloud.com,Portugal,Lisboa,32,M
3748,Elena,Pérez Álvarez,elena.perez2@yahoo.com,Francia,París,33,F
3749,Andrés,Domínguez Pérez,andres.dominguez1@outlook.com,Francia,Lyon,39,F
3750,Andrés,Domínguez Hernández,andres.dominguez2@outlook.com,México,Monterrey,29,M
3751,Diego,Sánchez Hernández,diego.sanchez1@outlook.com,México,Guadalajara,49,F
3752,María,Fernández Muñoz,maria.fernandez1@icloud.com,México,CDMX,33,M
3753,Alberto,Romero Torres,alberto.romero1@hotmail.com,España,Sevilla,41,F
3754,David,Torres Martínez,david.torres1@live.com,Portugal,Oporto,49,F
3755,Andrés,Martínez Ruiz,andres.martinez1@gmail.com,España,Bilbao,45,M
3756,Alberto,Gómez Álvarez,alberto.gomez@hotmail.com,España,Bilbao,20,M
3757,David,Vázquez Gómez,david.vazquez1@yahoo.com,España,Madrid,39,M
3758,Juan,Moreno Gómez,juan.moreno1@outlook.com,España,Barcelona,43,M
3759,Carlos,Sánchez Muñoz,carlos.sanchez2@yahoo.com,Francia,Marsella,43,F
3760,Elena,Gil Domínguez,elena.gil1@icloud.com,México,Monterrey,23,M
3761,Laura,Álvarez Sánchez,laura.alvarez1@yahoo.com,España,Barcelona,28,M
3762,Laura,Sánchez Romero,laura.sanchez1@gmail.com,Reino Unido,Londres,44,M
3763,Alberto,Sánchez López,alberto.sanchez2@icloud.com,Alemania,Hamburgo,27,M
3764,Álvaro,Moreno Moreno,alvaro.moreno2@gmail.com,España,Bilbao,32,M
3765,Álvaro,Ramos Sánchez,alvaro.ramos2@live.com,Alemania,Berlín,50,F
3766,Marta,Hernández Muñoz,marta.hernandez@hotmail.com,España,Madrid,34,M
3767,Sergio,Martínez García,sergio.martinez@gmail.com,Italia,Roma,27,F
3768,Sergio,Domínguez Gómez,sergio.dominguez3@hotmail.com,Francia,Lyon,26,M
3769,Javier,Pérez Jiménez,javier.perez@live.com,España,Sevilla,38,M
3770,Carlos,Sánchez Pérez,carlos.sanchez3@live.com,España,Sevilla,21,F
3771,Juan,Moreno Ramos,juan.moreno@icloud.com,Alemania,Berlín,32,M
3772,Raquel,Hernández Domínguez,raquel.hernandez2@gmail.com,México,Monterrey,38,M
3773,Sofía,Moreno Muñoz,sofia.moreno2@icloud.com,España,Barcelona,47,F
3774,Álvaro,Hernández Romero,alvaro.hernandez4@yahoo.com,Reino Unido,Londres,41,F
3775,Diego,Hernández García,diego.hernandez3@yahoo.com,Portugal,Lisboa,27,M
3776,Ana,Torres Torres,ana.torres@live.com,Argentina,Buenos Aires,46,F
3777,Juan,García Muñoz,juan.garcia1@icloud.com,México,Guadalajara,32,F
3778,Pablo,Pérez Álvarez,pablo.perez1@live.com,Italia,Roma,22,M
3779,María,Pérez Martínez,maria.perez1@live.com,Portugal,Lisboa,33,M
3780,Alberto,Ramos Hernández,alberto.ramos4@hotmail.com,México,Monterrey,49,M
3781,Lucía,Álvarez Álvarez,lucia.alvarez4@gmail.com,España,Valencia,36,M
3782,Sergio,Martínez Ruiz,sergio.martinez1@icloud.com,España,Barcelona,35,F
3783,Andrés,Hernández Sánchez,andres.hernandez2@hotmail.com,España,Bilbao,51,F
3784,Diego,Hernández Gil,diego.hernandez2@icloud.com,México,Guadalajara,20,F
3785,Laura,Fernández Romero,laura.fernandez1@hotmail.com,Reino Unido,Londres,22,M
3786,Carlos,Gómez Domínguez,carlos.gomez2@hotmail.com,España,Madrid,18,M
3787,María,Torres Moreno,maria.torres@hotmail.com,Italia,Roma,38,F
3788,Laura,García Torres,laura.garcia1@gmail.com,Francia,Lyon,36,M
3789,David,Sánchez Jiménez,david.sanchez1@icloud.com,España,Madrid,50,F
3790,Sergio,Vázquez Vázquez,sergio.vazquez1@icloud.com,Argentina,Córdoba,37,F
3791,Lucía,Moreno Moreno,lucia.moreno@icloud.com,España,Barcelona,30,F
3792,Diego,López Sánchez,diego.lopez@gmail.com,España,Valencia,35,M
3793,Carlos,Martínez Gómez,carlos.martinez@hotmail.com,Italia,Roma,36,M
3794,Sergio,Álvarez Álvarez,sergio.alvarez@icloud.com,Reino Unido,Londres,18,F
3795,Raquel,Torres Vázquez,raquel.torres3@icloud.com,España,Bilbao,62,F
3796,Diego,Ramos Muñoz,diego.ramos2@gmail.com,Portugal,Lisboa,40,F
3797,Diego,Hernández López,diego.hernandez3@outlook.com,Alemania,Múnich,37,M
3798,Marta,Ramos Pérez,marta.ramos@icloud.com,España,Bilbao,41,F
3799,Lucía,Romero García,lucia.romero2@icloud.com,España,Barcelona,42,F
3800,Álvaro,Jiménez Jiménez,alvaro.jimenez2@gmail.com,Italia,Milán,33,M
3801,Raquel,Muñoz Ramos,raquel.munoz5@outlook.com,España,Bilbao,28,F
3802,David,Torres Ruiz,david.torres3@outlook.com,Argentina,Buenos Aires,40,F
3803,Pablo,Gil Fernández,pablo.gil3@outlook.com,Reino Unido,Londres,38,M
3804,Raquel,Pérez Domínguez,raquel.perez5@icloud.com,Argentina,Buenos Aires,26,M
3805,Pablo,Pérez Gil,pablo.perez@hotmail.com,España,Sevilla,49,F
3806,David,Domínguez Romero,david.dominguez2@hotmail.com,Argentina,Córdoba,37,M
3807,Patricia,Romero Álvarez,patricia.romero3@gmail.com,Francia,Marsella,42,F
3808,Juan,Romero Martínez,juan.romero3@yahoo.com,España,Sevilla,48,M
3809,Marta,Romero Romero,marta.romero4@yahoo.com,España,Barcelona,35,M
3810,Patricia,Pérez Hernández,patricia.perez@hotmail.com,España,Sevilla,38,Otro/NA
3811,Patricia,Jiménez Martínez,patricia.jimenez3@hotmail.com,Portugal,Oporto,43,F
3812,Marta,López Sánchez,marta.lopez3@hotmail.com,Francia,París,27,M
3813,Javier,Gil Torres,javier.gil1@live.com,España,Barcelona,35,F
3814,Marta,Gil Romero,marta.gil4@live.com,Italia,Roma,36,M
3815,Sofía,Álvarez Moreno,sofia.alvarez4@gmail.com,España,Bilbao,25,M
3816,Juan,Muñoz Martínez,juan.munoz4@icloud.com,Italia,Roma,58,M
3817,Ana,Díaz Gil,ana.diaz3@hotmail.com,España,Bilbao,20,M
3818,Carlos,Muñoz Moreno,carlos.munoz1@icloud.com,México,Monterrey,22,F
3819,Lucía,Jiménez Ruiz,lucia.jimenez@yahoo.com,México,Guadalajara,48,F
3820,Pablo,Vázquez Álvarez,pablo.vazquez1@gmail.com,Francia,Marsella,42,Otro/NA
3821,Álvaro,Martínez Jiménez,alvaro.martinez3@yahoo.com,España,Barcelona,24,F
3822,Alberto,Romero Hernández,alberto.romero2@live.com,España,Barcelona,41,M
3823,Sofía,Ruiz García,sofia.ruiz1@live.com,Reino Unido,Manchester,49,F
3824,Javier,López Vázquez,javier.lopez1@icloud.com,España,Sevilla,34,Otro/NA
3825,Álvaro,Gómez Ruiz,alvaro.gomez@gmail.com,España,Madrid,60,F
3826,Juan,García Gómez,juan.garcia2@live.com,España,Bilbao,18,F
3827,Raquel,Ramos Hernández,raquel.ramos1@outlook.com,Francia,Lyon,41,F
3828,Cristina,Hernández Moreno,cristina.hernandez1@yahoo.com,Alemania,Hamburgo,46,M
3829,Alberto,Vázquez Álvarez,alberto.vazquez1@hotmail.com,México,CDMX,43,F
3830,Álvaro,Sánchez García,alvaro.sanchez@live.com,España,Bilbao,32,F
3831,Diego,Vázquez Romero,diego.vazquez1@outlook.com,España,Sevilla,32,F
3832,Sofía,López Jiménez,sofia.lopez1@outlook.com,Reino Unido,Londres,39,M
3833,Javier,Fernández Hernández,javier.fernandez4@gmail.com,México,Guadalajara,43,F
3834,Diego,Gil Martínez,diego.gil3@gmail.com,España,Sevilla,41,F
3835,Sergio,Vázquez Gil,sergio.vazquez2@gmail.com,Francia,París,45,M
3836,Lucía,Ramos Sánchez,lucia.ramos2@gmail.com,España,Barcelona,24,F
3837,Raquel,Martínez Moreno,raquel.martinez1@live.com,Argentina,Córdoba,32,M
3838,Juan,Ramos Martínez,juan.ramos1@live.com,España,Bilbao,25,M
3839,Cristina,Domínguez Vázquez,cristina.dominguez1@gmail.com,Argentina,Córdoba,31,M
3840,Sofía,Fernández Muñoz,sofia.fernandez@live.com,Portugal,Lisboa,45,F
3841,Cristina,Torres Díaz,cristina.torres2@gmail.com,Alemania,Berlín,36,M
3842,Sofía,Domínguez Gómez,sofia.dominguez@gmail.com,España,Madrid,61,F
3843,Andrés,García López,andres.garcia1@outlook.com,Francia,París,36,M
3844,Ana,Sánchez Vázquez,ana.sanchez@hotmail.com,Francia,París,35,M
3845,Carlos,Vázquez Sánchez,carlos.vazquez1@live.com,España,Bilbao,36,M
3846,Patricia,Gómez Pérez,patricia.gomez2@live.com,Portugal,Lisboa,28,M
3847,David,García Pérez,david.garcia1@icloud.com,Argentina,Buenos Aires,34,F
3848,David,Ruiz Torres,david.ruiz2@gmail.com,Italia,Roma,46,F
3849,Laura,Fernández Álvarez,laura.fernandez@gmail.com,Portugal,Lisboa,36,M
3850,Laura,Díaz Ruiz,laura.diaz@live.com,España,Madrid,27,M
3851,Ana,Ramos Moreno,ana.ramos1@hotmail.com,Francia,Marsella,25,F
3852,Juan,Romero Romero,juan.romero4@yahoo.com,España,Bilbao,30,M
3853,Alberto,López Gil,alberto.lopez4@gmail.com,Italia,Nápoles,35,F
3854,Lucía,Vázquez Díaz,lucia.vazquez3@yahoo.com,Argentina,Rosario,46,F
3855,Alberto,Gil Domínguez,alberto.gil1@icloud.com,Portugal,Lisboa,21,M
3856,Laura,Jiménez Ramos,laura.jimenez1@live.com,España,Valencia,31,M
3857,Ana,Muñoz Romero,ana.munoz1@outlook.com,España,Barcelona,36,F
3858,Andrés,Ramos Martínez,andres.ramos@gmail.com,Alemania,Múnich,18,M
3859,Marta,Martínez López,marta.martinez1@live.com,Francia,Marsella,26,M
3860,Elena,Torres Jiménez,elena.torres@live.com,México,Monterrey,28,M
3861,Lucía,García Moreno,lucia.garcia1@icloud.com,Reino Unido,Londres,27,F
3862,Lucía,Jiménez Martínez,lucia.jimenez@gmail.com,Italia,Nápoles,36,F
3863,Raquel,Álvarez Pérez,raquel.alvarez1@live.com,España,Sevilla,33,M
3864,Álvaro,Gómez Gil,alvaro.gomez1@hotmail.com,España,Valencia,29,F
3865,Raquel,Álvarez Sánchez,raquel.alvarez1@outlook.com,España,Madrid,39,M
3866,Álvaro,García Muñoz,alvaro.garcia1@outlook.com,España,Sevilla,52,F
3867,Elena,Domínguez Domínguez,elena.dominguez1@yahoo.com,Francia,Lyon,51,M
3868,Marta,Jiménez López,marta.jimenez1@live.com,Portugal,Oporto,18,F
3869,Cristina,Muñoz Jiménez,cristina.munoz@gmail.com,Portugal,Oporto,40,Otro/NA
3870,Patricia,Ruiz Hernández,patricia.ruiz2@icloud.com,España,Madrid,33,M
3871,María,López Álvarez,maria.lopez3@live.com,España,Madrid,36,M
3872,Andrés,Sánchez Muñoz,andres.sanchez1@outlook.com,España,Sevilla,31,M
3873,Sofía,Sánchez García,sofia.sanchez2@outlook.com,España,Valencia,36,M
3874,Cristina,Vázquez Gómez,cristina.vazquez2@outlook.com,México,Monterrey,36,M
3875,Alberto,Gómez Ruiz,alberto.gomez1@hotmail.com,España,Barcelona,29,F
3876,Carlos,Hernández López,carlos.hernandez3@gmail.com,Francia,París,26,F
3877,Alberto,Pérez Álvarez,alberto.perez2@icloud.com,España,Bilbao,30,M
3878,Ana,Gómez Sánchez,ana.gomez3@hotmail.com,México,Monterrey,37,F
3879,Ana,Ruiz Fernández,ana.ruiz4@icloud.com,Alemania,Berlín,40,F
3880,Sofía,López Ramos,sofia.lopez1@live.com,España,Valencia,43,F
3881,Sofía,Pérez Ruiz,sofia.perez1@icloud.com,Alemania,Berlín,30,M
3882,Sofía,Hernández Hernández,sofia.hernandez1@icloud.com,Reino Unido,Londres,37,M
3883,Carlos,Álvarez Gil,carlos.alvarez@yahoo.com,Argentina,Rosario,44,F
3884,Carlos,Gómez Domínguez,carlos.gomez@outlook.com,España,Barcelona,46,M
3885,Sofía,Martínez Vázquez,sofia.martinez1@yahoo.com,México,Guadalajara,34,F
3886,Carlos,Gil Díaz,carlos.gil5@icloud.com,Argentina,Rosario,32,F
3887,Sergio,Jiménez Martínez,sergio.jimenez@gmail.com,Argentina,Córdoba,36,M
3888,Álvaro,Gómez Moreno,alvaro.gomez2@hotmail.com,Italia,Milán,23,M
3889,Pablo,García Ramos,pablo.garcia3@hotmail.com,Italia,Roma,33,F
3890,Alberto,Martínez Torres,alberto.martinez1@outlook.com,Francia,Lyon,42,F
3891,Marta,Hernández Fernández,marta.hernandez@icloud.com,Reino Unido,Londres,41,F
3892,Raquel,Muñoz Álvarez,raquel.munoz4@icloud.com,Alemania,Múnich,32,M
3893,Diego,Sánchez Ruiz,diego.sanchez@gmail.com,Portugal,Oporto,37,F
3894,Sofía,Jiménez Gómez,sofia.jimenez1@outlook.com,Francia,Marsella,26,F
3895,Andrés,Pérez Ruiz,andres.perez1@yahoo.com,Reino Unido,Londres,42,F
3896,Diego,Álvarez Domínguez,diego.alvarez2@yahoo.com,México,Monterrey,34,M
3897,Juan,Jiménez Martínez,juan.jimenez3@gmail.com,España,Valencia,32,M
3898,David,Ruiz Gil,david.ruiz1@icloud.com,México,Guadalajara,31,M
3899,Marta,Muñoz Muñoz,marta.munoz2@yahoo.com,Alemania,Hamburgo,34,F
3900,Raquel,Sánchez Gómez,raquel.sanchez3@yahoo.com,México,Guadalajara,30,F
3901,Ana,Martínez Hernández,ana.martinez4@gmail.com,Francia,París,41,Otro/NA
3902,Andrés,Fernández Ruiz,andres.fernandez1@gmail.com,España,Madrid,31,F
3903,Andrés,Díaz García,andres.diaz1@icloud.com,Argentina,Rosario,50,M
3904,Raquel,Gil Álvarez,raquel.gil1@gmail.com,España,Barcelona,49,M
3905,Juan,Ramos Fernández,juan.ramos2@gmail.com,México,Monterrey,26,M
3906,Raquel,Díaz García,raquel.diaz1@live.com,Alemania,Múnich,35,M
3907,Elena,Torres Álvarez,elena.torres4@outlook.com,Alemania,Múnich,28,F
3908,Javier,Domínguez Pérez,javier.dominguez3@hotmail.com,España,Valencia,31,F
3909,Juan,Domínguez Ruiz,juan.dominguez@yahoo.com,Italia,Nápoles,55,M
3910,Diego,Muñoz Ruiz,diego.munoz@outlook.com,España,Sevilla,31,F
3911,Marta,Sánchez Romero,marta.sanchez1@live.com,España,Bilbao,38,F
3912,Pablo,Ruiz Gil,pablo.ruiz1@outlook.com,España,Sevilla,40,M
3913,María,Martínez Jiménez,maria.martinez@gmail.com,España,Barcelona,24,M
3914,Elena,Jiménez Sánchez,elena.jimenez4@outlook.com,Argentina,Rosario,26,M
3915,Sergio,Romero Díaz,sergio.romero1@live.com,Argentina,Córdoba,22,M
3916,Sergio,Vázquez Díaz,sergio.vazquez2@icloud.com,España,Bilbao,26,F
3917,Marta,Álvarez García,marta.alvarez1@outlook.com,Reino Unido,Londres,18,M
3918,Diego,López Jiménez,diego.lopez@icloud.com,España,Barcelona,40,M
3919,Carlos,Torres Díaz,carlos.torres5@hotmail.com,Portugal,Oporto,55,Otro/NA
3920,Javier,García López,javier.garcia1@yahoo.com,Reino Unido,Manchester,36,F
3921,Ana,Álvarez Gil,ana.alvarez2@yahoo.com,Argentina,Buenos Aires,20,M
3922,Sergio,Díaz Hernández,sergio.diaz@icloud.com,Francia,Lyon,28,F
3923,Patricia,García Gil,patricia.garcia2@gmail.com,Reino Unido,Londres,30,M
3924,Elena,Ruiz Romero,elena.ruiz@hotmail.com,España,Valencia,24,M
3925,Marta,Vázquez Ramos,marta.vazquez2@yahoo.com,Argentina,Córdoba,43,F
3926,Alberto,Ramos Álvarez,alberto.ramos5@hotmail.com,España,Barcelona,43,M
3927,Andrés,Sánchez Gil,andres.sanchez2@outlook.com,Italia,Nápoles,23,F
3928,Lucía,Díaz Jiménez,lucia.diaz@icloud.com,Portugal,Oporto,42,M
3929,Laura,Vázquez Vázquez,laura.vazquez1@hotmail.com,Portugal,Oporto,50,M
3930,Patricia,Pérez Muñoz,patricia.perez2@outlook.com,España,Madrid,54,F
3931,Laura,Hernández Torres,laura.hernandez2@outlook.com,Argentina,Córdoba,63,M
3932,Alberto,Ramos Vázquez,alberto.ramos1@live.com,España,Valencia,25,F
3933,Diego,Álvarez García,diego.alvarez1@gmail.com,Italia,Roma,63,F
3934,Cristina,Romero Jiménez,cristina.romero3@outlook.com,España,Bilbao,31,F
3935,Pablo,López Jiménez,pablo.lopez@outlook.com,España,Bilbao,29,F
3936,Juan,Domínguez Jiménez,juan.dominguez@hotmail.com,Alemania,Berlín,38,M
3937,Cristina,Fernández Moreno,cristina.fernandez@icloud.com,Francia,Lyon,29,F
3938,David,Pérez Romero,david.perez1@yahoo.com,España,Valencia,38,F
3939,Lucía,Moreno Pérez,lucia.moreno1@live.com,España,Sevilla,21,F
3940,Sergio,Vázquez Romero,sergio.vazquez3@gmail.com,Francia,París,32,F
3941,Cristina,Gómez Torres,cristina.gomez1@icloud.com,Reino Unido,Manchester,47,F
3942,Raquel,Díaz Fernández,raquel.diaz2@live.com,México,Guadalajara,34,M
3943,Ana,Vázquez Vázquez,ana.vazquez@gmail.com,España,Bilbao,36,F
3944,Cristina,Álvarez Gómez,cristina.alvarez@live.com,España,Valencia,39,M
3945,Sofía,Vázquez Muñoz,sofia.vazquez1@yahoo.com,España,Madrid,46,M
3946,María,Romero Ruiz,maria.romero3@gmail.com,España,Sevilla,18,F
3947,David,Martínez Muñoz,david.martinez@yahoo.com,Portugal,Oporto,40,M
3948,Laura,García Martínez,laura.garcia4@hotmail.com,Italia,Milán,32,M
3949,Laura,Romero Ramos,laura.romero2@hotmail.com,España,Madrid,36,M
3950,Juan,Gil López,juan.gil@yahoo.com,España,Bilbao,45,F
3951,Javier,Hernández Torres,javier.hernandez3@icloud.com,España,Madrid,23,M
3952,Juan,Gómez Vázquez,juan.gomez@icloud.com,México,Monterrey,24,F
3953,Patricia,García Moreno,patricia.garcia2@icloud.com,Argentina,Rosario,18,M
3954,Juan,Martínez López,juan.martinez1@yahoo.com,España,Sevilla,29,F
3955,Pablo,Torres Fernández,pablo.torres1@icloud.com,España,Valencia,48,M
3956,Laura,Ruiz Domínguez,laura.ruiz1@outlook.com,México,Monterrey,33,F
3957,Marta,Gil Moreno,marta.gil3@gmail.com,Argentina,Rosario,21,M
3958,Pablo,Ruiz Hernández,pablo.ruiz1@icloud.com,Francia,Lyon,30,Otro/NA
3959,Patricia,Muñoz Hernández,patricia.munoz3@live.com,España,Valencia,20,F
3960,Cristina,Moreno Jiménez,cristina.moreno5@icloud.com,España,Bilbao,23,F
3961,Raquel,Fernández Romero,raquel.fernandez@hotmail.com,Italia,Milán,38,F
3962,Carlos,Ramos Romero,carlos.ramos2@hotmail.com,España,Bilbao,23,M
3963,María,Domínguez García,maria.dominguez1@gmail.com,España,Bilbao,46,F
3964,Javier,Hernández Pérez,javier.hernandez3@gmail.com,Italia,Milán,34,F
3965,Pablo,Martínez Gil,pablo.martinez2@outlook.com,España,Sevilla,35,F
3966,Diego,Gómez Ramos,diego.gomez2@gmail.com,Reino Unido,Manchester,32,F
3967,Andrés,Vázquez Gómez,andres.vazquez1@gmail.com,España,Madrid,42,F
3968,Patricia,Ramos Gil,patricia.ramos4@yahoo.com,España,Bilbao,42,Otro/NA
3969,David,López Moreno,david.lopez2@outlook.com,Italia,Roma,38,M
3970,Diego,Hernández Ramos,diego.hernandez3@icloud.com,España,Bilbao,40,F
3971,Sofía,López Álvarez,sofia.lopez1@gmail.com,Argentina,Rosario,32,F
3972,Álvaro,Muñoz Álvarez,alvaro.munoz1@icloud.com,Alemania,Múnich,40,F
3973,Pablo,Sánchez García,pablo.sanchez4@icloud.com,España,Madrid,31,M
3974,Pablo,Pérez Hernández,pablo.perez2@live.com,Portugal,Oporto,35,F
3975,David,Vázquez Vázquez,david.vazquez@gmail.com,España,Sevilla,32,F
3976,Marta,Ruiz Torres,marta.ruiz1@outlook.com,México,CDMX,30,M
3977,Lucía,Álvarez Díaz,lucia.alvarez@live.com,España,Valencia,28,F
3978,Sergio,Fernández Muñoz,sergio.fernandez@live.com,Alemania,Múnich,39,M
3979,María,Gil Vázquez,maria.gil@outlook.com,España,Bilbao,48,Otro/NA
3980,Raquel,Domínguez Pérez,raquel.dominguez@live.com,Francia,Marsella,46,M
3981,Juan,Jiménez Muñoz,juan.jimenez@hotmail.com,México,Guadalajara,22,M
3982,David,Jiménez Gil,david.jimenez@icloud.com,Reino Unido,Londres,47,M
3983,Sofía,Ruiz Sánchez,sofia.ruiz@yahoo.com,España,Sevilla,31,F
3984,Laura,Romero Sánchez,laura.romero2@yahoo.com,España,Bilbao,41,M
3985,Javier,Ruiz Muñoz,javier.ruiz4@hotmail.com,Reino Unido,Londres,25,F
3986,Javier,Díaz Fernández,javier.diaz@icloud.com,Argentina,Córdoba,36,F
3987,Laura,Jiménez Fernández,laura.jimenez4@hotmail.com,España,Valencia,38,F
3988,Marta,Jiménez Sánchez,marta.jimenez4@yahoo.com,Francia,Marsella,20,M
3989,Alberto,Fernández Ramos,alberto.fernandez2@live.com,España,Bilbao,41,Otro/NA
3990,Cristina,Romero Hernández,cristina.romero1@hotmail.com,México,CDMX,48,F
3991,María,Gil Gómez,maria.gil@icloud.com,España,Valencia,33,M
3992,María,Jiménez Gómez,maria.jimenez2@live.com,España,Valencia,48,M
3993,Diego,García Muñoz,diego.garcia1@gmail.com,Reino Unido,Manchester,33,M
3994,Ana,Pérez Vázquez,ana.perez3@yahoo.com,España,Madrid,43,F
3995,David,García Álvarez,david.garcia@outlook.com,Alemania,Hamburgo,18,M
3996,Andrés,Gil Moreno,andres.gil1@hotmail.com,Francia,París,59,M
3997,María,Torres Fernández,maria.torres1@hotmail.com,España,Bilbao,49,F
3998,Javier,García Álvarez,javier.garcia1@live.com,España,Sevilla,32,F
3999,Marta,García Gil,marta.garcia@gmail.com,Alemania,Berlín,18,F
4000,Andrés,Gómez Ruiz,andres.gomez3@hotmail.com,España,Valencia,37,F
4001,Sergio,Álvarez Jiménez,sergio.alvarez5@live.com,Italia,Roma,20,M
4002,Marta,Vázquez Moreno,marta.vazquez3@yahoo.com,Reino Unido,Londres,39,F
4003,Alberto,Torres Sánchez,alberto.torres3@icloud.com,Reino Unido,Londres,39,M
4004,Raquel,Muñoz Jiménez,raquel.munoz@live.com,España,Barcelona,25,F
4005,Pablo,Vázquez Domínguez,pablo.vazquez1@outlook.com,España,Sevilla,46,F
4006,Patricia,López Vázquez,patricia.lopez2@live.com,España,Barcelona,43,M
4007,Marta,López Vázquez,marta.lopez4@hotmail.com,España,Sevilla,44,Otro/NA
4008,Laura,Vázquez Muñoz,laura.vazquez1@icloud.com,Francia,París,35,F
4009,Patricia,García Díaz,patricia.garcia3@icloud.com,Portugal,Oporto,20,M
4010,Sergio,Romero Muñoz,sergio.romero2@live.com,España,Sevilla,44,F
4011,Cristina,Sánchez Torres,cristina.sanchez2@live.com,España,Valencia,32,F
4012,Andrés,Moreno Romero,andres.moreno@live.com,España,Bilbao,21,F
4013,Raquel,Muñoz Hernández,raquel.munoz1@live.com,Portugal,Lisboa,48,F
4014,Sofía,Gil Romero,sofia.gil1@outlook.com,España,Madrid,55,F
4015,Carlos,Moreno Gómez,carlos.moreno@yahoo.com,Portugal,Lisboa,34,M
4016,María,Muñoz Gómez,maria.munoz3@outlook.com,España,Valencia,56,M
4017,Cristina,Gómez Muñoz,cristina.gomez1@hotmail.com,México,Monterrey,35,M
4018,Pablo,García Hernández,pablo.garcia2@gmail.com,México,Guadalajara,31,M
4019,Álvaro,Sánchez García,alvaro.sanchez2@hotmail.com,España,Valencia,28,F
4020,Andrés,Romero Vázquez,andres.romero2@yahoo.com,España,Bilbao,51,M
4021,Andrés,Moreno Jiménez,andres.moreno1@live.com,Francia,París,27,M
4022,Sergio,Fernández Romero,sergio.fernandez1@hotmail.com,España,Barcelona,42,M
4023,Sergio,Romero Gómez,sergio.romero2@outlook.com,Portugal,Lisboa,29,F
4024,Carlos,García Sánchez,carlos.garcia1@live.com,México,Monterrey,30,F
4025,Diego,Díaz Muñoz,diego.diaz4@live.com,Portugal,Lisboa,45,M
4026,Lucía,García Ramos,lucia.garcia2@icloud.com,México,Monterrey,31,F
4027,Elena,Ruiz Álvarez,elena.ruiz2@yahoo.com,España,Madrid,30,M
4028,Marta,Moreno Álvarez,marta.moreno@hotmail.com,España,Valencia,46,F
4029,Elena,Fernández Álvarez,elena.fernandez@gmail.com,Reino Unido,Manchester,50,M
4030,Marta,López Fernández,marta.lopez@outlook.com,España,Valencia,41,F
4031,Marta,Gil García,marta.gil2@outlook.com,Portugal,Lisboa,28,F
4032,Sergio,Hernández Gil,sergio.hernandez3@gmail.com,España,Bilbao,29,F
4033,Laura,Díaz Díaz,laura.diaz1@yahoo.com,España,Bilbao,35,M
4034,Ana,Díaz Pérez,ana.diaz1@gmail.com,Argentina,Rosario,38,F
4035,Cristina,Torres Gil,cristina.torres4@yahoo.com,España,Sevilla,25,F
4036,Javier,Moreno Gil,javier.moreno2@outlook.com,Argentina,Córdoba,42,F
4037,Juan,Martínez Domínguez,juan.martinez1@live.com,Argentina,Rosario,35,M
4038,Andrés,Ruiz López,andres.ruiz@yahoo.com,Reino Unido,Londres,18,M
4039,Raquel,Torres Gil,raquel.torres2@hotmail.com,Portugal,Oporto,25,F
4040,Elena,Gil Ramos,elena.gil2@outlook.com,Italia,Milán,29,M
4041,Ana,Fernández Álvarez,ana.fernandez@outlook.com,México,CDMX,34,M
4042,María,García García,maria.garcia1@outlook.com,España,Madrid,53,M
4043,Diego,Fernández Jiménez,diego.fernandez3@gmail.com,Francia,París,37,F
4044,Sergio,Muñoz Gil,sergio.munoz1@hotmail.com,Italia,Milán,26,M
4045,Marta,Sánchez Díaz,marta.sanchez@yahoo.com,Francia,Lyon,37,F
4046,Alberto,Ruiz Gómez,alberto.ruiz2@hotmail.com,Francia,París,31,M
4047,Raquel,Ramos Ramos,raquel.ramos2@live.com,España,Madrid,38,M
4048,Raquel,Domínguez Torres,raquel.dominguez1@live.com,Italia,Roma,40,M
4049,Juan,Torres López,juan.torres1@outlook.com,México,CDMX,47,M
4050,Sofía,Gómez Moreno,sofia.gomez2@outlook.com,España,Madrid,34,F
4051,Sofía,Vázquez García,sofia.vazquez3@icloud.com,Argentina,Rosario,51,F
4052,Laura,Fernández Gil,laura.fernandez@live.com,Portugal,Oporto,44,F
4053,Elena,Ramos Muñoz,elena.ramos1@hotmail.com,México,Monterrey,27,M
4054,Javier,Gil Vázquez,javier.gil1@outlook.com,Alemania,Múnich,57,F
4055,Álvaro,Ramos Domínguez,alvaro.ramos3@hotmail.com,Reino Unido,Manchester,38,F
4056,Diego,Gómez Fernández,diego.gomez2@live.com,España,Madrid,26,F
4057,Pablo,López Gómez,pablo.lopez3@gmail.com,Reino Unido,Manchester,51,F
4058,Cristina,Ramos Romero,cristina.ramos2@live.com,España,Barcelona,55,M
4059,Sergio,Pérez Moreno,sergio.perez1@gmail.com,México,CDMX,34,F
4060,David,López Díaz,david.lopez2@yahoo.com,Argentina,Córdoba,29,M
4061,Álvaro,Pérez Gómez,alvaro.perez1@yahoo.com,España,Sevilla,33,M
4062,David,Ruiz Torres,david.ruiz1@outlook.com,España,Valencia,42,F
4063,Sergio,Ramos Fernández,sergio.ramos@yahoo.com,Reino Unido,Londres,47,F
4064,Carlos,Díaz Jiménez,carlos.diaz@outlook.com,España,Bilbao,40,F
4065,Diego,Domínguez Pérez,diego.dominguez1@outlook.com,México,Guadalajara,36,M
4066,Ana,Ruiz Hernández,ana.ruiz5@icloud.com,España,Bilbao,49,M
4067,Marta,Fernández López,marta.fernandez1@icloud.com,España,Barcelona,31,M
4068,Álvaro,García García,alvaro.garcia2@icloud.com,Argentina,Córdoba,45,F
4069,David,Vázquez Fernández,david.vazquez@icloud.com,Portugal,Oporto,32,M
4070,Elena,Gil Ramos,elena.gil1@gmail.com,México,Guadalajara,39,F
4071,Lucía,Ruiz Romero,lucia.ruiz2@hotmail.com,España,Sevilla,33,M
4072,Javier,Vázquez Romero,javier.vazquez1@live.com,Portugal,Lisboa,34,F
4073,Pablo,Romero Díaz,pablo.romero5@gmail.com,Italia,Nápoles,31,F
4074,Javier,García Gil,javier.garcia2@outlook.com,Italia,Milán,48,M
4075,Sergio,Álvarez Romero,sergio.alvarez1@hotmail.com,Portugal,Lisboa,27,M
4076,Alberto,Martínez Díaz,alberto.martinez@icloud.com,Italia,Nápoles,27,F
4077,Elena,Jiménez Gómez,elena.jimenez@live.com,Francia,París,56,F
4078,Pablo,Álvarez Romero,pablo.alvarez@icloud.com,España,Bilbao,44,F
4079,Marta,Álvarez Domínguez,marta.alvarez@icloud.com,Reino Unido,Manchester,18,F
4080,Sofía,Ruiz Sánchez,sofia.ruiz@hotmail.com,España,Barcelona,29,M
4081,Sergio,Sánchez Gil,sergio.sanchez4@outlook.com,Portugal,Oporto,18,F
4082,Patricia,Domínguez Jiménez,patricia.dominguez@outlook.com,España,Madrid,25,M
4083,Carlos,Romero Gómez,carlos.romero3@live.com,Italia,Roma,18,F
4084,Diego,Torres Díaz,diego.torres1@hotmail.com,Reino Unido,Londres,33,M
4085,Juan,Moreno Romero,juan.moreno1@yahoo.com,España,Barcelona,23,F
4086,Sofía,Domínguez López,sofia.dominguez2@icloud.com,España,Sevilla,35,M
4087,Sofía,Martínez García,sofia.martinez2@live.com,España,Valencia,18,M
4088,Andrés,Díaz Martínez,andres.diaz@gmail.com,Italia,Nápoles,35,M
4089,Lucía,Martínez Álvarez,lucia.martinez1@live.com,México,CDMX,30,F
4090,Diego,Ruiz Domínguez,diego.ruiz3@live.com,España,Madrid,50,F
4091,Laura,Álvarez Torres,laura.alvarez1@outlook.com,Reino Unido,Londres,49,F
4092,Cristina,Vázquez Muñoz,cristina.vazquez1@gmail.com,España,Valencia,42,M
4093,Carlos,Romero López,carlos.romero4@outlook.com,Francia,Lyon,31,F
4094,Raquel,Jiménez Álvarez,raquel.jimenez3@live.com,Argentina,Córdoba,54,F
4095,Cristina,García Ruiz,cristina.garcia1@live.com,España,Valencia,19,M
4096,Sergio,Muñoz Vázquez,sergio.munoz1@gmail.com,Francia,París,20,M
4097,Alberto,Fernández Sánchez,alberto.fernandez2@outlook.com,España,Bilbao,34,F
4098,Juan,Jiménez Gil,juan.jimenez1@hotmail.com,España,Bilbao,57,M
4099,Ana,López Vázquez,ana.lopez@hotmail.com,España,Madrid,32,M
4100,Ana,Ramos García,ana.ramos2@hotmail.com,España,Sevilla,33,F
4101,Laura,García Romero,laura.garcia5@hotmail.com,Italia,Milán,20,M
4102,Elena,Díaz Torres,elena.diaz@outlook.com,Francia,Lyon,44,F
4103,Alberto,Álvarez Martínez,alberto.alvarez3@hotmail.com,Alemania,Hamburgo,44,F
4104,Sofía,López Hernández,sofia.lopez1@icloud.com,España,Valencia,42,F
4105,Patricia,Díaz Muñoz,patricia.diaz2@outlook.com,España,Sevilla,28,F
4106,Ana,Fernández Martínez,ana.fernandez@icloud.com,Portugal,Oporto,27,M
4107,Elena,Gómez Moreno,elena.gomez1@outlook.com,Argentina,Córdoba,22,F
4108,David,Jiménez Muñoz,david.jimenez1@live.com,España,Barcelona,35,M
4109,Lucía,Hernández Domínguez,lucia.hernandez2@gmail.com,México,Guadalajara,24,F
4110,Diego,López Romero,diego.lopez5@yahoo.com,Italia,Roma,23,Otro/NA
4111,Elena,Sánchez Álvarez,elena.sanchez3@live.com,Italia,Milán,30,F
4112,David,García Sánchez,david.garcia5@hotmail.com,Alemania,Berlín,30,F
4113,Elena,Torres Sánchez,elena.torres2@hotmail.com,España,Barcelona,29,M
4114,Juan,Álvarez Pérez,juan.alvarez2@gmail.com,España,Madrid,39,M
4115,María,García Ruiz,maria.garcia@gmail.com,Italia,Milán,35,F
4116,Patricia,Ramos Ramos,patricia.ramos2@gmail.com,España,Valencia,32,M
4117,Marta,Jiménez Sánchez,marta.jimenez2@live.com,Argentina,Rosario,36,F
4118,Laura,Ruiz Gómez,laura.ruiz@icloud.com,Francia,Marsella,25,M
4119,David,Díaz Moreno,david.diaz@yahoo.com,España,Sevilla,36,F
4120,Sofía,Sánchez Álvarez,sofia.sanchez@icloud.com,Portugal,Oporto,36,M
4121,David,Torres Jiménez,david.torres@yahoo.com,España,Barcelona,19,F
4122,Diego,Díaz Pérez,diego.diaz5@live.com,Alemania,Múnich,44,F
4123,Lucía,Jiménez Díaz,lucia.jimenez1@gmail.com,Portugal,Oporto,26,M
4124,Ana,Martínez Torres,ana.martinez@icloud.com,México,CDMX,35,M
4125,Andrés,Jiménez Fernández,andres.jimenez3@gmail.com,Reino Unido,Londres,46,M
4126,Alberto,Domínguez Ruiz,alberto.dominguez1@icloud.com,Portugal,Lisboa,44,M
4127,Alberto,Díaz Sánchez,alberto.diaz2@hotmail.com,Portugal,Lisboa,35,M
4128,Raquel,López Jiménez,raquel.lopez1@hotmail.com,Argentina,Rosario,31,M
4129,Alberto,Gil López,alberto.gil2@icloud.com,España,Madrid,44,F
4130,Diego,Gil Romero,diego.gil4@gmail.com,España,Valencia,41,M
4131,Raquel,Romero Torres,raquel.romero@live.com,España,Barcelona,28,Otro/NA
4132,María,Sánchez Díaz,maria.sanchez@live.com,España,Barcelona,27,F
4133,Juan,Romero Ruiz,juan.romero1@hotmail.com,Portugal,Oporto,18,M
4134,Álvaro,Ramos Jiménez,alvaro.ramos@yahoo.com,Italia,Milán,36,M
4135,Laura,Sánchez Hernández,laura.sanchez1@hotmail.com,Italia,Roma,34,F
4136,Pablo,López Romero,pablo.lopez2@hotmail.com,España,Valencia,46,M
4137,María,Martínez Jiménez,maria.martinez@yahoo.com,Reino Unido,Manchester,38,F
4138,Elena,Martínez Romero,elena.martinez2@live.com,España,Valencia,48,F
4139,Cristina,Muñoz Ruiz,cristina.munoz3@outlook.com,Portugal,Oporto,28,M
4140,Laura,Jiménez Ramos,laura.jimenez5@hotmail.com,Alemania,Múnich,46,F
4141,María,López Ruiz,maria.lopez@gmail.com,España,Valencia,29,M
4142,María,Pérez Gil,maria.perez2@yahoo.com,España,Bilbao,42,M
4143,Javier,Martínez Martínez,javier.martinez@gmail.com,España,Valencia,20,F
4144,Javier,Romero Pérez,javier.romero2@live.com,México,Monterrey,37,F
4145,Pablo,Martínez Pérez,pablo.martinez1@gmail.com,Argentina,Córdoba,18,F
4146,Sergio,Hernández Domínguez,sergio.hernandez4@gmail.com,Portugal,Oporto,32,F
4147,Ana,Gil Hernández,ana.gil1@icloud.com,España,Bilbao,39,F
4148,Carlos,Álvarez García,carlos.alvarez1@icloud.com,Francia,París,29,F
4149,Raquel,López Díaz,raquel.lopez@yahoo.com,Reino Unido,Manchester,24,M
4150,Cristina,Sánchez Moreno,cristina.sanchez2@outlook.com,Reino Unido,Manchester,43,F
4151,Sofía,Martínez Ramos,sofia.martinez2@yahoo.com,España,Barcelona,33,F
4152,Sergio,Vázquez Moreno,sergio.vazquez4@gmail.com,España,Madrid,30,M
4153,David,Martínez Hernández,david.martinez1@yahoo.com,Portugal,Lisboa,35,F
4154,Lucía,Hernández Hernández,lucia.hernandez3@icloud.com,España,Bilbao,61,M
4155,Juan,Muñoz Gómez,juan.munoz3@yahoo.com,España,Barcelona,46,F
4156,Sergio,Muñoz Ramos,sergio.munoz2@icloud.com,España,Valencia,46,F
4157,Sergio,Sánchez Hernández,sergio.sanchez2@live.com,Alemania,Berlín,39,F
4158,Patricia,Gil Torres,patricia.gil@icloud.com,México,Guadalajara,36,M
4159,Cristina,Álvarez Romero,cristina.alvarez@gmail.com,Argentina,Buenos Aires,18,F
4160,Andrés,Díaz Hernández,andres.diaz1@gmail.com,Italia,Roma,28,M
4161,Cristina,Gil Pérez,cristina.gil3@hotmail.com,Alemania,Múnich,30,F
4162,Elena,Gil Pérez,elena.gil@hotmail.com,España,Valencia,18,F
4163,Alberto,García Pérez,alberto.garcia2@gmail.com,Alemania,Hamburgo,23,F
4164,Ana,Romero Gil,ana.romero1@gmail.com,España,Valencia,18,F
4165,Elena,Muñoz Hernández,elena.munoz2@icloud.com,Italia,Roma,34,F
4166,Diego,Romero Muñoz,diego.romero3@gmail.com,España,Madrid,43,M
4167,Pablo,Álvarez Ruiz,pablo.alvarez4@outlook.com,España,Barcelona,46,M
4168,Laura,Gil Díaz,laura.gil1@yahoo.com,España,Bilbao,39,F
4169,David,Gil García,david.gil1@gmail.com,España,Madrid,25,F
4170,Raquel,Sánchez Fernández,raquel.sanchez2@icloud.com,España,Madrid,18,M
4171,María,Jiménez Ramos,maria.jimenez4@hotmail.com,España,Barcelona,18,F
4172,Javier,García Hernández,javier.garcia3@icloud.com,Argentina,Córdoba,22,M
4173,Javier,Romero Pérez,javier.romero1@icloud.com,Francia,París,26,M
4174,Ana,Domínguez Ramos,ana.dominguez1@gmail.com,Alemania,Hamburgo,33,F
4175,Laura,Jiménez García,laura.jimenez6@hotmail.com,México,CDMX,24,M
4176,María,Ramos Ruiz,maria.ramos1@live.com,Argentina,Buenos Aires,38,M
4177,Sofía,Fernández Moreno,sofia.fernandez3@yahoo.com,Italia,Roma,32,M
4178,Cristina,Sánchez Domínguez,cristina.sanchez3@outlook.com,Reino Unido,Manchester,35,F
4179,David,Sánchez Domínguez,david.sanchez1@yahoo.com,España,Barcelona,46,Otro/NA
4180,Carlos,García Muñoz,carlos.garcia2@live.com,España,Barcelona,23,F
4181,Pablo,Gil Torres,pablo.gil2@live.com,Francia,Marsella,39,M
4182,Juan,López Gil,juan.lopez5@yahoo.com,Portugal,Oporto,34,F
4183,Raquel,Ramos Gómez,raquel.ramos2@outlook.com,Portugal,Oporto,31,F
4184,Marta,Fernández Moreno,marta.fernandez@live.com,España,Barcelona,43,F
4185,Álvaro,Ramos Pérez,alvaro.ramos2@outlook.com,España,Sevilla,43,F
4186,Andrés,Pérez Ramos,andres.perez1@icloud.com,Italia,Milán,25,M
4187,Juan,Domínguez Domínguez,juan.dominguez2@gmail.com,España,Bilbao,33,M
4188,Andrés,Ruiz Jiménez,andres.ruiz@live.com,Italia,Nápoles,37,M
4189,Juan,Moreno Domínguez,juan.moreno2@yahoo.com,Portugal,Lisboa,32,M
4190,Carlos,Álvarez Moreno,carlos.alvarez5@gmail.com,Portugal,Oporto,40,F
4191,María,Torres Muñoz,maria.torres1@icloud.com,Reino Unido,Manchester,37,F
4192,Juan,Gil Torres,juan.gil1@live.com,México,Monterrey,53,F
4193,Carlos,Romero Gómez,carlos.romero1@hotmail.com,Alemania,Hamburgo,19,M
4194,Alberto,Gómez Domínguez,alberto.gomez@yahoo.com,Reino Unido,Manchester,33,M
4195,Patricia,Díaz Torres,patricia.diaz3@outlook.com,Italia,Nápoles,25,M
4196,Raquel,Pérez Gómez,raquel.perez6@icloud.com,España,Valencia,41,M
4197,Carlos,Martínez Torres,carlos.martinez1@outlook.com,España,Barcelona,18,M
4198,Álvaro,Martínez Muñoz,alvaro.martinez@hotmail.com,España,Barcelona,38,F
4199,Marta,Pérez García,marta.perez1@gmail.com,Francia,Marsella,28,M
4200,Diego,Hernández López,diego.hernandez1@gmail.com,Italia,Nápoles,27,Otro/NA
4201,Ana,Ramos Jiménez,ana.ramos4@outlook.com,México,Guadalajara,20,M
4202,Laura,Álvarez Díaz,laura.alvarez@icloud.com,España,Barcelona,30,F
4203,María,Domínguez Hernández,maria.dominguez2@gmail.com,España,Valencia,45,F
4204,Sergio,Moreno Fernández,sergio.moreno2@gmail.com,Argentina,Buenos Aires,34,M
4205,Alberto,Hernández Díaz,alberto.hernandez@icloud.com,España,Valencia,41,F
4206,Carlos,Ramos Pérez,carlos.ramos2@live.com,Francia,París,51,F
4207,Cristina,Vázquez Ruiz,cristina.vazquez@icloud.com,Italia,Milán,37,F
4208,Marta,Pérez Gil,marta.perez1@outlook.com,Alemania,Berlín,29,F
4209,Andrés,Pérez Sánchez,andres.perez@gmail.com,España,Bilbao,39,M
4210,Andrés,Torres Fernández,andres.torres1@icloud.com,España,Valencia,29,F
4211,Ana,Hernández Moreno,ana.hernandez3@outlook.com,España,Sevilla,29,F
4212,Alberto,Gil Torres,alberto.gil1@hotmail.com,Italia,Milán,19,M
4213,Carlos,Jiménez Romero,carlos.jimenez5@hotmail.com,Alemania,Hamburgo,44,M
4214,Cristina,Hernández Ramos,cristina.hernandez2@yahoo.com,España,Madrid,31,F
4215,Andrés,Moreno García,andres.moreno2@icloud.com,Italia,Milán,36,M
4216,Carlos,García Domínguez,carlos.garcia2@yahoo.com,México,CDMX,24,F
4217,Sergio,Domínguez Díaz,sergio.dominguez1@outlook.com,España,Madrid,39,F
4218,Carlos,Ramos Fernández,carlos.ramos1@gmail.com,Alemania,Múnich,27,F
4219,Carlos,Pérez Moreno,carlos.perez@icloud.com,Portugal,Lisboa,33,M
4220,Diego,Martínez Martínez,diego.martinez1@hotmail.com,España,Bilbao,43,M
4221,Laura,Díaz Muñoz,laura.diaz2@yahoo.com,España,Madrid,42,M
4222,Andrés,Domínguez Sánchez,andres.dominguez2@hotmail.com,Italia,Milán,34,F
4223,Laura,Vázquez Jiménez,laura.vazquez2@hotmail.com,México,Guadalajara,18,F
4224,Marta,Martínez Domínguez,marta.martinez2@live.com,Reino Unido,Londres,64,F
4225,Cristina,Álvarez López,cristina.alvarez2@hotmail.com,Italia,Milán,52,F
4226,Laura,Moreno Ruiz,laura.moreno1@hotmail.com,Reino Unido,Manchester,42,M
4227,Pablo,Fernández Vázquez,pablo.fernandez1@icloud.com,España,Sevilla,27,M
4228,Alberto,Fernández Vázquez,alberto.fernandez1@icloud.com,Portugal,Oporto,33,F
4229,Sergio,Fernández Vázquez,sergio.fernandez2@icloud.com,Francia,Lyon,29,F
4230,David,López López,david.lopez3@hotmail.com,España,Sevilla,47,M
4231,Juan,Jiménez Martínez,juan.jimenez4@gmail.com,Portugal,Lisboa,37,M
4232,Álvaro,Fernández Romero,alvaro.fernandez1@hotmail.com,Alemania,Múnich,27,M
4233,Diego,Torres Ramos,diego.torres@yahoo.com,España,Barcelona,30,M
4234,Laura,Romero Domínguez,laura.romero3@outlook.com,Argentina,Córdoba,46,F
4235,Diego,Gil Díaz,diego.gil1@outlook.com,España,Barcelona,51,F
4236,Elena,Jiménez Díaz,elena.jimenez5@outlook.com,España,Valencia,50,F
4237,Javier,Ramos Ruiz,javier.ramos3@yahoo.com,España,Sevilla,42,F
4238,María,Ramos Gómez,maria.ramos@gmail.com,Reino Unido,Manchester,32,F
4239,María,Jiménez Díaz,maria.jimenez5@gmail.com,Portugal,Lisboa,18,F
4240,Lucía,Gil Díaz,lucia.gil2@outlook.com,España,Sevilla,37,M
4241,Carlos,Hernández Romero,carlos.hernandez4@gmail.com,Portugal,Lisboa,34,F
4242,Sofía,Álvarez Gómez,sofia.alvarez4@live.com,España,Valencia,36,M
4243,Diego,Jiménez Martínez,diego.jimenez1@live.com,Reino Unido,Manchester,35,M
4244,Ana,Gómez Gil,ana.gomez2@live.com,Francia,Marsella,21,M
4245,Lucía,Sánchez Ruiz,lucia.sanchez@outlook.com,Francia,Marsella,40,F
4246,Cristina,Romero Vázquez,cristina.romero2@hotmail.com,Argentina,Córdoba,41,M
4247,Lucía,Martínez Ruiz,lucia.martinez2@icloud.com,España,Barcelona,41,M
4248,Carlos,Torres López,carlos.torres@icloud.com,España,Valencia,44,M
4249,Marta,Díaz Fernández,marta.diaz4@yahoo.com,Italia,Milán,41,F
4250,Javier,García López,javier.garcia2@live.com,Argentina,Rosario,30,F
4251,Patricia,Díaz Pérez,patricia.diaz2@gmail.com,España,Barcelona,34,F
4252,Sergio,Díaz Domínguez,sergio.diaz1@outlook.com,España,Madrid,35,M
4253,Marta,Romero Hernández,marta.romero1@live.com,España,Valencia,36,M
4254,Patricia,Gil Martínez,patricia.gil@gmail.com,Alemania,Berlín,44,F
4255,Juan,Fernández Fernández,juan.fernandez1@outlook.com,España,Sevilla,41,M
4256,Carlos,Díaz Díaz,carlos.diaz1@hotmail.com,Portugal,Lisboa,55,F
4257,David,Torres Díaz,david.torres1@yahoo.com,Argentina,Buenos Aires,57,F
4258,Juan,Jiménez Ramos,juan.jimenez3@yahoo.com,Francia,París,35,F
4259,Sergio,Muñoz Ramos,sergio.munoz@yahoo.com,España,Madrid,18,F
4260,Pablo,Fernández Torres,pablo.fernandez2@yahoo.com,Francia,Marsella,47,M
4261,Elena,Muñoz Romero,elena.munoz@live.com,España,Barcelona,29,M
4262,Alberto,Gómez Sánchez,alberto.gomez1@gmail.com,México,Guadalajara,26,F
4263,Carlos,García Vázquez,carlos.garcia@icloud.com,Francia,París,31,M
4264,Carlos,Moreno Martínez,carlos.moreno@live.com,España,Madrid,30,M
4265,Juan,García Jiménez,juan.garcia@gmail.com,Portugal,Lisboa,41,M
4266,María,López López,maria.lopez1@gmail.com,Francia,París,19,M
4267,Ana,Moreno Fernández,ana.moreno@live.com,Portugal,Lisboa,24,M
4268,David,García Torres,david.garcia6@hotmail.com,España,Sevilla,38,M
4269,Elena,Vázquez Sánchez,elena.vazquez5@yahoo.com,Reino Unido,Londres,41,F
4270,Pablo,Sánchez Romero,pablo.sanchez2@gmail.com,Argentina,Rosario,41,F
4271,Patricia,Pérez López,patricia.perez1@gmail.com,Portugal,Oporto,27,F
4272,Andrés,Hernández Torres,andres.hernandez3@hotmail.com,Argentina,Rosario,25,F
4273,Marta,Romero Fernández,marta.romero2@gmail.com,España,Bilbao,29,M
4274,Lucía,Fernández Sánchez,lucia.fernandez@icloud.com,Francia,París,37,M
4275,Pablo,Ramos Vázquez,pablo.ramos@hotmail.com,Italia,Nápoles,49,M
4276,Elena,Moreno Ramos,elena.moreno@outlook.com,Italia,Roma,18,F
4277,David,Martínez Fernández,david.martinez2@yahoo.com,Francia,Lyon,32,F
4278,Carlos,García Gil,carlos.garcia3@yahoo.com,España,Barcelona,21,M
4279,Raquel,Fernández Torres,raquel.fernandez2@icloud.com,España,Sevilla,18,M
4280,Raquel,Fernández Hernández,raquel.fernandez2@gmail.com,España,Bilbao,44,Otro/NA
4281,Patricia,Hernández Ramos,patricia.hernandez4@gmail.com,España,Sevilla,40,F
4282,Marta,Gómez García,marta.gomez4@yahoo.com,Reino Unido,Londres,39,F
4283,Raquel,Díaz Ramos,raquel.diaz1@hotmail.com,España,Madrid,44,M
4284,Diego,Ruiz Álvarez,diego.ruiz4@live.com,España,Valencia,30,M
4285,Alberto,Gómez Sánchez,alberto.gomez1@yahoo.com,Alemania,Hamburgo,30,F
4286,David,Jiménez Romero,david.jimenez1@gmail.com,Italia,Milán,56,F
4287,Carlos,Vázquez Fernández,carlos.vazquez3@outlook.com,México,CDMX,32,F
4288,Ana,Díaz Ramos,ana.diaz@live.com,Italia,Milán,42,F
4289,Juan,Gómez Gil,juan.gomez4@hotmail.com,España,Madrid,35,F
4290,David,Fernández Romero,david.fernandez@gmail.com,Reino Unido,Manchester,18,F
4291,Carlos,García García,carlos.garcia1@hotmail.com,Alemania,Berlín,18,M
4292,Alberto,Gómez Ruiz,alberto.gomez2@hotmail.com,España,Madrid,29,M
4293,Sofía,Ruiz Álvarez,sofia.ruiz@outlook.com,Italia,Milán,45,F
4294,Diego,Sánchez Gil,diego.sanchez2@outlook.com,México,Monterrey,42,M
4295,Sofía,García Ruiz,sofia.garcia1@outlook.com,España,Valencia,44,F
4296,Patricia,Pérez Torres,patricia.perez2@gmail.com,España,Sevilla,25,F
4297,David,Muñoz Gómez,david.munoz2@yahoo.com,España,Valencia,51,Otro/NA
4298,Andrés,Sánchez Jiménez,andres.sanchez1@icloud.com,España,Barcelona,25,M
4299,Raquel,Jiménez Domínguez,raquel.jimenez@icloud.com,Francia,Lyon,37,M
4300,Pablo,Fernández Torres,pablo.fernandez1@hotmail.com,Italia,Nápoles,34,F
4301,Andrés,Hernández Domínguez,andres.hernandez1@yahoo.com,España,Barcelona,33,F
4302,María,Romero Hernández,maria.romero@icloud.com,Argentina,Córdoba,48,F
4303,Ana,Díaz Hernández,ana.diaz2@gmail.com,Reino Unido,Londres,27,M
4304,Diego,Moreno Ruiz,diego.moreno2@yahoo.com,Italia,Roma,21,M
4305,Diego,Moreno Vázquez,diego.moreno2@live.com,México,Monterrey,35,F
4306,Carlos,Gómez Díaz,carlos.gomez1@yahoo.com,España,Bilbao,31,F
4307,Alberto,Domínguez Jiménez,alberto.dominguez2@yahoo.com,Francia,París,68,F
4308,Patricia,Gil Ruiz,patricia.gil1@icloud.com,Italia,Milán,41,M
4309,Juan,Álvarez Vázquez,juan.alvarez1@live.com,México,Guadalajara,30,M
4310,Lucía,López Domínguez,lucia.lopez@hotmail.com,Reino Unido,Manchester,24,M
4311,Marta,Sánchez Hernández,marta.sanchez1@icloud.com,España,Barcelona,18,Otro/NA
4312,Elena,Pérez Romero,elena.perez1@hotmail.com,Argentina,Córdoba,24,F
4313,María,Pérez Sánchez,maria.perez@icloud.com,España,Valencia,36,M
4314,Cristina,Fernández Gómez,cristina.fernandez@outlook.com,México,Guadalajara,49,M
4315,Sofía,Fernández Torres,sofia.fernandez1@outlook.com,Argentina,Córdoba,46,F
4316,Sofía,Vázquez García,sofia.vazquez1@live.com,España,Madrid,37,M
4317,Javier,Muñoz Jiménez,javier.munoz1@gmail.com,Reino Unido,Manchester,31,F
4318,Elena,Moreno Domínguez,elena.moreno1@gmail.com,España,Sevilla,37,F
4319,Cristina,Jiménez Torres,cristina.jimenez@hotmail.com,Francia,Marsella,29,M
4320,Cristina,Gil Torres,cristina.gil2@outlook.com,Alemania,Múnich,52,M
4321,Andrés,Álvarez Gómez,andres.alvarez@icloud.com,Italia,Roma,33,F
4322,Carlos,Díaz Gómez,carlos.diaz1@gmail.com,Argentina,Rosario,34,M
4323,Alberto,Martínez López,alberto.martinez1@icloud.com,Portugal,Oporto,18,M
4324,Javier,Gil Álvarez,javier.gil1@yahoo.com,Alemania,Hamburgo,33,F
4325,Diego,Ramos Hernández,diego.ramos@hotmail.com,Reino Unido,Londres,43,F
4326,Pablo,Fernández Sánchez,pablo.fernandez@outlook.com,Argentina,Córdoba,24,F
4327,Raquel,Vázquez Romero,raquel.vazquez3@outlook.com,España,Barcelona,27,M
4328,Ana,Hernández Jiménez,ana.hernandez5@hotmail.com,Argentina,Buenos Aires,42,M
4329,Álvaro,Pérez Vázquez,alvaro.perez2@yahoo.com,España,Sevilla,20,M
4330,Andrés,Jiménez Gómez,andres.jimenez2@live.com,Reino Unido,Londres,45,M
4331,Juan,Díaz Fernández,juan.diaz3@icloud.com,España,Bilbao,29,F
4332,María,Martínez Sánchez,maria.martinez@live.com,España,Bilbao,31,M
4333,David,Ruiz Díaz,david.ruiz2@icloud.com,Francia,Marsella,23,F
4334,Cristina,Pérez Fernández,cristina.perez3@hotmail.com,Portugal,Oporto,38,M
4335,Diego,Domínguez Hernández,diego.dominguez1@yahoo.com,España,Sevilla,59,M
4336,Diego,Ramos Domínguez,diego.ramos3@gmail.com,España,Sevilla,42,Otro/NA
4337,David,Torres Hernández,david.torres2@hotmail.com,Italia,Milán,26,M
4338,Lucía,Fernández Jiménez,lucia.fernandez@hotmail.com,México,Guadalajara,46,M
4339,Diego,López Domínguez,diego.lopez1@live.com,España,Madrid,31,M
4340,Elena,Torres Torres,elena.torres5@outlook.com,España,Bilbao,48,M
4341,Javier,Gil Sánchez,javier.gil4@icloud.com,Francia,Marsella,43,F
4342,Elena,López Hernández,elena.lopez@live.com,España,Bilbao,18,M
4343,Marta,Gómez Gil,marta.gomez2@gmail.com,México,Monterrey,24,F
4344,Juan,Domínguez Fernández,juan.dominguez3@gmail.com,México,CDMX,44,F
4345,Cristina,Muñoz Ramos,cristina.munoz1@gmail.com,Italia,Nápoles,36,F
4346,Javier,Domínguez Pérez,javier.dominguez3@live.com,España,Madrid,24,M
4347,Álvaro,Moreno Jiménez,alvaro.moreno2@outlook.com,Reino Unido,Londres,28,F
4348,Raquel,Torres Gómez,raquel.torres3@yahoo.com,Alemania,Berlín,18,M
4349,Raquel,Domínguez Fernández,raquel.dominguez2@live.com,México,Monterrey,34,F
4350,Javier,Romero Muñoz,javier.romero3@live.com,Italia,Nápoles,57,F
4351,Lucía,Gómez Gómez,lucia.gomez3@gmail.com,Reino Unido,Manchester,43,M
4352,Patricia,Jiménez Gómez,patricia.jimenez1@icloud.com,Italia,Milán,56,F
4353,Patricia,Moreno Gil,patricia.moreno2@gmail.com,Francia,París,43,F
4354,Sofía,Domínguez Gómez,sofia.dominguez3@icloud.com,Argentina,Rosario,45,F
4355,Patricia,Torres Jiménez,patricia.torres2@outlook.com,Alemania,Berlín,54,M
4356,Lucía,Torres Domínguez,lucia.torres4@icloud.com,Italia,Nápoles,38,F
4357,Diego,Torres Torres,diego.torres3@icloud.com,España,Barcelona,33,F
4358,Patricia,Ruiz Gil,patricia.ruiz3@live.com,Italia,Nápoles,45,M
4359,Elena,Ramos Álvarez,elena.ramos4@gmail.com,Italia,Nápoles,49,F
4360,Carlos,Muñoz Ruiz,carlos.munoz1@outlook.com,España,Valencia,30,M
4361,Diego,Ramos Díaz,diego.ramos2@outlook.com,España,Barcelona,27,M
4362,María,Martínez Ruiz,maria.martinez3@icloud.com,Italia,Roma,36,F
4363,Carlos,Fernández Torres,carlos.fernandez4@hotmail.com,Reino Unido,Londres,43,F
4364,Raquel,Díaz Hernández,raquel.diaz@gmail.com,Alemania,Hamburgo,42,F
4365,Alberto,Fernández Moreno,alberto.fernandez3@live.com,España,Bilbao,20,F
4366,Juan,Romero Pérez,juan.romero5@yahoo.com,Portugal,Oporto,54,M
4367,Álvaro,Díaz Hernández,alvaro.diaz1@outlook.com,España,Bilbao,28,M
4368,Álvaro,Muñoz Jiménez,alvaro.munoz2@icloud.com,Francia,Lyon,32,F
4369,María,Fernández Moreno,maria.fernandez2@hotmail.com,España,Valencia,25,M
4370,Lucía,Hernández Jiménez,lucia.hernandez1@yahoo.com,España,Barcelona,61,F
4371,Andrés,Álvarez Romero,andres.alvarez1@icloud.com,España,Valencia,37,F
4372,Andrés,Muñoz Hernández,andres.munoz1@live.com,España,Sevilla,26,M
4373,Sergio,Ramos Álvarez,sergio.ramos4@icloud.com,España,Valencia,43,M
4374,Cristina,Gómez Ramos,cristina.gomez2@icloud.com,España,Bilbao,42,F
4375,Álvaro,Moreno Muñoz,alvaro.moreno@live.com,Alemania,Hamburgo,33,F
4376,Laura,Ruiz Álvarez,laura.ruiz1@yahoo.com,Alemania,Múnich,43,F
4377,Patricia,Vázquez García,patricia.vazquez1@icloud.com,España,Bilbao,26,F
4378,Elena,López Muñoz,elena.lopez1@icloud.com,México,Monterrey,30,F
4379,Pablo,Pérez Martínez,pablo.perez@yahoo.com,España,Bilbao,18,M
4380,Juan,López Álvarez,juan.lopez2@live.com,Alemania,Hamburgo,21,M
4381,Javier,Hernández Moreno,javier.hernandez1@outlook.com,España,Sevilla,53,M
4382,Patricia,Romero Pérez,patricia.romero2@icloud.com,España,Bilbao,51,M
4383,Elena,Domínguez Romero,elena.dominguez3@live.com,Italia,Milán,35,M
4384,Álvaro,Moreno Ruiz,alvaro.moreno4@icloud.com,Italia,Milán,51,M
4385,Andrés,Díaz García,andres.diaz2@icloud.com,México,CDMX,33,M
4386,Andrés,Ramos Fernández,andres.ramos@live.com,Alemania,Hamburgo,32,M
4387,Diego,Martínez Fernández,diego.martinez@live.com,Argentina,Córdoba,35,F
4388,Pablo,Romero Ruiz,pablo.romero1@live.com,España,Sevilla,33,F
4389,Patricia,Domínguez Hernández,patricia.dominguez1@live.com,España,Valencia,32,M
4390,Carlos,Gil Moreno,carlos.gil3@yahoo.com,España,Bilbao,46,F
4391,Carlos,Jiménez García,carlos.jimenez1@gmail.com,España,Valencia,36,M
4392,Javier,Álvarez Jiménez,javier.alvarez1@icloud.com,Alemania,Hamburgo,42,F
4393,María,Romero Álvarez,maria.romero2@outlook.com,Portugal,Lisboa,45,M
4394,Elena,Romero Muñoz,elena.romero2@hotmail.com,España,Bilbao,38,F
4395,Pablo,Álvarez Jiménez,pablo.alvarez1@icloud.com,Argentina,Rosario,25,M
4396,Sergio,Álvarez Vázquez,sergio.alvarez3@outlook.com,México,CDMX,21,F
4397,Álvaro,Moreno Vázquez,alvaro.moreno5@icloud.com,España,Bilbao,36,M
4398,Cristina,Torres Fernández,cristina.torres5@yahoo.com,España,Madrid,33,F
4399,Pablo,Jiménez Fernández,pablo.jimenez1@live.com,España,Barcelona,35,M
4400,Carlos,Ruiz Gil,carlos.ruiz@icloud.com,España,Barcelona,34,M
4401,Juan,Muñoz Domínguez,juan.munoz1@hotmail.com,España,Madrid,60,F
4402,David,García Romero,david.garcia7@hotmail.com,Alemania,Múnich,21,M
4403,Diego,Gómez Ruiz,diego.gomez1@outlook.com,España,Bilbao,18,F
4404,Ana,Romero Sánchez,ana.romero@icloud.com,España,Sevilla,38,M
4405,Alberto,Díaz López,alberto.diaz1@gmail.com,Argentina,Rosario,31,M
4406,Carlos,Ruiz Díaz,carlos.ruiz1@outlook.com,Portugal,Lisboa,38,F
4407,Marta,López Gómez,marta.lopez1@gmail.com,Argentina,Buenos Aires,40,M
4408,Andrés,Moreno Jiménez,andres.moreno3@icloud.com,España,Valencia,47,M
4409,Laura,López Torres,laura.lopez@outlook.com,España,Bilbao,19,F
4410,Laura,Hernández Ramos,laura.hernandez1@icloud.com,Alemania,Hamburgo,29,F
4411,Carlos,Domínguez Torres,carlos.dominguez1@icloud.com,España,Barcelona,39,F
4412,Raquel,Domínguez Martínez,raquel.dominguez2@hotmail.com,España,Bilbao,42,M
4413,Laura,Vázquez Muñoz,laura.vazquez3@hotmail.com,Portugal,Oporto,56,F
4414,Patricia,López Torres,patricia.lopez@hotmail.com,Portugal,Lisboa,44,M
4415,Laura,Ruiz Díaz,laura.ruiz1@gmail.com,Francia,Lyon,34,M
4416,Elena,Díaz Ruiz,elena.diaz4@hotmail.com,Alemania,Berlín,26,F
4417,Carlos,Sánchez Gil,carlos.sanchez2@hotmail.com,Francia,Lyon,29,M
4418,Alberto,Sánchez Ramos,alberto.sanchez3@outlook.com,España,Bilbao,29,M
4419,Juan,López Muñoz,juan.lopez2@hotmail.com,España,Bilbao,41,M
4420,Sofía,Moreno Martínez,sofia.moreno1@yahoo.com,España,Valencia,37,F
4421,Carlos,Martínez Sánchez,carlos.martinez1@yahoo.com,España,Valencia,21,F
4422,Patricia,Vázquez Martínez,patricia.vazquez2@icloud.com,Argentina,Córdoba,30,F
4423,Patricia,Fernández Jiménez,patricia.fernandez1@icloud.com,Italia,Roma,43,M
4424,Sofía,Jiménez Ruiz,sofia.jimenez1@gmail.com,Reino Unido,Manchester,38,F
4425,Cristina,Fernández Vázquez,cristina.fernandez@yahoo.com,España,Barcelona,40,F
4426,Ana,Jiménez Moreno,ana.jimenez1@icloud.com,España,Sevilla,38,M
4427,Diego,Ruiz Romero,diego.ruiz5@live.com,España,Sevilla,51,M
4428,María,Hernández Hernández,maria.hernandez1@gmail.com,España,Barcelona,37,M
4429,Cristina,Ruiz Sánchez,cristina.ruiz2@icloud.com,España,Bilbao,31,M
4430,Juan,Fernández Torres,juan.fernandez@yahoo.com,Reino Unido,Manchester,25,F
4431,Álvaro,Gil Pérez,alvaro.gil2@hotmail.com,Portugal,Lisboa,37,M
4432,Alberto,Pérez López,alberto.perez1@yahoo.com,Alemania,Berlín,18,M
4433,Sofía,Vázquez Jiménez,sofia.vazquez2@live.com,Francia,París,33,F
4434,Diego,Ruiz Álvarez,diego.ruiz@gmail.com,Argentina,Rosario,32,F
4435,Cristina,García Pérez,cristina.garcia2@yahoo.com,España,Barcelona,21,F
4436,David,Hernández Pérez,david.hernandez1@yahoo.com,España,Madrid,25,M
4437,Sofía,Hernández Ramos,sofia.hernandez1@gmail.com,España,Barcelona,43,M
4438,David,Moreno Hernández,david.moreno2@live.com,Reino Unido,Manchester,37,M
4439,Ana,Muñoz Ramos,ana.munoz@yahoo.com,Argentina,Córdoba,36,M
4440,Carlos,Muñoz Fernández,carlos.munoz@hotmail.com,España,Bilbao,38,M
4441,Raquel,Ramos Vázquez,raquel.ramos3@live.com,México,CDMX,35,F
4442,Andrés,García López,andres.garcia3@hotmail.com,México,CDMX,47,M
4443,Andrés,Torres Romero,andres.torres4@outlook.com,España,Bilbao,36,M
4444,Elena,Domínguez Díaz,elena.dominguez5@icloud.com,España,Barcelona,20,M
4445,Cristina,Pérez Jiménez,cristina.perez4@live.com,Francia,Marsella,51,F
4446,Raquel,Muñoz Ramos,raquel.munoz1@hotmail.com,Argentina,Córdoba,38,F
4447,Alberto,Díaz Vázquez,alberto.diaz1@icloud.com,España,Bilbao,29,F
4448,Andrés,Díaz Ruiz,andres.diaz3@icloud.com,Reino Unido,Londres,22,M
4449,Javier,Fernández Vázquez,javier.fernandez2@hotmail.com,España,Valencia,38,M
4450,Marta,Torres Domínguez,marta.torres@outlook.com,Reino Unido,Manchester,33,M
4451,Raquel,Díaz Hernández,raquel.diaz3@live.com,Francia,Marsella,50,M
4452,Elena,Domínguez García,elena.dominguez4@live.com,Italia,Roma,31,F
4453,Sergio,Ramos Pérez,sergio.ramos5@icloud.com,México,CDMX,26,Otro/NA
4454,Patricia,Vázquez López,patricia.vazquez2@outlook.com,Reino Unido,Londres,43,F
4455,Ana,Romero Jiménez,ana.romero2@live.com,México,CDMX,44,F
4456,Ana,Romero Moreno,ana.romero1@hotmail.com,España,Sevilla,36,F
4457,Alberto,Jiménez Romero,alberto.jimenez1@icloud.com,Portugal,Oporto,41,M
4458,Andrés,López Fernández,andres.lopez2@hotmail.com,España,Bilbao,34,Otro/NA
4459,Cristina,Jiménez Gómez,cristina.jimenez@live.com,Francia,París,37,M
4460,Sergio,Fernández Jiménez,sergio.fernandez3@icloud.com,Alemania,Múnich,46,F
4461,Álvaro,Álvarez Romero,alvaro.alvarez1@gmail.com,Francia,Lyon,41,M
4462,Elena,Álvarez Díaz,elena.alvarez3@outlook.com,Alemania,Berlín,33,M
4463,Álvaro,Fernández Romero,alvaro.fernandez1@gmail.com,Argentina,Rosario,48,F
4464,Laura,Romero Moreno,laura.romero4@outlook.com,España,Sevilla,18,M
4465,Laura,Romero Jiménez,laura.romero3@yahoo.com,Portugal,Oporto,55,M
4466,Laura,Vázquez Fernández,laura.vazquez2@live.com,España,Bilbao,18,M
4467,Andrés,García Ruiz,andres.garcia1@gmail.com,España,Barcelona,28,M
4468,Sergio,Moreno Ruiz,sergio.moreno7@hotmail.com,España,Barcelona,34,F
4469,Pablo,Pérez Gil,pablo.perez3@live.com,Argentina,Córdoba,33,F
4470,Ana,Ramos García,ana.ramos3@icloud.com,México,CDMX,45,M
4471,David,Pérez Pérez,david.perez1@icloud.com,México,Monterrey,24,M
4472,Cristina,Hernández Sánchez,cristina.hernandez3@yahoo.com,Argentina,Rosario,37,F
4473,Álvaro,García Álvarez,alvaro.garcia2@outlook.com,España,Valencia,29,M
4474,Elena,Torres Álvarez,elena.torres3@gmail.com,España,Bilbao,37,M
4475,Carlos,Moreno Muñoz,carlos.moreno1@icloud.com,Portugal,Lisboa,34,M
4476,Pablo,Jiménez Torres,pablo.jimenez@hotmail.com,Alemania,Hamburgo,35,F
4477,Álvaro,Díaz Martínez,alvaro.diaz1@yahoo.com,Francia,Lyon,29,M
4478,Diego,Álvarez Domínguez,diego.alvarez@icloud.com,España,Madrid,29,M
4479,Sofía,Álvarez Martínez,sofia.alvarez3@outlook.com,Italia,Nápoles,37,F
4480,Sofía,Muñoz Domínguez,sofia.munoz3@icloud.com,Italia,Milán,44,M
4481,Alberto,Vázquez Moreno,alberto.vazquez2@live.com,España,Barcelona,29,F
4482,Álvaro,Hernández García,alvaro.hernandez@hotmail.com,Francia,París,26,M
4483,Sergio,Jiménez Ramos,sergio.jimenez1@yahoo.com,Alemania,Hamburgo,41,M
4484,Alberto,Ramos Álvarez,alberto.ramos2@live.com,Italia,Milán,34,M
4485,María,García Martínez,maria.garcia2@outlook.com,España,Madrid,43,M
4486,Cristina,Ramos Domínguez,cristina.ramos1@gmail.com,Reino Unido,Londres,25,F
4487,Carlos,Martínez Jiménez,carlos.martinez2@icloud.com,España,Madrid,18,F
4488,María,Pérez Vázquez,maria.perez3@yahoo.com,España,Bilbao,29,M
4489,Raquel,Pérez Torres,raquel.perez7@icloud.com,Reino Unido,Londres,27,M
4490,Ana,Jiménez Hernández,ana.jimenez1@yahoo.com,Italia,Nápoles,34,M
4491,Juan,Ramos Ramos,juan.ramos1@outlook.com,España,Madrid,28,F
4492,Juan,Gil Jiménez,juan.gil1@yahoo.com,Portugal,Lisboa,42,F
4493,Laura,Gil López,laura.gil2@live.com,Italia,Roma,32,M
4494,Marta,Ramos López,marta.ramos1@gmail.com,Reino Unido,Londres,36,F
4495,David,Muñoz Ramos,david.munoz1@hotmail.com,Reino Unido,Manchester,36,F
4496,Sergio,Muñoz López,sergio.munoz2@gmail.com,Italia,Milán,36,F
4497,Marta,Fernández Vázquez,marta.fernandez2@icloud.com,Alemania,Berlín,34,M
4498,Ana,Muñoz Sánchez,ana.munoz1@yahoo.com,España,Valencia,40,M
4499,Juan,López Vázquez,juan.lopez6@yahoo.com,España,Valencia,27,M
4500,Sergio,Vázquez Gómez,sergio.vazquez5@gmail.com,Francia,París,48,F
4501,Laura,Muñoz Domínguez,laura.munoz3@live.com,Italia,Roma,32,F
4502,Álvaro,Fernández López,alvaro.fernandez2@live.com,Alemania,Hamburgo,21,F
4503,Juan,Torres Ramos,juan.torres2@hotmail.com,España,Sevilla,36,M
4504,Pablo,Sánchez Romero,pablo.sanchez@hotmail.com,España,Madrid,26,M
4505,Patricia,Jiménez Gil,patricia.jimenez2@icloud.com,Alemania,Hamburgo,41,M
4506,Carlos,Ramos Fernández,carlos.ramos@outlook.com,España,Madrid,57,F
4507,Andrés,Romero López,andres.romero3@icloud.com,Reino Unido,Manchester,27,M
4508,Álvaro,Hernández Álvarez,alvaro.hernandez2@outlook.com,España,Bilbao,38,M
4509,Javier,López Ruiz,javier.lopez1@gmail.com,Italia,Roma,18,F
4510,Álvaro,Gómez Romero,alvaro.gomez@outlook.com,Argentina,Rosario,39,M
4511,Raquel,Sánchez Romero,raquel.sanchez3@hotmail.com,España,Madrid,26,M
4512,Javier,Vázquez Pérez,javier.vazquez1@outlook.com,Francia,París,28,M
4513,Cristina,Gómez Jiménez,cristina.gomez1@yahoo.com,España,Valencia,23,F
4514,Sergio,Martínez López,sergio.martinez2@icloud.com,Italia,Milán,42,F
4515,Juan,Gil Gómez,juan.gil@hotmail.com,Alemania,Berlín,45,F
4516,Raquel,Torres Ramos,raquel.torres3@hotmail.com,Francia,París,35,F
4517,Raquel,García Jiménez,raquel.garcia@icloud.com,Alemania,Múnich,26,F
4518,Alberto,Gómez Romero,alberto.gomez1@outlook.com,México,CDMX,50,F
4519,Elena,Fernández Domínguez,elena.fernandez3@icloud.com,España,Sevilla,27,F
4520,Álvaro,López Álvarez,alvaro.lopez2@outlook.com,España,Barcelona,18,F
4521,Juan,Muñoz García,juan.munoz@live.com,México,Guadalajara,39,M
4522,María,Hernández Muñoz,maria.hernandez2@gmail.com,Italia,Roma,23,M
4523,Marta,Fernández Ramos,marta.fernandez3@gmail.com,México,Guadalajara,44,M
4524,Laura,Díaz Hernández,laura.diaz3@hotmail.com,Italia,Nápoles,31,F
4525,Andrés,Hernández García,andres.hernandez2@yahoo.com,Reino Unido,Manchester,41,F
4526,Patricia,Domínguez Gil,patricia.dominguez1@hotmail.com,Francia,París,49,F
4527,Javier,López Muñoz,javier.lopez2@gmail.com,Reino Unido,Manchester,22,M
4528,Pablo,Romero García,pablo.romero6@gmail.com,Argentina,Córdoba,29,M
4529,Sofía,Martínez García,sofia.martinez3@live.com,Italia,Roma,34,M
4530,Álvaro,Moreno Díaz,alvaro.moreno6@icloud.com,España,Sevilla,50,F
4531,Andrés,Domínguez Jiménez,andres.dominguez1@yahoo.com,España,Madrid,28,M
4532,Laura,García Álvarez,laura.garcia@icloud.com,España,Barcelona,29,F
4533,Laura,Gómez Pérez,laura.gomez@yahoo.com,España,Valencia,39,M
4534,Sergio,Jiménez Ruiz,sergio.jimenez2@yahoo.com,España,Bilbao,29,M
4535,Patricia,Álvarez Díaz,patricia.alvarez2@gmail.com,Alemania,Hamburgo,36,F
4536,David,Muñoz Ramos,david.munoz@gmail.com,Italia,Nápoles,19,M
4537,Lucía,Gómez Jiménez,lucia.gomez4@gmail.com,Francia,Lyon,57,M
4538,David,Sánchez Vázquez,david.sanchez2@yahoo.com,Italia,Nápoles,21,F
4539,David,Pérez Romero,david.perez2@icloud.com,España,Barcelona,31,M
4540,Cristina,Vázquez Fernández,cristina.vazquez2@hotmail.com,España,Barcelona,34,Otro/NA
4541,Carlos,Álvarez Ramos,carlos.alvarez6@gmail.com,España,Valencia,54,F
4542,Raquel,Torres Moreno,raquel.torres1@gmail.com,Alemania,Berlín,21,M
4543,Juan,López Ramos,juan.lopez3@live.com,España,Bilbao,54,F
4544,Alberto,Muñoz Pérez,alberto.munoz3@hotmail.com,España,Madrid,42,M
4545,Marta,Fernández Fernández,marta.fernandez3@icloud.com,Francia,Marsella,39,F
4546,Álvaro,Pérez Pérez,alvaro.perez3@outlook.com,Reino Unido,Londres,25,F
4547,Marta,Fernández Fernández,marta.fernandez4@gmail.com,España,Valencia,40,F
4548,Ana,Hernández Hernández,ana.hernandez2@gmail.com,Portugal,Oporto,27,M
4549,David,Álvarez Gómez,david.alvarez@gmail.com,Portugal,Oporto,47,M
4550,Sofía,Torres Sánchez,sofia.torres1@yahoo.com,Reino Unido,Londres,25,M
4551,Marta,Gómez García,marta.gomez@icloud.com,Argentina,Córdoba,33,F
4552,María,Gil Vázquez,maria.gil4@gmail.com,España,Valencia,29,F
4553,Elena,Ramos Gil,elena.ramos1@icloud.com,España,Sevilla,25,M
4554,Patricia,Hernández Martínez,patricia.hernandez2@live.com,México,Monterrey,42,F
4555,Ana,Ramos Pérez,ana.ramos5@outlook.com,Francia,París,40,M
4556,Juan,Fernández Vázquez,juan.fernandez2@gmail.com,Italia,Roma,47,M
4557,Ana,Domínguez Moreno,ana.dominguez@outlook.com,Portugal,Oporto,18,M
4558,Elena,Romero López,elena.romero2@live.com,Portugal,Oporto,45,M
4559,Andrés,Ruiz Jiménez,andres.ruiz1@icloud.com,Argentina,Córdoba,60,M
4560,Juan,Fernández Jiménez,juan.fernandez3@gmail.com,Argentina,Buenos Aires,30,F
4561,Andrés,García Díaz,andres.garcia@live.com,Reino Unido,Manchester,53,M
4562,Sergio,Pérez Fernández,sergio.perez4@outlook.com,España,Bilbao,32,M
4563,Diego,Romero Fernández,diego.romero4@gmail.com,México,CDMX,21,F
4564,Sofía,López Hernández,sofia.lopez2@yahoo.com,España,Valencia,31,M
4565,Álvaro,Muñoz Gómez,alvaro.munoz3@yahoo.com,España,Valencia,45,F
4566,Pablo,Gil Álvarez,pablo.gil3@hotmail.com,México,CDMX,26,M
4567,Lucía,Díaz Ruiz,lucia.diaz4@live.com,España,Madrid,28,F
4568,Elena,Domínguez Díaz,elena.dominguez6@icloud.com,España,Sevilla,40,F
4569,Cristina,Jiménez Fernández,cristina.jimenez1@hotmail.com,España,Valencia,35,M
4570,Javier,Ramos Moreno,javier.ramos1@icloud.com,México,CDMX,40,F
4571,David,Torres García,david.torres2@yahoo.com,Alemania,Múnich,37,F
4572,Cristina,Romero Pérez,cristina.romero2@live.com,Portugal,Lisboa,39,F
4573,Lucía,Romero Romero,lucia.romero1@yahoo.com,España,Barcelona,30,M
4574,Cristina,Ramos Sánchez,cristina.ramos3@live.com,Reino Unido,Londres,37,M
4575,David,Martínez Muñoz,david.martinez2@hotmail.com,Reino Unido,Manchester,25,F
4576,Alberto,López García,alberto.lopez5@gmail.com,España,Sevilla,47,F
4577,Álvaro,Hernández Romero,alvaro.hernandez2@live.com,Francia,París,28,M
4578,Álvaro,Romero Fernández,alvaro.romero2@outlook.com,España,Sevilla,46,M
4579,Raquel,Moreno Muñoz,raquel.moreno3@hotmail.com,Argentina,Buenos Aires,32,M
4580,Lucía,Hernández Martínez,lucia.hernandez1@live.com,Portugal,Lisboa,37,M
4581,Pablo,Muñoz Romero,pablo.munoz1@outlook.com,Argentina,Rosario,30,M
4582,Javier,Gil Romero,javier.gil2@outlook.com,España,Bilbao,24,M
4583,Laura,Gómez Muñoz,laura.gomez2@gmail.com,Reino Unido,Manchester,18,M
4584,Elena,Álvarez Fernández,elena.alvarez1@yahoo.com,Reino Unido,Manchester,24,M
4585,Elena,Díaz Fernández,elena.diaz2@yahoo.com,Portugal,Oporto,31,F
4586,Pablo,Gómez Muñoz,pablo.gomez4@yahoo.com,Argentina,Buenos Aires,37,M
4587,Sergio,Gil Ramos,sergio.gil2@icloud.com,España,Valencia,45,M
4588,Laura,Álvarez Sánchez,laura.alvarez2@outlook.com,España,Barcelona,30,M
4589,Andrés,Romero López,andres.romero3@yahoo.com,Portugal,Oporto,26,F
4590,Cristina,Muñoz Gómez,cristina.munoz@hotmail.com,Reino Unido,Londres,20,F
4591,Diego,Gómez Domínguez,diego.gomez3@gmail.com,Italia,Nápoles,39,F
4592,Álvaro,Ramos Ramos,alvaro.ramos3@live.com,España,Madrid,48,M
4593,María,Sánchez Domínguez,maria.sanchez@yahoo.com,Alemania,Múnich,47,F
4594,Carlos,Muñoz Sánchez,carlos.munoz1@hotmail.com,España,Valencia,42,M
4595,Pablo,Martínez Gómez,pablo.martinez@live.com,Francia,Lyon,41,M
4596,Patricia,Díaz Fernández,patricia.diaz1@yahoo.com,Portugal,Lisboa,51,F
4597,Javier,Gómez Sánchez,javier.gomez1@yahoo.com,Reino Unido,Manchester,38,F
4598,Andrés,Ruiz Torres,andres.ruiz1@live.com,España,Madrid,41,F
4599,Andrés,Vázquez Gil,andres.vazquez4@hotmail.com,Francia,París,31,F
4600,Javier,Hernández Moreno,javier.hernandez4@icloud.com,España,Madrid,21,F
4601,Juan,López Jiménez,juan.lopez3@hotmail.com,España,Bilbao,28,M
4602,Elena,Fernández Álvarez,elena.fernandez3@outlook.com,Reino Unido,Manchester,34,M
4603,Raquel,Torres Fernández,raquel.torres2@gmail.com,México,Guadalajara,35,M
4604,Carlos,Álvarez Fernández,carlos.alvarez2@icloud.com,España,Barcelona,54,F
4605,Raquel,Vázquez López,raquel.vazquez2@gmail.com,Reino Unido,Manchester,35,M
4606,Marta,Sánchez Domínguez,marta.sanchez2@live.com,México,Monterrey,46,F
4607,Álvaro,Moreno Moreno,alvaro.moreno3@yahoo.com,México,Monterrey,30,M
4608,Sergio,López Torres,sergio.lopez@live.com,España,Valencia,31,M
4609,María,Sánchez Ruiz,maria.sanchez1@live.com,Argentina,Córdoba,21,M
4610,Cristina,Domínguez Domínguez,cristina.dominguez2@yahoo.com,España,Valencia,27,M
4611,Pablo,Jiménez Sánchez,pablo.jimenez2@yahoo.com,España,Madrid,40,F
4612,Cristina,Álvarez Romero,cristina.alvarez1@gmail.com,España,Valencia,35,M
4613,Cristina,Romero García,cristina.romero3@hotmail.com,Alemania,Berlín,44,M
4614,Patricia,Gómez García,patricia.gomez@icloud.com,España,Madrid,36,M
4615,Diego,Ruiz Muñoz,diego.ruiz6@live.com,España,Barcelona,31,M
4616,Juan,Fernández Álvarez,juan.fernandez@icloud.com,España,Bilbao,56,M
4617,Sergio,Domínguez Muñoz,sergio.dominguez1@gmail.com,Reino Unido,Londres,34,M
4618,Laura,Martínez Sánchez,laura.martinez@outlook.com,México,CDMX,46,F
4619,Elena,Romero Moreno,elena.romero2@gmail.com,España,Sevilla,30,M
4620,Cristina,García Moreno,cristina.garcia3@yahoo.com,México,CDMX,42,M
4621,Lucía,López Hernández,lucia.lopez2@icloud.com,México,CDMX,44,F
4622,Carlos,Romero López,carlos.romero4@live.com,Reino Unido,Manchester,37,M
4623,David,Muñoz Álvarez,david.munoz1@icloud.com,España,Barcelona,18,M
4624,Álvaro,Jiménez Hernández,alvaro.jimenez1@outlook.com,Portugal,Oporto,35,F
4625,Álvaro,Muñoz Díaz,alvaro.munoz2@gmail.com,Argentina,Córdoba,47,M
4626,María,Fernández López,maria.fernandez3@hotmail.com,Portugal,Lisboa,40,F
4627,Lucía,Muñoz Muñoz,lucia.munoz1@hotmail.com,España,Sevilla,39,F
4628,Laura,Martínez Torres,laura.martinez@hotmail.com,Alemania,Berlín,18,F
4629,Laura,García García,laura.garcia@yahoo.com,Portugal,Lisboa,27,F
4630,Alberto,Ruiz Ruiz,alberto.ruiz3@hotmail.com,Alemania,Múnich,39,M
4631,Carlos,Sánchez Jiménez,carlos.sanchez3@gmail.com,España,Valencia,39,M
4632,Laura,Pérez Martínez,laura.perez4@hotmail.com,España,Valencia,47,M
4633,Álvaro,Jiménez Pérez,alvaro.jimenez2@outlook.com,Reino Unido,Manchester,33,M
4634,Alberto,Romero Díaz,alberto.romero3@outlook.com,México,CDMX,39,F
4635,Lucía,Torres Gómez,lucia.torres@live.com,España,Bilbao,35,F
4636,Ana,Romero Ramos,ana.romero2@hotmail.com,Argentina,Rosario,25,F
4637,María,López García,maria.lopez2@hotmail.com,España,Barcelona,18,F
4638,Patricia,López Pérez,patricia.lopez4@outlook.com,Portugal,Oporto,39,M
4639,Elena,Vázquez Domínguez,elena.vazquez6@yahoo.com,Reino Unido,Londres,36,F
4640,Juan,Díaz Pérez,juan.diaz@gmail.com,Reino Unido,Londres,28,F
4641,Lucía,Romero Pérez,lucia.romero2@yahoo.com,Argentina,Rosario,18,F
4642,Lucía,Pérez Torres,lucia.perez@icloud.com,España,Sevilla,41,M
4643,Juan,Torres Martínez,juan.torres4@gmail.com,México,Monterrey,32,F
4644,David,Ruiz Martínez,david.ruiz2@yahoo.com,España,Madrid,40,M
4645,Marta,Gómez Gil,marta.gomez3@gmail.com,Portugal,Oporto,53,F
4646,Álvaro,Gómez Fernández,alvaro.gomez3@hotmail.com,Reino Unido,Manchester,18,F
4647,Lucía,García Hernández,lucia.garcia2@hotmail.com,Portugal,Oporto,28,M
4648,Sofía,Gil Moreno,sofia.gil3@live.com,España,Valencia,32,F
4649,Javier,Sánchez Gil,javier.sanchez@gmail.com,México,Monterrey,49,F
4650,Marta,Gómez Álvarez,marta.gomez4@gmail.com,España,Bilbao,18,M
4651,Alberto,Hernández Gómez,alberto.hernandez1@icloud.com,España,Madrid,54,F
4652,Raquel,Sánchez Álvarez,raquel.sanchez4@hotmail.com,Portugal,Lisboa,36,F
4653,Patricia,Vázquez Gómez,patricia.vazquez4@gmail.com,Francia,París,34,F
4654,Raquel,Muñoz Gómez,raquel.munoz2@yahoo.com,México,Monterrey,33,F
4655,Alberto,Gómez Domínguez,alberto.gomez2@gmail.com,España,Bilbao,30,M
4656,Elena,López Pérez,elena.lopez3@hotmail.com,España,Valencia,45,F
4657,María,García Gómez,maria.garcia@yahoo.com,México,Monterrey,24,M
4658,Raquel,Ruiz Moreno,raquel.ruiz@hotmail.com,Alemania,Hamburgo,38,M
4659,Carlos,Pérez Sánchez,carlos.perez1@icloud.com,España,Sevilla,31,F
4660,Álvaro,Romero Gómez,alvaro.romero@live.com,Reino Unido,Manchester,27,F
4661,María,Moreno García,maria.moreno1@outlook.com,Alemania,Múnich,60,F
4662,Andrés,Gómez Torres,andres.gomez4@hotmail.com,Italia,Milán,39,F
4663,Lucía,Fernández Fernández,lucia.fernandez4@yahoo.com,Francia,París,41,F
4664,Sofía,Martínez Hernández,sofia.martinez3@yahoo.com,México,Monterrey,46,M
4665,Juan,Vázquez Muñoz,juan.vazquez2@icloud.com,México,CDMX,20,Otro/NA
4666,Lucía,Fernández Moreno,lucia.fernandez1@icloud.com,Portugal,Oporto,52,M
4667,Pablo,Romero Ruiz,pablo.romero3@outlook.com,España,Bilbao,18,F
4668,Cristina,Martínez Gil,cristina.martinez3@yahoo.com,México,Monterrey,27,F
4669,Carlos,Domínguez Jiménez,carlos.dominguez@gmail.com,Portugal,Oporto,30,F
4670,Sergio,Sánchez García,sergio.sanchez@hotmail.com,Portugal,Lisboa,40,M
4671,Sergio,Muñoz García,sergio.munoz2@hotmail.com,España,Sevilla,37,Otro/NA
4672,Andrés,Hernández Jiménez,andres.hernandez3@yahoo.com,México,CDMX,33,F
4673,Lucía,Romero García,lucia.romero2@gmail.com,Reino Unido,Manchester,34,F
4674,Sergio,Martínez Torres,sergio.martinez2@live.com,España,Valencia,25,M
4675,Patricia,Gil Martínez,patricia.gil2@icloud.com,Francia,París,20,F
4676,Raquel,García Pérez,raquel.garcia@outlook.com,México,CDMX,42,F
4677,Raquel,Martínez Álvarez,raquel.martinez@outlook.com,España,Sevilla,41,F
4678,María,Muñoz Martínez,maria.munoz4@outlook.com,Argentina,Rosario,50,F
4679,Diego,Fernández Vázquez,diego.fernandez1@icloud.com,Portugal,Lisboa,27,M
4680,David,Díaz Muñoz,david.diaz2@gmail.com,Italia,Roma,41,M
4681,Álvaro,Moreno Gil,alvaro.moreno1@live.com,España,Sevilla,32,M
4682,Javier,Díaz Domínguez,javier.diaz2@hotmail.com,España,Valencia,46,M
4683,Ana,Fernández Gómez,ana.fernandez1@icloud.com,Argentina,Rosario,45,Otro/NA
4684,Raquel,López Gómez,raquel.lopez1@outlook.com,España,Madrid,37,M
4685,Álvaro,García Sánchez,alvaro.garcia@gmail.com,Reino Unido,Londres,31,M
4686,Sergio,Álvarez García,sergio.alvarez2@hotmail.com,España,Valencia,44,M
4687,Ana,García Moreno,ana.garcia3@yahoo.com,España,Barcelona,41,F
4688,Sergio,García Díaz,sergio.garcia4@outlook.com,España,Bilbao,28,M
4689,Pablo,Jiménez López,pablo.jimenez1@icloud.com,Alemania,Hamburgo,21,M
4690,María,Fernández Álvarez,maria.fernandez1@gmail.com,Argentina,Rosario,32,M
4691,Álvaro,López López,alvaro.lopez4@gmail.com,España,Madrid,50,M
4692,Álvaro,Díaz Sánchez,alvaro.diaz2@yahoo.com,España,Bilbao,46,Otro/NA
4693,Ana,Sánchez Torres,ana.sanchez2@outlook.com,España,Sevilla,23,M
4694,Carlos,Gómez Romero,carlos.gomez1@outlook.com,Alemania,Berlín,23,F
4695,Juan,Gómez Álvarez,juan.gomez1@gmail.com,Francia,Marsella,47,Otro/NA
4696,María,Martínez Vázquez,maria.martinez@hotmail.com,México,Guadalajara,23,F
4697,Sofía,Álvarez Romero,sofia.alvarez@yahoo.com,Alemania,Múnich,40,Otro/NA
4698,Andrés,Domínguez Pérez,andres.dominguez3@hotmail.com,Alemania,Hamburgo,28,Otro/NA
4699,Raquel,Sánchez Gil,raquel.sanchez@live.com,España,Valencia,51,F
4700,Álvaro,Jiménez García,alvaro.jimenez3@outlook.com,Argentina,Rosario,27,F
4701,Álvaro,Jiménez Hernández,alvaro.jimenez3@gmail.com,España,Barcelona,46,M
4702,Lucía,Vázquez Torres,lucia.vazquez4@yahoo.com,España,Barcelona,36,M
4703,Sergio,Fernández Torres,sergio.fernandez1@yahoo.com,Portugal,Lisboa,37,F
4704,Laura,Gil Ruiz,laura.gil@icloud.com,Italia,Milán,18,F
4705,Pablo,Fernández Pérez,pablo.fernandez1@gmail.com,Francia,Lyon,18,F
4706,Laura,Vázquez Jiménez,laura.vazquez4@hotmail.com,Francia,Lyon,32,F
4707,Alberto,Muñoz Vázquez,alberto.munoz2@yahoo.com,Reino Unido,Manchester,37,M
4708,Cristina,Álvarez Moreno,cristina.alvarez1@live.com,España,Madrid,23,F
4709,Ana,Sánchez Gil,ana.sanchez1@yahoo.com,México,Guadalajara,24,M
4710,David,Díaz Sánchez,david.diaz2@live.com,Portugal,Lisboa,40,M
4711,David,Fernández Torres,david.fernandez@icloud.com,Francia,París,40,F
4712,Javier,Sánchez Torres,javier.sanchez2@hotmail.com,Francia,Marsella,33,M
4713,Andrés,Moreno Ramos,andres.moreno3@hotmail.com,España,Madrid,42,F
4714,Marta,Jiménez Fernández,marta.jimenez@gmail.com,Reino Unido,Londres,23,F
4715,Laura,Gómez Pérez,laura.gomez3@gmail.com,Alemania,Hamburgo,31,M
4716,Carlos,García Díaz,carlos.garcia2@hotmail.com,España,Madrid,51,F
4717,David,Muñoz Domínguez,david.munoz@live.com,Italia,Milán,35,F
4718,Sofía,Jiménez Pérez,sofia.jimenez2@gmail.com,Argentina,Buenos Aires,36,M
4719,Juan,García Pérez,juan.garcia2@yahoo.com,Francia,Marsella,58,M
4720,Álvaro,Muñoz Díaz,alvaro.munoz3@icloud.com,Argentina,Rosario,21,F
4721,Patricia,Fernández López,patricia.fernandez2@icloud.com,España,Sevilla,42,M
4722,Álvaro,Romero Sánchez,alvaro.romero1@hotmail.com,España,Madrid,51,F
4723,Lucía,Díaz Muñoz,lucia.diaz1@gmail.com,España,Barcelona,31,M
4724,Sergio,López Hernández,sergio.lopez1@live.com,Francia,Marsella,43,F
4725,Lucía,Ruiz Gil,lucia.ruiz3@hotmail.com,España,Barcelona,25,F
4726,Marta,Gil Sánchez,marta.gil3@outlook.com,España,Sevilla,28,M
4727,Carlos,Moreno Díaz,carlos.moreno2@icloud.com,Argentina,Buenos Aires,38,F
4728,Laura,Martínez Díaz,laura.martinez1@yahoo.com,México,Guadalajara,42,F
4729,Sofía,López Ruiz,sofia.lopez1@hotmail.com,Reino Unido,Manchester,46,F
4730,Diego,Fernández Gómez,diego.fernandez2@icloud.com,España,Barcelona,50,F
4731,Elena,Álvarez Hernández,elena.alvarez1@icloud.com,España,Madrid,34,F
4732,Pablo,Hernández Jiménez,pablo.hernandez3@outlook.com,España,Valencia,46,F
4733,Ana,Gil Romero,ana.gil1@live.com,Reino Unido,Londres,31,F
4734,Javier,Torres Ramos,javier.torres@yahoo.com,Argentina,Rosario,44,F
4735,Carlos,Sánchez Domínguez,carlos.sanchez4@live.com,Francia,París,37,M
4736,Sergio,Vázquez Domínguez,sergio.vazquez@live.com,España,Barcelona,39,Otro/NA
4737,Andrés,Ramos Ramos,andres.ramos@icloud.com,Alemania,Berlín,39,M
4738,Lucía,Gómez Ruiz,lucia.gomez3@yahoo.com,España,Bilbao,18,M
4739,Laura,Ruiz Pérez,laura.ruiz4@hotmail.com,España,Madrid,23,M
4740,Elena,Sánchez Jiménez,elena.sanchez4@yahoo.com,Italia,Nápoles,36,M
4741,Diego,Gil Álvarez,diego.gil@hotmail.com,Portugal,Oporto,18,M
4742,Patricia,Jiménez Moreno,patricia.jimenez3@icloud.com,España,Sevilla,43,M
4743,Elena,Muñoz Pérez,elena.munoz@hotmail.com,España,Sevilla,43,M
4744,Andrés,Pérez Ramos,andres.perez1@gmail.com,Argentina,Buenos Aires,38,F
4745,Sergio,Jiménez Martínez,sergio.jimenez1@icloud.com,España,Madrid,23,M
4746,Sofía,Gómez Muñoz,sofia.gomez3@hotmail.com,España,Valencia,48,M
4747,Ana,Jiménez Martínez,ana.jimenez2@icloud.com,España,Valencia,55,M
4748,Sofía,Torres Fernández,sofia.torres2@live.com,España,Madrid,36,M
4749,Sofía,López Gómez,sofia.lopez2@outlook.com,España,Madrid,40,M
4750,Pablo,Jiménez García,pablo.jimenez3@yahoo.com,Reino Unido,Londres,37,F
4751,Elena,García Pérez,elena.garcia3@gmail.com,España,Sevilla,40,Otro/NA
4752,Alberto,Gil Martínez,alberto.gil3@outlook.com,Francia,Marsella,33,F
4753,David,Ramos Díaz,david.ramos@hotmail.com,Portugal,Oporto,34,F
4754,María,Romero Gómez,maria.romero1@icloud.com,Alemania,Berlín,44,M
4755,Elena,Muñoz Muñoz,elena.munoz2@yahoo.com,México,Monterrey,58,M
4756,Javier,Domínguez Jiménez,javier.dominguez4@live.com,México,CDMX,20,M
4757,Javier,Díaz García,javier.diaz2@gmail.com,España,Barcelona,33,F
4758,Alberto,Domínguez Ramos,alberto.dominguez3@yahoo.com,Reino Unido,Manchester,23,M
4759,Marta,Ramos Torres,marta.ramos@live.com,Francia,Lyon,50,F
4760,Pablo,García Torres,pablo.garcia1@icloud.com,Argentina,Buenos Aires,29,M
4761,Ana,Díaz Moreno,ana.diaz1@icloud.com,Alemania,Hamburgo,20,M
4762,Elena,García Fernández,elena.garcia2@live.com,Argentina,Rosario,41,Otro/NA
4763,Diego,Gil Ramos,diego.gil1@live.com,Reino Unido,Londres,52,F
4764,Patricia,Sánchez Muñoz,patricia.sanchez1@yahoo.com,España,Madrid,41,F
4765,Patricia,Hernández Romero,patricia.hernandez1@yahoo.com,Alemania,Hamburgo,37,F
4766,Pablo,Díaz Fernández,pablo.diaz3@live.com,Argentina,Córdoba,39,F
4767,Sergio,Álvarez Romero,sergio.alvarez@gmail.com,México,Monterrey,49,F
4768,Diego,Díaz Gil,diego.diaz1@yahoo.com,España,Bilbao,26,F
4769,Álvaro,Gil Ruiz,alvaro.gil3@yahoo.com,Portugal,Oporto,33,M
4770,Carlos,López Vázquez,carlos.lopez3@live.com,España,Madrid,30,F
4771,David,Martínez Romero,david.martinez1@gmail.com,España,Barcelona,23,F
4772,Andrés,Pérez Sánchez,andres.perez2@yahoo.com,Francia,París,31,M
4773,Lucía,Moreno Ruiz,lucia.moreno2@yahoo.com,España,Valencia,46,F
4774,Marta,Torres Domínguez,marta.torres2@hotmail.com,Reino Unido,Manchester,40,Otro/NA
4775,Ana,Hernández Jiménez,ana.hernandez2@yahoo.com,España,Madrid,41,F
4776,Álvaro,Fernández Jiménez,alvaro.fernandez2@icloud.com,México,Monterrey,36,M
4777,Laura,Pérez Gómez,laura.perez5@hotmail.com,España,Bilbao,40,M
4778,Marta,Muñoz Ruiz,marta.munoz3@gmail.com,España,Sevilla,26,F
4779,Lucía,Fernández Jiménez,lucia.fernandez1@outlook.com,España,Barcelona,31,F
4780,Lucía,Martínez Torres,lucia.martinez3@gmail.com,España,Sevilla,36,M
4781,María,Díaz Vázquez,maria.diaz3@yahoo.com,España,Valencia,37,F
4782,Cristina,Gil Romero,cristina.gil3@icloud.com,España,Bilbao,38,M
4783,María,Romero Sánchez,maria.romero@hotmail.com,Alemania,Múnich,33,F
4784,Sofía,Jiménez Jiménez,sofia.jimenez3@gmail.com,España,Barcelona,31,M
4785,Sofía,Pérez Domínguez,sofia.perez1@live.com,Francia,París,66,M
4786,Raquel,Ruiz Ruiz,raquel.ruiz1@hotmail.com,España,Barcelona,44,F
4787,Sofía,Jiménez López,sofia.jimenez3@hotmail.com,México,Guadalajara,39,M
4788,Laura,Martínez Moreno,laura.martinez1@hotmail.com,México,CDMX,32,M
4789,Juan,Domínguez Álvarez,juan.dominguez1@live.com,Alemania,Múnich,30,M
4790,Álvaro,Álvarez García,alvaro.alvarez@outlook.com,España,Valencia,33,M
4791,Marta,Hernández Vázquez,marta.hernandez@outlook.com,España,Barcelona,37,M
4792,Álvaro,García Pérez,alvaro.garcia1@live.com,Argentina,Buenos Aires,18,Otro/NA
4793,Álvaro,Díaz Sánchez,alvaro.diaz1@hotmail.com,España,Valencia,19,F
4794,Diego,Jiménez Díaz,diego.jimenez1@gmail.com,España,Madrid,28,F
4795,Ana,Jiménez Romero,ana.jimenez2@yahoo.com,España,Valencia,37,F
4796,Pablo,Díaz Sánchez,pablo.diaz4@live.com,España,Barcelona,32,M
4797,Raquel,Fernández Sánchez,raquel.fernandez3@live.com,España,Barcelona,49,M
4798,Javier,Vázquez Vázquez,javier.vazquez2@outlook.com,Reino Unido,Manchester,20,M
4799,Sofía,Martínez Hernández,sofia.martinez2@gmail.com,España,Madrid,27,F
4800,Sergio,Díaz Pérez,sergio.diaz2@outlook.com,Italia,Roma,50,F
4801,Ana,Díaz Moreno,ana.diaz2@icloud.com,España,Bilbao,36,M
4802,Patricia,Gil Hernández,patricia.gil2@yahoo.com,España,Bilbao,43,M
4803,Cristina,Muñoz Romero,cristina.munoz2@gmail.com,México,CDMX,55,F
4804,Cristina,Domínguez Álvarez,cristina.dominguez2@live.com,España,Madrid,28,F
4805,Lucía,Jiménez Vázquez,lucia.jimenez5@outlook.com,México,CDMX,34,F
4806,Raquel,Gómez López,raquel.gomez2@yahoo.com,Alemania,Múnich,32,M
4807,Pablo,Romero Domínguez,pablo.romero@icloud.com,España,Sevilla,18,F
4808,Cristina,García Gómez,cristina.garcia@hotmail.com,Argentina,Rosario,31,M
4809,María,López Muñoz,maria.lopez4@live.com,España,Sevilla,43,F
4810,Javier,Torres Domínguez,javier.torres@gmail.com,México,CDMX,40,F
4811,Andrés,López Fernández,andres.lopez@icloud.com,España,Sevilla,41,F
4812,David,Fernández Pérez,david.fernandez1@live.com,México,CDMX,31,M
4813,Cristina,Martínez Díaz,cristina.martinez3@hotmail.com,España,Madrid,28,M
4814,Ana,Pérez García,ana.perez4@gmail.com,Alemania,Múnich,47,M
4815,Patricia,Fernández Fernández,patricia.fernandez3@icloud.com,Reino Unido,Londres,30,M
4816,David,Pérez Moreno,david.perez3@hotmail.com,Argentina,Buenos Aires,37,F
4817,David,López Domínguez,david.lopez3@outlook.com,México,Monterrey,36,F
4818,Sofía,Gómez Gil,sofia.gomez1@icloud.com,Reino Unido,Manchester,49,M
4819,Sofía,Ramos Pérez,sofia.ramos2@yahoo.com,México,Guadalajara,44,M
4820,Ana,Vázquez Ramos,ana.vazquez3@yahoo.com,España,Barcelona,22,M
4821,Diego,Fernández Domínguez,diego.fernandez3@icloud.com,España,Madrid,23,F
4822,Pablo,Díaz Domínguez,pablo.diaz1@gmail.com,España,Barcelona,40,Otro/NA
4823,Juan,Domínguez Martínez,juan.dominguez1@icloud.com,España,Madrid,34,M
4824,Javier,López Vázquez,javier.lopez2@icloud.com,España,Madrid,30,M
4825,Diego,Álvarez Moreno,diego.alvarez1@icloud.com,Alemania,Hamburgo,45,F
4826,Javier,Romero Vázquez,javier.romero4@live.com,España,Valencia,36,F
4827,Lucía,Hernández Díaz,lucia.hernandez1@outlook.com,Portugal,Lisboa,35,M
4828,Marta,Gómez Domínguez,marta.gomez1@hotmail.com,España,Sevilla,42,F
4829,Pablo,Fernández Gómez,pablo.fernandez3@yahoo.com,España,Sevilla,31,Otro/NA
4830,Javier,Díaz Moreno,javier.diaz1@icloud.com,Alemania,Hamburgo,50,F
4831,Juan,Álvarez Gómez,juan.alvarez@icloud.com,Reino Unido,Londres,27,F
4832,Laura,Gómez Sánchez,laura.gomez3@icloud.com,Reino Unido,Londres,41,M
4833,Cristina,Gil Gómez,cristina.gil3@outlook.com,Portugal,Oporto,49,F
4834,Pablo,Díaz Gil,pablo.diaz@icloud.com,España,Barcelona,21,M
4835,Raquel,Hernández Díaz,raquel.hernandez3@gmail.com,Alemania,Múnich,31,M
4836,Diego,Hernández Pérez,diego.hernandez2@hotmail.com,España,Bilbao,46,M
4837,Patricia,Ramos Vázquez,patricia.ramos1@hotmail.com,España,Bilbao,46,M
4838,Juan,Romero Gil,juan.romero2@gmail.com,Francia,París,33,M
4839,Juan,Fernández Álvarez,juan.fernandez2@outlook.com,España,Madrid,27,F
4840,Elena,Ruiz Fernández,elena.ruiz1@gmail.com,España,Valencia,44,F
4841,Carlos,Torres Ruiz,carlos.torres1@icloud.com,Argentina,Córdoba,46,F
4842,Cristina,López Martínez,cristina.lopez2@live.com,Argentina,Córdoba,23,M
4843,Marta,Moreno Muñoz,marta.moreno1@live.com,España,Bilbao,22,M
4844,Marta,Muñoz Hernández,marta.munoz3@hotmail.com,España,Valencia,37,F
4845,Sofía,Muñoz Muñoz,sofia.munoz@live.com,España,Madrid,41,M
4846,Álvaro,Gómez Domínguez,alvaro.gomez3@icloud.com,España,Madrid,32,Otro/NA
4847,Sofía,Torres Álvarez,sofia.torres2@yahoo.com,Argentina,Buenos Aires,41,M
4848,David,Romero Torres,david.romero1@live.com,España,Sevilla,27,F
4849,Raquel,Álvarez Romero,raquel.alvarez2@icloud.com,Reino Unido,Londres,18,M
4850,Raquel,Domínguez Jiménez,raquel.dominguez3@live.com,España,Barcelona,30,F
4851,Pablo,Gil Pérez,pablo.gil3@live.com,Argentina,Córdoba,35,F
4852,Sofía,Álvarez Hernández,sofia.alvarez4@outlook.com,España,Bilbao,32,F
4853,Lucía,Pérez García,lucia.perez1@icloud.com,Reino Unido,Londres,23,Otro/NA
4854,Cristina,Torres López,cristina.torres4@outlook.com,España,Madrid,18,M
4855,Marta,García Ruiz,marta.garcia1@live.com,Italia,Milán,29,F
4856,Raquel,Muñoz Vázquez,raquel.munoz2@hotmail.com,España,Barcelona,43,M
4857,Javier,Álvarez Hernández,javier.alvarez@outlook.com,España,Bilbao,47,F
4858,Cristina,López Fernández,cristina.lopez3@icloud.com,Argentina,Córdoba,46,M
4859,Raquel,Hernández Gil,raquel.hernandez2@outlook.com,Argentina,Buenos Aires,26,F
4860,Pablo,Gil Gil,pablo.gil4@live.com,México,CDMX,23,F
4861,Pablo,Vázquez López,pablo.vazquez4@icloud.com,Italia,Roma,39,M
4862,Diego,Pérez Martínez,diego.perez1@icloud.com,Reino Unido,Manchester,41,M
4863,Diego,Vázquez Álvarez,diego.vazquez@icloud.com,España,Barcelona,39,M
4864,Andrés,Gómez Pérez,andres.gomez1@live.com,España,Barcelona,18,F
4865,María,Ruiz Pérez,maria.ruiz1@gmail.com,España,Madrid,26,M
4866,Cristina,Muñoz Torres,cristina.munoz2@live.com,Italia,Roma,34,F
4867,Ana,Romero Gómez,ana.romero2@gmail.com,España,Barcelona,39,F
4868,Patricia,Hernández Díaz,patricia.hernandez6@outlook.com,España,Bilbao,42,F
4869,David,Romero Muñoz,david.romero@outlook.com,Italia,Milán,36,F
4870,Javier,Hernández Gómez,javier.hernandez2@yahoo.com,Reino Unido,Londres,38,M
4871,Lucía,Muñoz Álvarez,lucia.munoz1@live.com,España,Bilbao,35,F
4872,Cristina,Vázquez Muñoz,cristina.vazquez1@icloud.com,España,Sevilla,41,F
4873,Marta,Gil Ramos,marta.gil1@icloud.com,España,Madrid,38,Otro/NA
4874,Laura,Torres Fernández,laura.torres@yahoo.com,España,Sevilla,35,F
4875,Ana,López Díaz,ana.lopez3@gmail.com,España,Sevilla,32,F
4876,David,Jiménez Moreno,david.jimenez2@live.com,Portugal,Lisboa,35,M
4877,David,Pérez López,david.perez1@live.com,Italia,Roma,39,F
4878,Pablo,Torres Díaz,pablo.torres@yahoo.com,Portugal,Lisboa,37,F
4879,Andrés,Fernández Ruiz,andres.fernandez2@gmail.com,España,Madrid,38,F
4880,Carlos,Pérez Pérez,carlos.perez2@outlook.com,México,Guadalajara,48,F
4881,Javier,Fernández Muñoz,javier.fernandez3@hotmail.com,España,Valencia,37,M
4882,Alberto,García Sánchez,alberto.garcia3@hotmail.com,Francia,Marsella,28,Otro/NA
4883,Elena,García Ramos,elena.garcia1@icloud.com,Reino Unido,Manchester,43,Otro/NA
4884,Carlos,Domínguez Pérez,carlos.dominguez@yahoo.com,España,Sevilla,21,M
4885,Diego,Moreno Fernández,diego.moreno3@yahoo.com,España,Madrid,24,F
4886,Diego,Torres Romero,diego.torres1@yahoo.com,México,Guadalajara,38,M
4887,Diego,Muñoz Pérez,diego.munoz@yahoo.com,España,Madrid,40,F
4888,Laura,Álvarez Ruiz,laura.alvarez2@hotmail.com,Portugal,Lisboa,22,M
4889,Sofía,Muñoz Jiménez,sofia.munoz4@icloud.com,España,Bilbao,31,Otro/NA
4890,David,Moreno García,david.moreno3@live.com,Portugal,Lisboa,28,M
4891,Alberto,Muñoz Sánchez,alberto.munoz4@hotmail.com,España,Sevilla,30,F
4892,María,Torres Domínguez,maria.torres1@gmail.com,España,Madrid,44,M
4893,Javier,Hernández Hernández,javier.hernandez5@icloud.com,Italia,Milán,42,M
4894,Juan,Ramos Domínguez,juan.ramos@yahoo.com,España,Valencia,34,F
4895,Ana,López Sánchez,ana.lopez1@outlook.com,España,Valencia,29,M
4896,Sofía,Álvarez Gil,sofia.alvarez1@yahoo.com,España,Barcelona,21,F
4897,Sofía,Martínez Torres,sofia.martinez3@gmail.com,España,Sevilla,49,Otro/NA
4898,David,Sánchez Díaz,david.sanchez2@icloud.com,España,Madrid,40,F
4899,Ana,Muñoz Romero,ana.munoz1@gmail.com,España,Barcelona,27,F
4900,Cristina,Ramos Hernández,cristina.ramos4@live.com,Argentina,Buenos Aires,42,M
4901,Juan,Gómez Sánchez,juan.gomez2@live.com,España,Valencia,34,M
4902,Sofía,Fernández Vázquez,sofia.fernandez1@live.com,Alemania,Múnich,32,F
4903,Ana,Álvarez Gil,ana.alvarez3@yahoo.com,España,Barcelona,39,M
4904,Juan,Ruiz Romero,juan.ruiz@yahoo.com,España,Barcelona,27,F
4905,David,Moreno Pérez,david.moreno3@icloud.com,Argentina,Córdoba,31,M
4906,Marta,Domínguez López,marta.dominguez2@icloud.com,España,Barcelona,36,F
4907,David,Torres Jiménez,david.torres3@yahoo.com,Argentina,Buenos Aires,30,M
4908,Cristina,Moreno Ruiz,cristina.moreno@yahoo.com,España,Sevilla,41,F
4909,Raquel,Martínez Martínez,raquel.martinez3@icloud.com,Reino Unido,Londres,53,M
4910,Andrés,Muñoz Muñoz,andres.munoz3@hotmail.com,Alemania,Berlín,27,M
4911,Sofía,Álvarez Ruiz,sofia.alvarez2@icloud.com,México,Guadalajara,18,F
4912,María,Díaz Sánchez,maria.diaz2@icloud.com,Alemania,Berlín,18,M
4913,Sergio,Díaz Romero,sergio.diaz1@yahoo.com,Alemania,Berlín,33,F
4914,Lucía,Torres Álvarez,lucia.torres5@icloud.com,España,Bilbao,28,F
4915,Laura,Martínez Ramos,laura.martinez2@yahoo.com,España,Valencia,37,M
4916,Patricia,Moreno Gómez,patricia.moreno2@live.com,Argentina,Buenos Aires,36,F
4917,Andrés,García Torres,andres.garcia4@hotmail.com,España,Barcelona,18,M
4918,Diego,Pérez Hernández,diego.perez3@hotmail.com,España,Madrid,18,F
4919,Diego,Ruiz Díaz,diego.ruiz1@outlook.com,Reino Unido,Manchester,37,F
4920,David,Gil Domínguez,david.gil@icloud.com,España,Valencia,36,F
4921,Javier,Romero Sánchez,javier.romero2@icloud.com,Argentina,Rosario,30,M
4922,Alberto,Pérez López,alberto.perez4@hotmail.com,Reino Unido,Manchester,18,M
4923,Andrés,Ruiz Gil,andres.ruiz1@yahoo.com,Italia,Milán,39,F
4924,Ana,Díaz Gil,ana.diaz1@live.com,México,CDMX,47,M
4925,Sofía,Gil Moreno,sofia.gil4@gmail.com,España,Sevilla,37,M
4926,David,Ramos Díaz,david.ramos2@live.com,España,Bilbao,26,F
4927,Andrés,Gómez Torres,andres.gomez2@icloud.com,Francia,París,35,F
4928,Cristina,García Álvarez,cristina.garcia1@outlook.com,España,Barcelona,21,M
4929,Marta,Sánchez Álvarez,marta.sanchez3@live.com,Reino Unido,Londres,45,M
4930,David,López Martínez,david.lopez@icloud.com,Argentina,Córdoba,35,M
4931,Elena,Muñoz Sánchez,elena.munoz3@gmail.com,Francia,Marsella,18,M
4932,Patricia,Muñoz Ruiz,patricia.munoz@yahoo.com,España,Valencia,31,M
4933,Andrés,Ramos Ruiz,andres.ramos1@live.com,Argentina,Córdoba,39,M
4934,Sofía,López Ruiz,sofia.lopez2@hotmail.com,Francia,París,31,Otro/NA
4935,Lucía,Domínguez Domínguez,lucia.dominguez1@live.com,Alemania,Berlín,32,F
4936,Javier,Fernández Jiménez,javier.fernandez3@live.com,España,Barcelona,22,M
4937,Raquel,Álvarez Álvarez,raquel.alvarez3@hotmail.com,México,Guadalajara,40,M
4938,Raquel,Gómez Ruiz,raquel.gomez2@outlook.com,Italia,Milán,28,F
4939,Ana,Álvarez Moreno,ana.alvarez2@gmail.com,Reino Unido,Londres,18,M
4940,Carlos,Ruiz López,carlos.ruiz@live.com,Reino Unido,Manchester,31,F
4941,María,Hernández García,maria.hernandez@outlook.com,España,Bilbao,44,F
4942,Laura,Domínguez Sánchez,laura.dominguez1@gmail.com,Francia,Lyon,31,F
4943,Cristina,Vázquez Torres,cristina.vazquez@live.com,México,Monterrey,52,M
4944,Cristina,Muñoz Díaz,cristina.munoz4@outlook.com,España,Bilbao,39,F
4945,Alberto,Ramos Ramos,alberto.ramos1@yahoo.com,Reino Unido,Londres,38,F
4946,Ana,Hernández Torres,ana.hernandez3@yahoo.com,Argentina,Rosario,33,F
4947,Andrés,Álvarez Díaz,andres.alvarez1@live.com,Italia,Roma,34,F
4948,Carlos,López Ramos,carlos.lopez2@icloud.com,Reino Unido,Manchester,32,M
4949,David,Sánchez Álvarez,david.sanchez6@outlook.com,Reino Unido,Manchester,31,M
4950,Diego,Ramos Ruiz,diego.ramos@live.com,México,Monterrey,40,F
4951,Andrés,Moreno Sánchez,andres.moreno1@yahoo.com,España,Valencia,25,F
4952,Andrés,Pérez Torres,andres.perez2@icloud.com,España,Bilbao,24,F
4953,Juan,Ruiz Vázquez,juan.ruiz4@gmail.com,Francia,Marsella,23,F
4954,Álvaro,Fernández Gil,alvaro.fernandez2@gmail.com,Portugal,Oporto,55,M
4955,Cristina,Muñoz Ramos,cristina.munoz3@live.com,Francia,París,40,M
4956,Carlos,Hernández Muñoz,carlos.hernandez5@gmail.com,Reino Unido,Manchester,38,F
4957,Lucía,García Gil,lucia.garcia3@hotmail.com,España,Madrid,24,M
4958,Diego,Gómez Domínguez,diego.gomez2@outlook.com,Italia,Roma,41,F
4959,Ana,Torres Muñoz,ana.torres5@icloud.com,España,Madrid,33,M
4960,Andrés,García Martínez,andres.garcia5@hotmail.com,Reino Unido,Londres,37,F
4961,Álvaro,Sánchez Gil,alvaro.sanchez1@live.com,Alemania,Hamburgo,25,F
4962,María,López Sánchez,maria.lopez1@outlook.com,España,Madrid,36,M
4963,Alberto,Álvarez Ramos,alberto.alvarez1@outlook.com,España,Valencia,30,M
4964,Cristina,Domínguez Sánchez,cristina.dominguez1@outlook.com,Reino Unido,Londres,27,F
4965,Alberto,Álvarez Ramos,alberto.alvarez2@outlook.com,Alemania,Berlín,42,Otro/NA
4966,Pablo,Hernández Sánchez,pablo.hernandez2@hotmail.com,España,Sevilla,19,F
4967,Juan,Álvarez Sánchez,juan.alvarez1@icloud.com,Argentina,Rosario,40,M
4968,Cristina,Gómez Díaz,cristina.gomez2@yahoo.com,Portugal,Oporto,41,M
4969,Alberto,Gómez Moreno,alberto.gomez2@yahoo.com,Argentina,Rosario,26,M
4970,Javier,Moreno Ramos,javier.moreno2@icloud.com,Francia,Lyon,26,M
4971,Diego,Gómez Gil,diego.gomez3@yahoo.com,Francia,Marsella,32,F
4972,Raquel,Pérez Álvarez,raquel.perez5@hotmail.com,México,Monterrey,37,F
4973,Pablo,Fernández Muñoz,pablo.fernandez2@hotmail.com,Alemania,Hamburgo,33,M
4974,Sofía,Torres Martínez,sofia.torres@outlook.com,Portugal,Oporto,39,M
4975,Sofía,Gómez Moreno,sofia.gomez2@icloud.com,España,Valencia,52,M
4976,Carlos,Domínguez Romero,carlos.dominguez@outlook.com,Francia,Lyon,29,F
4977,Alberto,Sánchez Romero,alberto.sanchez1@hotmail.com,España,Bilbao,18,F
4978,Ana,Romero Ramos,ana.romero3@live.com,España,Sevilla,43,F
4979,Marta,Ramos Domínguez,marta.ramos1@hotmail.com,España,Bilbao,51,M
4980,Diego,Fernández Martínez,diego.fernandez6@live.com,España,Sevilla,38,F
4981,Javier,Gómez Muñoz,javier.gomez1@hotmail.com,Argentina,Buenos Aires,24,M
4982,Lucía,Fernández Álvarez,lucia.fernandez@live.com,España,Barcelona,33,M
4983,Sergio,Martínez García,sergio.martinez3@icloud.com,Portugal,Oporto,23,F
4984,Andrés,Gómez Fernández,andres.gomez2@live.com,México,Guadalajara,41,F
4985,Álvaro,Fernández Ramos,alvaro.fernandez3@icloud.com,Alemania,Berlín,21,M
4986,Alberto,Ruiz Gómez,alberto.ruiz2@outlook.com,España,Madrid,31,M
4987,Marta,Álvarez García,marta.alvarez2@yahoo.com,Reino Unido,Manchester,24,M
4988,Laura,Romero Jiménez,laura.romero3@hotmail.com,Italia,Milán,36,M
4989,María,Gil Sánchez,maria.gil2@hotmail.com,Reino Unido,Manchester,31,F
4990,María,Sánchez Hernández,maria.sanchez1@icloud.com,Reino Unido,Manchester,36,F
4991,Sofía,Gómez Álvarez,sofia.gomez3@icloud.com,Argentina,Buenos Aires,35,M
4992,Cristina,López García,cristina.lopez1@gmail.com,Italia,Nápoles,25,M
4993,Carlos,Hernández Romero,carlos.hernandez@outlook.com,España,Barcelona,41,M
4994,Cristina,López Ruiz,cristina.lopez@yahoo.com,Portugal,Oporto,34,F
4995,María,Muñoz Moreno,maria.munoz2@hotmail.com,España,Bilbao,25,M
4996,Raquel,Sánchez Moreno,raquel.sanchez@outlook.com,México,CDMX,57,F
4997,Laura,Ruiz Moreno,laura.ruiz2@gmail.com,España,Bilbao,39,M
4998,Elena,López Díaz,elena.lopez1@live.com,España,Madrid,33,F
4999,Alberto,Jiménez Ruiz,alberto.jimenez2@live.com,Reino Unido,Londres,49,F
5000,Pablo,García Romero,pablo.garcia@outlook.com,Italia,Milán,53,F
